timestamp,cloud,resource_id,resource_type,cpu_utilization,memory_utilization,storage_utilization,network_in_mb,network_out_mb,cost_usd,status,anomaly_type,anomaly_prediction,anomaly_score,is_anomaly,risk_level,risk_reason,recommendation,optimization_type,optimization_action,estimated_saving_usd
2026-08-01 00:00:00,AWS,aws-ec2-001,EC2,46.52,49.8,60.25,798.76,469.41,0.2145,running,normal,1,0.0928836558474319,0,LOW,No critical resource condition identified,Continue monitoring,MONITOR,No immediate cost optimization action,0.0
2026-08-01 02:00:00,Azure,azure-vm-001,VM,46.19,53.77,57.96,610.43,426.28,0.222,running,normal,1,0.1179545587768177,0,LOW,No critical resource condition identified,Continue monitoring,MONITOR,No immediate cost optimization action,0.0
2026-08-01 04:00:00,GCP,gcp-ce-001,Compute Engine,46.44,61.33,59.43,609.77,470.64,0.1523,running,normal,1,0.0916724300122646,0,LOW,No critical resource condition identified,Continue monitoring,MONITOR,No immediate cost optimization action,0.0
2026-08-01 06:00:00,AWS,aws-rds-001,RDS,43.59,62.53,64.5,404.04,379.1,0.279,running,normal,1,0.1152325818089424,0,LOW,No critical resource condition identified,Continue monitoring,MONITOR,No immediate cost optimization action,0.0
2026-08-01 08:00:00,Azure,azure-sql-001,SQL Database,37.45,61.27,66.67,474.67,290.36,0.2744,running,normal,1,0.1197346962883122,0,LOW,No critical resource condition identified,Continue monitoring,MONITOR,No immediate cost optimization action,0.0
2026-08-01 10:00:00,GCP,gcp-sql-001,Cloud SQL,50.69,61.26,63.55,395.07,291.49,0.2133,running,normal,1,0.1066884301560019,0,LOW,No critical resource condition identified,Continue monitoring,MONITOR,No immediate cost optimization action,0.0
2026-08-01 12:00:00,AWS,aws-ebs-001,EBS,12.14,16.64,47.68,131.71,95.47,0.0799,attached,normal,1,0.0662487928865832,0,LOW,No critical resource condition identified,Continue monitoring,MONITOR,No immediate cost optimization action,0.0
2026-08-01 14:00:00,Azure,azure-disk-001,Managed Disk,6.97,23.7,48.18,124.18,87.55,0.0699,attached,normal,1,0.0798567741950528,0,LOW,No critical resource condition identified,Continue monitoring,MONITOR,No immediate cost optimization action,0.0
2026-08-01 16:00:00,GCP,gcp-disk-001,Persistent Disk,17.3,22.23,52.24,121.22,104.82,0.0735,attached,normal,1,0.1120602137960952,0,LOW,No critical resource condition identified,Continue monitoring,MONITOR,No immediate cost optimization action,0.0
2026-08-01 18:00:00,AWS,aws-ec2-002,EC2,42.51,56.45,56.72,632.92,383.5,0.1602,running,normal,1,0.0805901625329285,0,LOW,No critical resource condition identified,Continue monitoring,MONITOR,No immediate cost optimization action,0.0
2026-08-01 20:00:00,Azure,azure-vm-002,VM,45.94,63.21,53.1,664.84,534.45,0.1973,running,normal,1,0.0679817531452582,0,LOW,No critical resource condition identified,Continue monitoring,MONITOR,No immediate cost optimization action,0.0
2026-08-01 22:00:00,GCP,gcp-ce-002,Compute Engine,54.29,62.65,57.12,651.45,414.22,0.1734,running,normal,1,0.0805392389524422,0,LOW,No critical resource condition identified,Continue monitoring,MONITOR,No immediate cost optimization action,0.0
2026-08-02 00:00:00,AWS,aws-rds-002,RDS,36.14,59.34,62.46,483.56,322.74,0.2596,running,normal,1,0.1256466750435325,0,LOW,No critical resource condition identified,Continue monitoring,MONITOR,No immediate cost optimization action,0.0
2026-08-02 02:00:00,Azure,azure-sql-002,SQL Database,40.71,66.03,67.11,429.12,375.74,0.2289,running,normal,1,0.1317741454312292,0,LOW,No critical resource condition identified,Continue monitoring,MONITOR,No immediate cost optimization action,0.0
2026-08-02 04:00:00,GCP,gcp-sql-002,Cloud SQL,41.34,63.56,61.66,482.87,296.73,0.2387,running,normal,1,0.1198380312556399,0,LOW,No critical resource condition identified,Continue monitoring,MONITOR,No immediate cost optimization action,0.0
2026-08-02 06:00:00,AWS,aws-ebs-002,EBS,16.1,24.2,52.37,118.23,79.28,0.0749,attached,normal,1,0.1123654610264651,0,LOW,No critical resource condition identified,Continue monitoring,MONITOR,No immediate cost optimization action,0.0
2026-08-02 08:00:00,Azure,azure-disk-002,Managed Disk,5.35,14.84,46.43,102.05,93.22,0.0805,attached,normal,1,0.0322702109460982,0,MEDIUM,Very low resource utilization,Consider right-sizing the resource,RIGHT_SIZING,Consider reducing resource capacity,0.02415
2026-08-02 10:00:00,GCP,gcp-disk-002,Persistent Disk,12.0,28.67,49.36,133.28,97.26,0.0642,attached,normal,1,0.0799227981861583,0,LOW,No critical resource condition identified,Continue monitoring,MONITOR,No immediate cost optimization action,0.0
2026-08-02 12:00:00,AWS,aws-ec2-003,EC2,48.66,58.95,60.79,518.63,348.72,0.1895,running,normal,1,0.1180480090240556,0,LOW,No critical resource condition identified,Continue monitoring,MONITOR,No immediate cost optimization action,0.0
2026-08-02 14:00:00,Azure,azure-vm-003,VM,50.73,53.65,58.5,644.4,465.8,0.2021,running,normal,1,0.1236193907211855,0,LOW,No critical resource condition identified,Continue monitoring,MONITOR,No immediate cost optimization action,0.0
2026-08-02 16:00:00,GCP,gcp-ce-003,Compute Engine,61.97,59.92,55.23,718.82,407.32,0.1786,running,normal,1,0.0385150526057998,0,LOW,No critical resource condition identified,Continue monitoring,MONITOR,No immediate cost optimization action,0.0
2026-08-02 18:00:00,AWS,aws-rds-003,RDS,49.11,68.7,69.77,369.76,228.6,0.2817,running,normal,1,0.0698727317663727,0,LOW,No critical resource condition identified,Continue monitoring,MONITOR,No immediate cost optimization action,0.0
2026-08-02 20:00:00,Azure,azure-sql-003,SQL Database,43.18,60.21,67.3,435.0,406.04,0.2567,running,normal,1,0.1312064620398887,0,LOW,No critical resource condition identified,Continue monitoring,MONITOR,No immediate cost optimization action,0.0
2026-08-02 22:00:00,GCP,gcp-sql-003,Cloud SQL,46.87,71.46,71.4,646.69,598.27,0.2445,running,normal,1,0.0639132176579092,0,LOW,No critical resource condition identified,Continue monitoring,MONITOR,No immediate cost optimization action,0.0
2026-08-03 00:00:00,AWS,aws-ebs-003,EBS,3.8,24.07,48.16,112.52,81.64,0.06,attached,normal,1,0.0526277787167194,0,LOW,No critical resource condition identified,Continue monitoring,MONITOR,No immediate cost optimization action,0.0
2026-08-03 02:00:00,Azure,azure-disk-003,Managed Disk,19.85,23.57,50.15,101.36,60.15,0.0798,attached,normal,1,0.060239098178739,0,LOW,No critical resource condition identified,Continue monitoring,MONITOR,No immediate cost optimization action,0.0
2026-08-03 04:00:00,GCP,gcp-disk-003,Persistent Disk,14.32,31.68,51.04,137.69,126.18,0.0632,attached,normal,1,0.049123673602371,0,LOW,No critical resource condition identified,Continue monitoring,MONITOR,No immediate cost optimization action,0.0
2026-08-03 06:00:00,AWS,aws-ec2-004,EC2,50.15,58.75,64.79,613.75,535.99,0.173,running,normal,1,0.117410317902054,0,LOW,No critical resource condition identified,Continue monitoring,MONITOR,No immediate cost optimization action,0.0
2026-08-03 08:00:00,Azure,azure-vm-004,VM,59.66,64.43,57.95,695.72,643.14,0.1715,running,normal,1,0.0414359130074046,0,LOW,No critical resource condition identified,Continue monitoring,MONITOR,No immediate cost optimization action,0.0
2026-08-03 10:00:00,GCP,gcp-ce-004,Compute Engine,52.72,56.49,54.6,718.12,610.0,0.2028,running,normal,1,0.0652993760588274,0,LOW,No critical resource condition identified,Continue monitoring,MONITOR,No immediate cost optimization action,0.0
2026-08-03 12:00:00,AWS,aws-rds-004,RDS,45.39,69.7,69.46,464.81,378.66,0.2354,running,normal,1,0.1187617781543491,0,LOW,No critical resource condition identified,Continue monitoring,MONITOR,No immediate cost optimization action,0.0
2026-08-03 14:00:00,Azure,azure-sql-004,SQL Database,48.14,76.06,66.11,367.35,237.45,0.225,running,normal,1,0.0736169296092671,0,LOW,No critical resource condition identified,Continue monitoring,MONITOR,No immediate cost optimization action,0.0
2026-08-03 16:00:00,GCP,gcp-sql-004,Cloud SQL,54.61,67.59,64.43,548.65,493.69,0.2139,running,normal,1,0.1027121398397199,0,LOW,No critical resource condition identified,Continue monitoring,MONITOR,No immediate cost optimization action,0.0
2026-08-03 18:00:00,AWS,aws-ebs-004,EBS,10.43,26.22,49.64,119.91,72.85,0.0598,attached,normal,1,0.0749137733126713,0,LOW,No critical resource condition identified,Continue monitoring,MONITOR,No immediate cost optimization action,0.0
2026-08-03 20:00:00,Azure,azure-disk-004,Managed Disk,21.97,23.45,52.78,83.1,62.53,0.0803,attached,normal,1,0.0558392116648042,0,LOW,No critical resource condition identified,Continue monitoring,MONITOR,No immediate cost optimization action,0.0
2026-08-03 22:00:00,GCP,gcp-disk-004,Persistent Disk,8.86,18.6,49.87,136.49,115.41,0.0608,attached,normal,1,0.0706779869741468,0,MEDIUM,Very low resource utilization,Consider right-sizing the resource,RIGHT_SIZING,Consider reducing resource capacity,0.01824
2026-08-04 00:00:00,AWS,aws-ec2-005,EC2,51.67,61.36,61.55,756.5,705.25,0.171,running,normal,1,0.0642055502042573,0,LOW,No critical resource condition identified,Continue monitoring,MONITOR,No immediate cost optimization action,0.0
2026-08-04 02:00:00,Azure,azure-vm-005,VM,50.37,61.87,59.28,718.54,425.63,0.1699,running,normal,1,0.1035940773016905,0,LOW,No critical resource condition identified,Continue monitoring,MONITOR,No immediate cost optimization action,0.0
2026-08-04 04:00:00,GCP,gcp-ce-005,Compute Engine,54.72,75.56,64.2,610.41,532.12,0.177,running,normal,1,0.0774633922464498,0,LOW,No critical resource condition identified,Continue monitoring,MONITOR,No immediate cost optimization action,0.0
2026-08-04 06:00:00,AWS,aws-rds-005,RDS,42.48,70.52,69.32,400.79,348.17,0.2235,running,normal,1,0.1154601147134471,0,LOW,No critical resource condition identified,Continue monitoring,MONITOR,No immediate cost optimization action,0.0
2026-08-04 08:00:00,Azure,azure-sql-005,SQL Database,44.46,63.66,64.13,390.81,316.86,0.2907,running,normal,1,0.0983212537895111,0,LOW,No critical resource condition identified,Continue monitoring,MONITOR,No immediate cost optimization action,0.0
2026-08-04 10:00:00,GCP,gcp-sql-005,Cloud SQL,37.76,79.64,61.88,375.97,329.58,0.2065,running,normal,1,0.0576441667526999,0,LOW,No critical resource condition identified,Continue monitoring,MONITOR,No immediate cost optimization action,0.0
2026-08-04 12:00:00,AWS,aws-ebs-005,EBS,9.12,20.89,52.07,151.12,101.87,0.063,attached,normal,1,0.0939340861545449,0,LOW,No critical resource condition identified,Continue monitoring,MONITOR,No immediate cost optimization action,0.0
2026-08-04 14:00:00,Azure,azure-disk-005,Managed Disk,18.85,24.84,49.95,117.59,70.11,0.063,attached,normal,1,0.0769984441323949,0,LOW,No critical resource condition identified,Continue monitoring,MONITOR,No immediate cost optimization action,0.0
2026-08-04 16:00:00,GCP,gcp-disk-005,Persistent Disk,13.61,23.76,49.43,128.49,105.65,0.0671,attached,normal,1,0.0966603061134882,0,LOW,No critical resource condition identified,Continue monitoring,MONITOR,No immediate cost optimization action,0.0
2026-08-04 18:00:00,AWS,aws-ec2-006,EC2,52.74,62.68,58.68,624.24,354.19,0.1644,running,normal,1,0.0845012108740735,0,LOW,No critical resource condition identified,Continue monitoring,MONITOR,No immediate cost optimization action,0.0
2026-08-04 20:00:00,Azure,azure-vm-006,VM,64.6,72.74,63.41,740.51,421.87,0.1854,running,normal,1,0.0416020325796052,0,LOW,No critical resource condition identified,Continue monitoring,MONITOR,No immediate cost optimization action,0.0
2026-08-04 22:00:00,GCP,gcp-ce-006,Compute Engine,97.75,96.83,62.28,2888.06,2143.91,0.3984,running,high_cpu_and_traffic,-1,-0.2691991932070985,1,HIGH,High CPU and network traffic,Investigate workload and consider scaling resources,SCALE_UP_REQUIRED,Resource is heavily utilized; scaling may be required,0.0
2026-08-05 00:00:00,AWS,aws-rds-006,RDS,43.67,67.39,65.55,432.99,327.21,0.276,running,normal,1,0.1173184209755157,0,LOW,No critical resource condition identified,Continue monitoring,MONITOR,No immediate cost optimization action,0.0
2026-08-05 02:00:00,Azure,azure-sql-006,SQL Database,30.27,67.61,66.41,469.98,284.76,0.2563,running,normal,1,0.1169712897235891,0,LOW,No critical resource condition identified,Continue monitoring,MONITOR,No immediate cost optimization action,0.0
2026-08-05 04:00:00,GCP,gcp-sql-006,Cloud SQL,44.43,77.36,61.3,508.31,346.16,0.2288,running,normal,1,0.0847031649813933,0,LOW,No critical resource condition identified,Continue monitoring,MONITOR,No immediate cost optimization action,0.0
2026-08-05 06:00:00,AWS,aws-ebs-006,EBS,9.41,20.29,55.18,130.49,96.87,0.0675,attached,normal,1,0.1261326237999651,0,LOW,No critical resource condition identified,Continue monitoring,MONITOR,No immediate cost optimization action,0.0
2026-08-05 08:00:00,Azure,azure-disk-006,Managed Disk,16.81,30.57,52.62,134.9,102.94,0.0788,attached,normal,1,0.0871303941075977,0,LOW,No critical resource condition identified,Continue monitoring,MONITOR,No immediate cost optimization action,0.0
2026-08-05 10:00:00,GCP,gcp-disk-006,Persistent Disk,11.07,26.69,47.79,134.08,119.91,0.0609,attached,normal,1,0.0476412638680666,0,LOW,No critical resource condition identified,Continue monitoring,MONITOR,No immediate cost optimization action,0.0
2026-08-05 12:00:00,AWS,aws-ec2-007,EC2,52.27,64.46,64.27,776.73,717.99,0.1617,running,normal,1,0.0393026582695279,0,LOW,No critical resource condition identified,Continue monitoring,MONITOR,No immediate cost optimization action,0.0
2026-08-05 14:00:00,Azure,azure-vm-007,VM,40.0,57.86,63.36,766.94,665.74,0.2232,running,normal,1,0.0780610433107044,0,LOW,No critical resource condition identified,Continue monitoring,MONITOR,No immediate cost optimization action,0.0
2026-08-05 16:00:00,GCP,gcp-ce-007,Compute Engine,45.47,54.11,56.83,732.76,568.61,0.1834,running,normal,1,0.0929076769116816,0,LOW,No critical resource condition identified,Continue monitoring,MONITOR,No immediate cost optimization action,0.0
2026-08-05 18:00:00,AWS,aws-rds-007,RDS,28.84,69.52,66.24,477.94,356.95,0.2544,running,normal,1,0.1171392137772848,0,LOW,No critical resource condition identified,Continue monitoring,MONITOR,No immediate cost optimization action,0.0
2026-08-05 20:00:00,Azure,azure-sql-007,SQL Database,36.96,70.82,61.3,549.63,446.93,0.2511,running,normal,1,0.1005843571585132,0,LOW,No critical resource condition identified,Continue monitoring,MONITOR,No immediate cost optimization action,0.0
2026-08-05 22:00:00,GCP,gcp-sql-007,Cloud SQL,36.67,71.79,69.27,465.72,398.2,0.2199,running,normal,1,0.1128533678175239,0,LOW,No critical resource condition identified,Continue monitoring,MONITOR,No immediate cost optimization action,0.0
2026-08-06 00:00:00,AWS,aws-ebs-007,EBS,9.71,20.1,51.04,126.9,117.31,0.0702,attached,normal,1,0.0943642760816561,0,LOW,No critical resource condition identified,Continue monitoring,MONITOR,No immediate cost optimization action,0.0
2026-08-06 02:00:00,Azure,azure-disk-007,Managed Disk,13.31,28.11,49.29,105.2,90.69,0.0748,attached,normal,1,0.0812914193309259,0,LOW,No critical resource condition identified,Continue monitoring,MONITOR,No immediate cost optimization action,0.0
2026-08-06 04:00:00,GCP,gcp-disk-007,Persistent Disk,13.9,27.21,54.12,135.15,80.74,0.0779,attached,normal,1,0.1110447365517477,0,LOW,No critical resource condition identified,Continue monitoring,MONITOR,No immediate cost optimization action,0.0
2026-08-06 06:00:00,AWS,aws-ec2-008,EC2,40.47,48.12,63.76,651.94,361.78,0.1816,running,normal,1,0.1107931312466265,0,LOW,No critical resource condition identified,Continue monitoring,MONITOR,No immediate cost optimization action,0.0
2026-08-06 08:00:00,Azure,azure-vm-008,VM,32.97,51.55,54.16,616.62,413.61,0.2214,running,normal,1,0.0791668241484626,0,LOW,No critical resource condition identified,Continue monitoring,MONITOR,No immediate cost optimization action,0.0
2026-08-06 10:00:00,GCP,gcp-ce-008,Compute Engine,41.86,50.42,52.04,705.71,468.28,0.1996,running,normal,1,0.0576138862891912,0,LOW,No critical resource condition identified,Continue monitoring,MONITOR,No immediate cost optimization action,0.0
2026-08-06 12:00:00,AWS,aws-rds-008,RDS,40.25,67.19,68.47,465.47,261.41,0.2242,running,normal,1,0.1148177126320775,0,LOW,No critical resource condition identified,Continue monitoring,MONITOR,No immediate cost optimization action,0.0
2026-08-06 14:00:00,Azure,azure-sql-008,SQL Database,35.45,67.28,68.67,423.42,344.03,0.2174,running,normal,1,0.1224400000311059,0,LOW,No critical resource condition identified,Continue monitoring,MONITOR,No immediate cost optimization action,0.0
2026-08-06 16:00:00,GCP,gcp-sql-008,Cloud SQL,35.37,70.23,60.24,362.49,233.96,0.2671,running,normal,1,0.061837741611965,0,LOW,No critical resource condition identified,Continue monitoring,MONITOR,No immediate cost optimization action,0.0
2026-08-06 18:00:00,AWS,aws-ebs-008,EBS,9.73,23.32,50.87,123.56,102.46,0.08,attached,normal,1,0.0991145148383957,0,LOW,No critical resource condition identified,Continue monitoring,MONITOR,No immediate cost optimization action,0.0
2026-08-06 20:00:00,Azure,azure-disk-008,Managed Disk,12.66,26.2,52.03,104.93,64.22,0.0814,attached,normal,1,0.0878341719283511,0,LOW,No critical resource condition identified,Continue monitoring,MONITOR,No immediate cost optimization action,0.0
2026-08-06 22:00:00,GCP,gcp-disk-008,Persistent Disk,8.45,17.5,54.19,150.97,119.97,0.059,attached,normal,1,0.0697373152062809,0,MEDIUM,Very low resource utilization,Consider right-sizing the resource,RIGHT_SIZING,Consider reducing resource capacity,0.017699999999999997
2026-08-07 00:00:00,AWS,aws-ec2-009,EC2,2.92,14.8,58.69,507.75,314.43,0.1588,running,underutilized,-1,-0.0190585009188704,1,MEDIUM,Resource has very low CPU and memory utilization,Consider right-sizing or reducing allocated capacity,RIGHT_SIZING,Consider reducing resource capacity,0.047639999999999995
2026-08-07 02:00:00,Azure,azure-vm-009,VM,33.81,56.88,58.53,734.51,446.62,0.2232,running,normal,1,0.0983617938082129,0,LOW,No critical resource condition identified,Continue monitoring,MONITOR,No immediate cost optimization action,0.0
2026-08-07 04:00:00,GCP,gcp-ce-009,Compute Engine,35.04,47.01,62.31,665.19,616.13,0.1575,running,normal,1,0.0828724569658811,0,LOW,No critical resource condition identified,Continue monitoring,MONITOR,No immediate cost optimization action,0.0
2026-08-07 06:00:00,AWS,aws-rds-009,RDS,32.77,66.23,72.2,590.2,356.26,0.2274,running,normal,1,0.1177428863510406,0,LOW,No critical resource condition identified,Continue monitoring,MONITOR,No immediate cost optimization action,0.0
2026-08-07 08:00:00,Azure,azure-sql-009,SQL Database,38.49,60.02,67.37,448.25,320.38,0.2503,running,normal,1,0.1372722799427445,0,LOW,No critical resource condition identified,Continue monitoring,MONITOR,No immediate cost optimization action,0.0
2026-08-07 10:00:00,GCP,gcp-sql-009,Cloud SQL,24.85,53.64,63.03,419.04,300.6,0.2365,running,normal,1,0.1087593459567903,0,LOW,No critical resource condition identified,Continue monitoring,MONITOR,No immediate cost optimization action,0.0
2026-08-07 12:00:00,AWS,aws-ebs-009,EBS,17.59,13.56,52.99,112.67,91.17,0.0755,attached,normal,1,0.1063591195871109,0,LOW,No critical resource condition identified,Continue monitoring,MONITOR,No immediate cost optimization action,0.0
2026-08-07 14:00:00,Azure,azure-disk-009,Managed Disk,15.04,16.56,55.17,99.45,79.6,0.0718,attached,normal,1,0.114062268872309,0,LOW,No critical resource condition identified,Continue monitoring,MONITOR,No immediate cost optimization action,0.0
2026-08-07 16:00:00,GCP,gcp-disk-009,Persistent Disk,12.94,25.31,52.27,130.45,98.03,0.0701,attached,normal,1,0.1156548653277413,0,LOW,No critical resource condition identified,Continue monitoring,MONITOR,No immediate cost optimization action,0.0
2026-08-07 18:00:00,AWS,aws-ec2-010,EC2,31.33,54.18,56.66,769.89,682.73,0.1565,running,normal,1,0.0132612218500164,0,LOW,No critical resource condition identified,Continue monitoring,MONITOR,No immediate cost optimization action,0.0
2026-08-07 20:00:00,Azure,azure-vm-010,VM,33.69,53.98,58.3,798.23,676.16,0.1616,running,normal,1,0.0430928639621062,0,LOW,No critical resource condition identified,Continue monitoring,MONITOR,No immediate cost optimization action,0.0
2026-08-07 22:00:00,GCP,gcp-ce-010,Compute Engine,25.1,43.92,63.34,793.99,627.52,0.1557,running,normal,1,0.0282942616256094,0,LOW,No critical resource condition identified,Continue monitoring,MONITOR,No immediate cost optimization action,0.0
2026-08-08 00:00:00,AWS,aws-rds-010,RDS,16.2,59.5,73.77,479.35,323.27,0.2618,running,normal,1,0.0753729365956027,0,LOW,No critical resource condition identified,Continue monitoring,MONITOR,No immediate cost optimization action,0.0
2026-08-08 02:00:00,Azure,azure-sql-010,SQL Database,23.04,60.47,66.83,444.19,281.45,0.2605,running,normal,1,0.1042536084701927,0,LOW,No critical resource condition identified,Continue monitoring,MONITOR,No immediate cost optimization action,0.0
2026-08-08 04:00:00,GCP,gcp-sql-010,Cloud SQL,34.01,58.25,69.24,559.95,432.5,0.2662,running,normal,1,0.1203219846945324,0,LOW,No critical resource condition identified,Continue monitoring,MONITOR,No immediate cost optimization action,0.0
2026-08-08 06:00:00,AWS,aws-ebs-010,EBS,17.68,16.52,56.39,112.03,65.21,0.078,attached,normal,1,0.0990237225616949,0,LOW,No critical resource condition identified,Continue monitoring,MONITOR,No immediate cost optimization action,0.0
2026-08-08 08:00:00,Azure,azure-disk-010,Managed Disk,12.18,25.22,51.11,103.06,94.08,0.0636,attached,normal,1,0.1021774461761177,0,LOW,No critical resource condition identified,Continue monitoring,MONITOR,No immediate cost optimization action,0.0
2026-08-08 10:00:00,GCP,gcp-disk-010,Persistent Disk,2.95,20.52,50.61,140.66,105.12,0.0597,attached,normal,1,0.0604723860301651,0,LOW,No critical resource condition identified,Continue monitoring,MONITOR,No immediate cost optimization action,0.0
2026-08-08 12:00:00,AWS,aws-ec2-011,EC2,26.98,45.29,60.09,681.18,557.26,0.2011,running,normal,1,0.0832153709818639,0,LOW,No critical resource condition identified,Continue monitoring,MONITOR,No immediate cost optimization action,0.0
2026-08-08 14:00:00,Azure,azure-vm-011,VM,36.6,44.14,61.49,769.58,683.23,0.1926,running,normal,1,0.0537565645125117,0,LOW,No critical resource condition identified,Continue monitoring,MONITOR,No immediate cost optimization action,0.0
2026-08-08 16:00:00,GCP,gcp-ce-011,Compute Engine,37.27,59.12,59.12,667.76,524.09,0.2004,running,normal,1,0.1155634482351266,0,LOW,No critical resource condition identified,Continue monitoring,MONITOR,No immediate cost optimization action,0.0
2026-08-08 18:00:00,AWS,aws-rds-011,RDS,23.79,55.47,66.46,472.56,379.15,0.2189,running,normal,1,0.1138751591203693,0,LOW,No critical resource condition identified,Continue monitoring,MONITOR,No immediate cost optimization action,0.0
2026-08-08 20:00:00,Azure,azure-sql-011,SQL Database,34.5,63.36,66.21,405.93,296.04,0.2413,running,normal,1,0.1293853053992638,0,LOW,No critical resource condition identified,Continue monitoring,MONITOR,No immediate cost optimization action,0.0
2026-08-08 22:00:00,GCP,gcp-sql-011,Cloud SQL,22.77,59.08,67.5,389.27,312.78,0.2779,running,normal,1,0.0942645001042004,0,LOW,No critical resource condition identified,Continue monitoring,MONITOR,No immediate cost optimization action,0.0
2026-08-09 00:00:00,AWS,aws-ebs-011,EBS,16.75,23.27,51.64,126.54,106.08,0.0831,attached,normal,1,0.0952160480054901,0,LOW,No critical resource condition identified,Continue monitoring,MONITOR,No immediate cost optimization action,0.0
2026-08-09 02:00:00,Azure,azure-disk-011,Managed Disk,8.51,11.65,54.57,155.95,113.23,0.0767,attached,normal,1,0.0678197323351346,0,MEDIUM,Very low resource utilization,Consider right-sizing the resource,RIGHT_SIZING,Consider reducing resource capacity,0.02301
2026-08-09 04:00:00,GCP,gcp-disk-011,Persistent Disk,11.07,25.06,48.78,124.48,105.0,0.0755,attached,normal,1,0.0908106058485159,0,LOW,No critical resource condition identified,Continue monitoring,MONITOR,No immediate cost optimization action,0.0
2026-08-09 06:00:00,AWS,aws-ec2-012,EC2,35.83,39.4,55.64,655.52,488.94,0.2151,running,normal,1,0.0535941642970623,0,LOW,No critical resource condition identified,Continue monitoring,MONITOR,No immediate cost optimization action,0.0
2026-08-09 08:00:00,Azure,azure-vm-012,VM,39.56,38.65,61.05,639.36,373.34,0.1974,running,normal,1,0.0808745045572391,0,LOW,No critical resource condition identified,Continue monitoring,MONITOR,No immediate cost optimization action,0.0
2026-08-09 10:00:00,GCP,gcp-ce-012,Compute Engine,35.59,50.11,61.8,747.05,522.25,0.1514,running,normal,1,0.085832535695574,0,LOW,No critical resource condition identified,Continue monitoring,MONITOR,No immediate cost optimization action,0.0
2026-08-09 12:00:00,AWS,aws-rds-012,RDS,25.42,59.02,62.56,480.13,430.28,0.2661,running,normal,1,0.1044593802755372,0,LOW,No critical resource condition identified,Continue monitoring,MONITOR,No immediate cost optimization action,0.0
2026-08-09 14:00:00,Azure,azure-sql-012,SQL Database,0.51,1.35,65.01,547.95,489.46,0.3952,stopped,stopped_with_cost,-1,-0.1124890522069467,1,HIGH,Resource is stopped but still generating cost,Investigate billing and remove or right-size unused resources,STOPPED_RESOURCE,Investigate termination or cleanup,0.3952
2026-08-09 16:00:00,GCP,gcp-sql-012,Cloud SQL,28.27,55.38,70.96,379.76,338.41,0.2262,running,normal,1,0.1130354349176444,0,LOW,No critical resource condition identified,Continue monitoring,MONITOR,No immediate cost optimization action,0.0
2026-08-09 18:00:00,AWS,aws-ebs-012,EBS,22.13,15.1,46.81,114.41,75.5,0.0812,attached,normal,1,0.0287565051709299,0,LOW,No critical resource condition identified,Continue monitoring,MONITOR,No immediate cost optimization action,0.0
2026-08-09 20:00:00,Azure,azure-disk-012,Managed Disk,3.76,20.06,54.22,93.1,81.27,0.0882,attached,normal,1,0.0756495175266923,0,LOW,No critical resource condition identified,Continue monitoring,MONITOR,No immediate cost optimization action,0.0
2026-08-09 22:00:00,GCP,gcp-disk-012,Persistent Disk,10.14,15.53,52.25,131.07,124.39,0.0744,attached,normal,1,0.087722036700491,0,LOW,No critical resource condition identified,Continue monitoring,MONITOR,No immediate cost optimization action,0.0
2026-08-10 00:00:00,AWS,aws-ec2-013,EC2,33.55,47.82,58.45,894.02,539.76,0.176,running,normal,1,0.0568535219948102,0,LOW,No critical resource condition identified,Continue monitoring,MONITOR,No immediate cost optimization action,0.0
2026-08-10 02:00:00,Azure,azure-vm-013,VM,37.22,49.94,60.59,608.75,489.32,0.1834,running,normal,1,0.1183580864750114,0,LOW,No critical resource condition identified,Continue monitoring,MONITOR,No immediate cost optimization action,0.0
2026-08-10 04:00:00,GCP,gcp-ce-013,Compute Engine,41.67,38.56,59.6,605.25,401.77,0.2032,running,normal,1,0.0822933600952667,0,LOW,No critical resource condition identified,Continue monitoring,MONITOR,No immediate cost optimization action,0.0
2026-08-10 06:00:00,AWS,aws-rds-013,RDS,24.12,48.15,68.44,414.72,351.23,0.2536,running,normal,1,0.103701764920653,0,LOW,No critical resource condition identified,Continue monitoring,MONITOR,No immediate cost optimization action,0.0
2026-08-10 08:00:00,Azure,azure-sql-013,SQL Database,34.31,52.52,63.07,506.42,310.02,0.2913,running,normal,1,0.0960731228179715,0,LOW,No critical resource condition identified,Continue monitoring,MONITOR,No immediate cost optimization action,0.0
2026-08-10 10:00:00,GCP,gcp-sql-013,Cloud SQL,35.19,58.05,68.2,438.73,318.24,0.2367,running,normal,1,0.1350953885479752,0,LOW,No critical resource condition identified,Continue monitoring,MONITOR,No immediate cost optimization action,0.0
2026-08-10 12:00:00,AWS,aws-ebs-013,EBS,15.29,15.13,51.54,111.38,86.3,0.062,attached,normal,1,0.0998810154969097,0,LOW,No critical resource condition identified,Continue monitoring,MONITOR,No immediate cost optimization action,0.0
2026-08-10 14:00:00,Azure,azure-disk-013,Managed Disk,6.72,15.71,53.82,115.58,65.22,0.0872,attached,normal,1,0.0782207935090519,0,MEDIUM,Very low resource utilization,Consider right-sizing the resource,RIGHT_SIZING,Consider reducing resource capacity,0.02616
2026-08-10 16:00:00,GCP,gcp-disk-013,Persistent Disk,4.87,14.02,45.94,102.65,75.15,0.07,attached,normal,1,0.0211470092577769,0,MEDIUM,Very low resource utilization,Consider right-sizing the resource,RIGHT_SIZING,Consider reducing resource capacity,0.021
2026-08-10 18:00:00,AWS,aws-ec2-014,EC2,52.72,46.33,56.66,694.02,398.51,0.197,running,normal,1,0.082234654704362,0,LOW,No critical resource condition identified,Continue monitoring,MONITOR,No immediate cost optimization action,0.0
2026-08-10 20:00:00,Azure,azure-vm-014,VM,43.14,50.48,59.11,767.99,422.9,0.1681,running,normal,1,0.0950938998501095,0,LOW,No critical resource condition identified,Continue monitoring,MONITOR,No immediate cost optimization action,0.0
2026-08-10 22:00:00,GCP,gcp-ce-014,Compute Engine,43.05,47.78,59.15,572.33,391.04,0.1748,running,normal,1,0.1080018155965057,0,LOW,No critical resource condition identified,Continue monitoring,MONITOR,No immediate cost optimization action,0.0
2026-08-11 00:00:00,AWS,aws-rds-014,RDS,34.01,50.14,66.87,526.14,340.41,0.2443,running,normal,1,0.1234223589308764,0,LOW,No critical resource condition identified,Continue monitoring,MONITOR,No immediate cost optimization action,0.0
2026-08-11 02:00:00,Azure,azure-sql-014,SQL Database,31.54,62.49,68.03,501.79,285.74,0.2548,running,normal,1,0.1236194865415932,0,LOW,No critical resource condition identified,Continue monitoring,MONITOR,No immediate cost optimization action,0.0
2026-08-11 04:00:00,GCP,gcp-sql-014,Cloud SQL,38.78,55.42,68.84,437.33,401.27,0.1986,running,normal,1,0.119132172682761,0,LOW,No critical resource condition identified,Continue monitoring,MONITOR,No immediate cost optimization action,0.0
2026-08-11 06:00:00,AWS,aws-ebs-014,EBS,12.95,22.8,48.22,79.55,51.44,0.0734,attached,normal,1,0.0285519586662507,0,LOW,No critical resource condition identified,Continue monitoring,MONITOR,No immediate cost optimization action,0.0
2026-08-11 08:00:00,Azure,azure-disk-014,Managed Disk,3.99,9.59,53.4,136.76,109.08,0.0667,attached,normal,1,0.055464269096578,0,MEDIUM,Very low resource utilization,Consider right-sizing the resource,RIGHT_SIZING,Consider reducing resource capacity,0.020009999999999997
2026-08-11 10:00:00,GCP,gcp-disk-014,Persistent Disk,7.26,14.56,53.16,114.61,83.87,0.0721,attached,normal,1,0.1070422050014068,0,MEDIUM,Very low resource utilization,Consider right-sizing the resource,RIGHT_SIZING,Consider reducing resource capacity,0.02163
2026-08-11 12:00:00,AWS,aws-ec2-015,EC2,92.73,90.97,57.13,2350.73,1454.19,0.3492,running,high_cpu_and_traffic,-1,-0.2492712406440138,1,HIGH,High CPU and network traffic,Investigate workload and consider scaling resources,SCALE_UP_REQUIRED,Resource is heavily utilized; scaling may be required,0.0
2026-08-11 14:00:00,Azure,azure-vm-015,VM,43.06,49.9,58.24,565.62,471.29,0.2095,running,normal,1,0.1161738888634559,0,LOW,No critical resource condition identified,Continue monitoring,MONITOR,No immediate cost optimization action,0.0
2026-08-11 16:00:00,GCP,gcp-ce-015,Compute Engine,59.16,51.01,63.97,701.27,426.01,0.1908,running,normal,1,0.092167489711797,0,LOW,No critical resource condition identified,Continue monitoring,MONITOR,No immediate cost optimization action,0.0
2026-08-11 18:00:00,AWS,aws-rds-015,RDS,41.31,55.32,63.41,446.54,248.56,0.2874,running,normal,1,0.0864990458012963,0,LOW,No critical resource condition identified,Continue monitoring,MONITOR,No immediate cost optimization action,0.0
2026-08-11 20:00:00,Azure,azure-sql-015,SQL Database,44.19,55.09,68.09,452.98,346.3,0.269,running,normal,1,0.1244223190259831,0,LOW,No critical resource condition identified,Continue monitoring,MONITOR,No immediate cost optimization action,0.0
2026-08-11 22:00:00,GCP,gcp-sql-015,Cloud SQL,39.35,51.34,63.61,484.51,395.09,0.266,running,normal,1,0.1186976064818624,0,LOW,No critical resource condition identified,Continue monitoring,MONITOR,No immediate cost optimization action,0.0
2026-08-12 00:00:00,AWS,aws-ebs-015,EBS,8.86,24.99,56.48,138.47,90.21,0.0745,attached,normal,1,0.1238772837113227,0,LOW,No critical resource condition identified,Continue monitoring,MONITOR,No immediate cost optimization action,0.0
2026-08-12 02:00:00,Azure,azure-disk-015,Managed Disk,4.12,21.87,54.46,143.17,111.21,0.082,attached,normal,1,0.0864339803912196,0,LOW,No critical resource condition identified,Continue monitoring,MONITOR,No immediate cost optimization action,0.0
2026-08-12 04:00:00,GCP,gcp-disk-015,Persistent Disk,3.39,18.7,54.0,116.36,101.05,0.0701,attached,normal,1,0.094455255969955,0,MEDIUM,Very low resource utilization,Consider right-sizing the resource,RIGHT_SIZING,Consider reducing resource capacity,0.021029999999999997
2026-08-12 06:00:00,AWS,aws-ec2-016,EC2,51.86,48.64,60.96,657.79,541.38,0.1624,running,normal,1,0.0992691933333795,0,LOW,No critical resource condition identified,Continue monitoring,MONITOR,No immediate cost optimization action,0.0
2026-08-12 08:00:00,Azure,azure-vm-016,VM,48.86,49.7,64.35,577.98,426.5,0.2092,running,normal,1,0.1290315915506239,0,LOW,No critical resource condition identified,Continue monitoring,MONITOR,No immediate cost optimization action,0.0
2026-08-12 10:00:00,GCP,gcp-ce-016,Compute Engine,54.85,52.59,59.7,827.49,697.12,0.1963,running,normal,1,0.0467735887279567,0,LOW,No critical resource condition identified,Continue monitoring,MONITOR,No immediate cost optimization action,0.0
2026-08-12 12:00:00,AWS,aws-rds-016,RDS,50.43,49.91,66.34,399.18,346.98,0.2124,running,normal,1,0.1032156011590617,0,LOW,No critical resource condition identified,Continue monitoring,MONITOR,No immediate cost optimization action,0.0
2026-08-12 14:00:00,Azure,azure-sql-016,SQL Database,50.09,64.84,66.49,578.59,405.51,0.2776,running,normal,1,0.1118571231801008,0,LOW,No critical resource condition identified,Continue monitoring,MONITOR,No immediate cost optimization action,0.0
2026-08-12 16:00:00,GCP,gcp-sql-016,Cloud SQL,42.79,56.42,68.62,664.57,519.96,0.2312,running,normal,1,0.114679911299963,0,LOW,No critical resource condition identified,Continue monitoring,MONITOR,No immediate cost optimization action,0.0
2026-08-12 18:00:00,AWS,aws-ebs-016,EBS,15.05,19.44,52.06,136.35,95.57,0.0692,attached,normal,1,0.1140101329742903,0,LOW,No critical resource condition identified,Continue monitoring,MONITOR,No immediate cost optimization action,0.0
2026-08-12 20:00:00,Azure,azure-disk-016,Managed Disk,10.37,23.06,54.82,85.13,79.34,0.0687,attached,normal,1,0.1036040657845902,0,LOW,No critical resource condition identified,Continue monitoring,MONITOR,No immediate cost optimization action,0.0
2026-08-12 22:00:00,GCP,gcp-disk-016,Persistent Disk,3.19,21.22,53.83,107.52,67.83,0.0621,attached,normal,1,0.076176387754846,0,LOW,No critical resource condition identified,Continue monitoring,MONITOR,No immediate cost optimization action,0.0
2026-08-13 00:00:00,AWS,aws-ec2-017,EC2,52.86,51.9,60.02,729.28,541.56,0.2134,running,normal,1,0.1042750789223395,0,LOW,No critical resource condition identified,Continue monitoring,MONITOR,No immediate cost optimization action,0.0
2026-08-13 02:00:00,Azure,azure-vm-017,VM,55.11,45.71,54.3,698.71,466.67,0.2112,running,normal,1,0.0561994455776108,0,LOW,No critical resource condition identified,Continue monitoring,MONITOR,No immediate cost optimization action,0.0
2026-08-13 04:00:00,GCP,gcp-ce-017,Compute Engine,54.53,56.64,63.03,583.33,543.2,0.1528,running,normal,1,0.0808024129711268,0,LOW,No critical resource condition identified,Continue monitoring,MONITOR,No immediate cost optimization action,0.0
2026-08-13 06:00:00,AWS,aws-rds-017,RDS,46.45,63.02,66.35,281.14,249.74,0.2558,running,normal,1,0.0743723352030679,0,LOW,No critical resource condition identified,Continue monitoring,MONITOR,No immediate cost optimization action,0.0
2026-08-13 08:00:00,Azure,azure-sql-017,SQL Database,42.4,54.93,67.78,428.96,382.1,0.2657,running,normal,1,0.1253640737918295,0,LOW,No critical resource condition identified,Continue monitoring,MONITOR,No immediate cost optimization action,0.0
2026-08-13 10:00:00,GCP,gcp-sql-017,Cloud SQL,41.04,59.55,63.08,476.3,406.77,0.2608,running,normal,1,0.1309241639763039,0,LOW,No critical resource condition identified,Continue monitoring,MONITOR,No immediate cost optimization action,0.0
2026-08-13 12:00:00,AWS,aws-ebs-017,EBS,19.1,19.16,59.93,115.94,68.42,0.066,attached,normal,1,0.0991342427326011,0,LOW,No critical resource condition identified,Continue monitoring,MONITOR,No immediate cost optimization action,0.0
2026-08-13 14:00:00,Azure,azure-disk-017,Managed Disk,5.9,18.6,54.97,130.0,84.25,0.0807,attached,normal,1,0.1070840365117937,0,MEDIUM,Very low resource utilization,Consider right-sizing the resource,RIGHT_SIZING,Consider reducing resource capacity,0.02421
2026-08-13 16:00:00,GCP,gcp-disk-017,Persistent Disk,17.18,29.63,55.39,144.54,93.65,0.0615,attached,normal,1,0.0887177140751424,0,LOW,No critical resource condition identified,Continue monitoring,MONITOR,No immediate cost optimization action,0.0
2026-08-13 18:00:00,AWS,aws-ec2-018,EC2,48.65,58.48,58.58,682.55,509.35,0.1864,running,normal,1,0.1165606870026814,0,LOW,No critical resource condition identified,Continue monitoring,MONITOR,No immediate cost optimization action,0.0
2026-08-13 20:00:00,Azure,azure-vm-018,VM,54.71,57.05,60.54,700.63,652.22,0.1925,running,normal,1,0.0787034864568029,0,LOW,No critical resource condition identified,Continue monitoring,MONITOR,No immediate cost optimization action,0.0
2026-08-13 22:00:00,GCP,gcp-ce-018,Compute Engine,60.51,60.07,94.59,810.82,377.19,0.1502,running,storage_pressure,-1,-0.0854061698945684,1,HIGH,Storage utilization is critically high,Clean up unused storage or increase storage capacity,STORAGE_OPTIMIZATION,Review storage usage and remove unnecessary data,0.01502
2026-08-14 00:00:00,AWS,aws-rds-018,RDS,47.05,63.04,69.28,531.02,377.12,0.2487,running,normal,1,0.127750624901191,0,LOW,No critical resource condition identified,Continue monitoring,MONITOR,No immediate cost optimization action,0.0
2026-08-14 02:00:00,Azure,azure-sql-018,SQL Database,47.68,44.19,68.97,203.73,150.25,0.2277,running,normal,1,0.000211143765477,0,LOW,No critical resource condition identified,Continue monitoring,MONITOR,No immediate cost optimization action,0.0
2026-08-14 04:00:00,GCP,gcp-sql-018,Cloud SQL,48.38,53.26,65.71,542.51,470.78,0.2486,running,normal,1,0.11741232388599,0,LOW,No critical resource condition identified,Continue monitoring,MONITOR,No immediate cost optimization action,0.0
2026-08-14 06:00:00,AWS,aws-ebs-018,EBS,12.22,24.92,58.83,122.36,88.73,0.0752,attached,normal,1,0.1296264867453804,0,LOW,No critical resource condition identified,Continue monitoring,MONITOR,No immediate cost optimization action,0.0
2026-08-14 08:00:00,Azure,azure-disk-018,Managed Disk,12.17,16.09,53.23,106.64,78.2,0.0658,attached,normal,1,0.1113545064466131,0,LOW,No critical resource condition identified,Continue monitoring,MONITOR,No immediate cost optimization action,0.0
2026-08-14 10:00:00,GCP,gcp-disk-018,Persistent Disk,11.05,22.42,54.69,131.1,88.84,0.075,attached,normal,1,0.1286722912811249,0,LOW,No critical resource condition identified,Continue monitoring,MONITOR,No immediate cost optimization action,0.0
2026-08-14 12:00:00,AWS,aws-ec2-019,EC2,54.64,58.45,56.18,746.6,694.36,0.1746,running,normal,1,0.0311216405850839,0,LOW,No critical resource condition identified,Continue monitoring,MONITOR,No immediate cost optimization action,0.0
2026-08-14 14:00:00,Azure,azure-vm-019,VM,49.76,64.44,61.57,766.36,559.33,0.2197,running,normal,1,0.0950406506856584,0,LOW,No critical resource condition identified,Continue monitoring,MONITOR,No immediate cost optimization action,0.0
2026-08-14 16:00:00,GCP,gcp-ce-019,Compute Engine,46.57,58.58,63.07,855.32,595.76,0.1935,running,normal,1,0.0926753737319094,0,LOW,No critical resource condition identified,Continue monitoring,MONITOR,No immediate cost optimization action,0.0
2026-08-14 18:00:00,AWS,aws-rds-019,RDS,44.83,62.57,70.27,458.18,418.24,0.2392,running,normal,1,0.1260574588036965,0,LOW,No critical resource condition identified,Continue monitoring,MONITOR,No immediate cost optimization action,0.0
2026-08-14 20:00:00,Azure,azure-sql-019,SQL Database,44.92,57.41,66.74,492.79,295.83,0.2223,running,normal,1,0.1316023613163404,0,LOW,No critical resource condition identified,Continue monitoring,MONITOR,No immediate cost optimization action,0.0
2026-08-14 22:00:00,GCP,gcp-sql-019,Cloud SQL,48.39,59.44,70.27,475.57,323.68,0.214,running,normal,1,0.1248258500325308,0,LOW,No critical resource condition identified,Continue monitoring,MONITOR,No immediate cost optimization action,0.0
2026-08-15 00:00:00,AWS,aws-ebs-019,EBS,10.77,14.69,51.06,101.62,61.15,0.0662,attached,normal,1,0.073315612919423,0,LOW,No critical resource condition identified,Continue monitoring,MONITOR,No immediate cost optimization action,0.0
2026-08-15 02:00:00,Azure,azure-disk-019,Managed Disk,11.69,26.04,55.24,125.69,79.31,0.0764,attached,normal,1,0.1240325392133609,0,LOW,No critical resource condition identified,Continue monitoring,MONITOR,No immediate cost optimization action,0.0
2026-08-15 04:00:00,GCP,gcp-disk-019,Persistent Disk,2.94,21.09,47.71,120.65,96.54,0.0653,attached,normal,1,0.0544987740524708,0,LOW,No critical resource condition identified,Continue monitoring,MONITOR,No immediate cost optimization action,0.0
2026-08-15 06:00:00,AWS,aws-ec2-020,EC2,50.19,63.32,59.06,750.94,533.19,0.2081,running,normal,1,0.1047677424493235,0,LOW,No critical resource condition identified,Continue monitoring,MONITOR,No immediate cost optimization action,0.0
2026-08-15 08:00:00,Azure,azure-vm-020,VM,48.63,59.65,63.0,771.13,523.51,0.1967,running,normal,1,0.1167765043739055,0,LOW,No critical resource condition identified,Continue monitoring,MONITOR,No immediate cost optimization action,0.0
2026-08-15 10:00:00,GCP,gcp-ce-020,Compute Engine,6.22,14.78,58.31,609.78,557.99,0.2049,running,underutilized,-1,-0.0388282166336014,1,MEDIUM,Resource has very low CPU and memory utilization,Consider right-sizing or reducing allocated capacity,RIGHT_SIZING,Consider reducing resource capacity,0.06147
2026-08-15 12:00:00,AWS,aws-rds-020,RDS,37.09,62.1,68.46,615.05,450.57,0.2242,running,normal,1,0.1303529035357288,0,LOW,No critical resource condition identified,Continue monitoring,MONITOR,No immediate cost optimization action,0.0
2026-08-15 14:00:00,Azure,azure-sql-020,SQL Database,43.75,65.43,68.51,480.02,342.73,0.2335,running,normal,1,0.133268214089625,0,LOW,No critical resource condition identified,Continue monitoring,MONITOR,No immediate cost optimization action,0.0
2026-08-15 16:00:00,GCP,gcp-sql-020,Cloud SQL,40.4,69.29,66.23,445.93,305.22,0.2629,running,normal,1,0.1206189378599513,0,LOW,No critical resource condition identified,Continue monitoring,MONITOR,No immediate cost optimization action,0.0
2026-08-15 18:00:00,AWS,aws-ebs-020,EBS,21.37,22.13,53.83,99.94,70.56,0.084,attached,normal,1,0.0844555602976818,0,LOW,No critical resource condition identified,Continue monitoring,MONITOR,No immediate cost optimization action,0.0
2026-08-15 20:00:00,Azure,azure-disk-020,Managed Disk,9.66,23.57,58.41,170.57,157.46,0.0877,attached,normal,1,0.0522341202321727,0,LOW,No critical resource condition identified,Continue monitoring,MONITOR,No immediate cost optimization action,0.0
2026-08-15 22:00:00,GCP,gcp-disk-020,Persistent Disk,15.52,21.6,55.77,121.11,109.48,0.0735,attached,normal,1,0.1190010285568012,0,LOW,No critical resource condition identified,Continue monitoring,MONITOR,No immediate cost optimization action,0.0
2026-08-16 00:00:00,AWS,aws-ec2-021,EC2,32.57,55.28,62.66,670.95,517.22,0.1845,running,normal,1,0.1206172656839441,0,LOW,No critical resource condition identified,Continue monitoring,MONITOR,No immediate cost optimization action,0.0
2026-08-16 02:00:00,Azure,azure-vm-021,VM,43.08,63.9,58.75,828.76,487.38,0.2088,running,normal,1,0.083104205803475,0,LOW,No critical resource condition identified,Continue monitoring,MONITOR,No immediate cost optimization action,0.0
2026-08-16 04:00:00,GCP,gcp-ce-021,Compute Engine,43.53,69.2,64.12,764.48,436.19,0.1895,running,normal,1,0.0899997050119608,0,LOW,No critical resource condition identified,Continue monitoring,MONITOR,No immediate cost optimization action,0.0
2026-08-16 06:00:00,AWS,aws-rds-021,RDS,34.68,68.83,64.23,396.36,284.06,0.231,running,normal,1,0.1080881513801188,0,LOW,No critical resource condition identified,Continue monitoring,MONITOR,No immediate cost optimization action,0.0
2026-08-16 08:00:00,Azure,azure-sql-021,SQL Database,47.22,64.19,64.86,433.77,263.54,0.2917,running,normal,1,0.0913850897436875,0,LOW,No critical resource condition identified,Continue monitoring,MONITOR,No immediate cost optimization action,0.0
2026-08-16 10:00:00,GCP,gcp-sql-021,Cloud SQL,45.06,63.96,69.39,383.27,218.89,0.1979,running,normal,1,0.0832064639545965,0,LOW,No critical resource condition identified,Continue monitoring,MONITOR,No immediate cost optimization action,0.0
2026-08-16 12:00:00,AWS,aws-ebs-021,EBS,11.0,20.43,54.1,115.14,101.23,0.0636,attached,normal,1,0.1148874199082842,0,LOW,No critical resource condition identified,Continue monitoring,MONITOR,No immediate cost optimization action,0.0
2026-08-16 14:00:00,Azure,azure-disk-021,Managed Disk,13.57,11.0,51.99,115.26,101.17,0.0649,attached,normal,1,0.0857566965907806,0,LOW,No critical resource condition identified,Continue monitoring,MONITOR,No immediate cost optimization action,0.0
2026-08-16 16:00:00,GCP,gcp-disk-021,Persistent Disk,81.04,83.15,54.89,120.67,90.7,0.114,attached,high_utilization,-1,-0.1235918730266611,1,HIGH,CPU and memory utilization are high,Consider scaling or increasing resource capacity,MONITOR,No immediate cost optimization action,0.0
2026-08-16 18:00:00,AWS,aws-ec2-022,EC2,33.49,62.55,62.91,749.67,465.19,0.164,running,normal,1,0.1030124259640614,0,LOW,No critical resource condition identified,Continue monitoring,MONITOR,No immediate cost optimization action,0.0
2026-08-16 20:00:00,Azure,azure-vm-022,VM,41.1,63.27,63.74,728.63,591.22,0.1903,running,normal,1,0.1111076160556654,0,LOW,No critical resource condition identified,Continue monitoring,MONITOR,No immediate cost optimization action,0.0
2026-08-16 22:00:00,GCP,gcp-ce-022,Compute Engine,36.28,62.21,65.28,442.66,277.51,0.1619,running,normal,1,0.0865282404054844,0,LOW,No critical resource condition identified,Continue monitoring,MONITOR,No immediate cost optimization action,0.0
2026-08-17 00:00:00,AWS,aws-rds-022,RDS,34.79,65.88,63.93,383.5,295.44,0.2736,running,normal,1,0.1114861582977971,0,LOW,No critical resource condition identified,Continue monitoring,MONITOR,No immediate cost optimization action,0.0
2026-08-17 02:00:00,Azure,azure-sql-022,SQL Database,45.22,65.27,67.38,372.43,277.26,0.2371,running,normal,1,0.1179350189980212,0,LOW,No critical resource condition identified,Continue monitoring,MONITOR,No immediate cost optimization action,0.0
2026-08-17 04:00:00,GCP,gcp-sql-022,Cloud SQL,30.84,67.07,63.69,398.57,280.65,0.2199,running,normal,1,0.1051360035872773,0,LOW,No critical resource condition identified,Continue monitoring,MONITOR,No immediate cost optimization action,0.0
2026-08-17 06:00:00,AWS,aws-ebs-022,EBS,17.08,13.81,57.44,105.6,60.87,0.0595,attached,normal,1,0.0706129663024793,0,LOW,No critical resource condition identified,Continue monitoring,MONITOR,No immediate cost optimization action,0.0
2026-08-17 08:00:00,Azure,azure-disk-022,Managed Disk,8.12,18.69,56.0,131.03,118.73,0.0746,attached,normal,1,0.1049220808327284,0,MEDIUM,Very low resource utilization,Consider right-sizing the resource,RIGHT_SIZING,Consider reducing resource capacity,0.02238
2026-08-17 10:00:00,GCP,gcp-disk-022,Persistent Disk,20.04,18.85,57.18,154.81,121.42,0.0624,attached,normal,1,0.0721786475222778,0,LOW,No critical resource condition identified,Continue monitoring,MONITOR,No immediate cost optimization action,0.0
2026-08-17 12:00:00,AWS,aws-ec2-023,EC2,30.37,68.25,57.8,561.13,403.51,0.1641,running,normal,1,0.068358209871365,0,LOW,No critical resource condition identified,Continue monitoring,MONITOR,No immediate cost optimization action,0.0
2026-08-17 14:00:00,Azure,azure-vm-023,VM,34.51,57.33,58.96,625.2,357.68,0.1843,running,normal,1,0.1134863592891096,0,LOW,No critical resource condition identified,Continue monitoring,MONITOR,No immediate cost optimization action,0.0
2026-08-17 16:00:00,GCP,gcp-ce-023,Compute Engine,36.55,64.76,59.53,680.47,627.31,0.1545,running,normal,1,0.0641188212655323,0,LOW,No critical resource condition identified,Continue monitoring,MONITOR,No immediate cost optimization action,0.0
2026-08-17 18:00:00,AWS,aws-rds-023,RDS,26.43,59.37,61.87,369.31,329.04,0.2674,running,normal,1,0.0960306338514888,0,LOW,No critical resource condition identified,Continue monitoring,MONITOR,No immediate cost optimization action,0.0
2026-08-17 20:00:00,Azure,azure-sql-023,SQL Database,39.45,70.57,70.98,389.19,276.52,0.2428,running,normal,1,0.1030701069259965,0,LOW,No critical resource condition identified,Continue monitoring,MONITOR,No immediate cost optimization action,0.0
2026-08-17 22:00:00,GCP,gcp-sql-023,Cloud SQL,29.81,71.41,70.35,412.91,388.73,0.2385,running,normal,1,0.1087351835189525,0,LOW,No critical resource condition identified,Continue monitoring,MONITOR,No immediate cost optimization action,0.0
2026-08-18 00:00:00,AWS,aws-ebs-023,EBS,15.29,20.78,52.72,120.48,81.74,0.0642,attached,normal,1,0.1157781670310049,0,LOW,No critical resource condition identified,Continue monitoring,MONITOR,No immediate cost optimization action,0.0
2026-08-18 02:00:00,Azure,azure-disk-023,Managed Disk,22.58,25.39,52.12,150.3,107.24,0.0736,attached,normal,1,0.0751102275249332,0,LOW,No critical resource condition identified,Continue monitoring,MONITOR,No immediate cost optimization action,0.0
2026-08-18 04:00:00,GCP,gcp-disk-023,Persistent Disk,15.12,16.81,49.73,116.91,79.7,0.0684,attached,normal,1,0.0939233940513653,0,LOW,No critical resource condition identified,Continue monitoring,MONITOR,No immediate cost optimization action,0.0
2026-08-18 06:00:00,AWS,aws-ec2-024,EC2,43.83,54.31,62.01,623.83,423.14,0.1748,running,normal,1,0.1249216228888269,0,LOW,No critical resource condition identified,Continue monitoring,MONITOR,No immediate cost optimization action,0.0
2026-08-18 08:00:00,Azure,azure-vm-024,VM,36.33,66.68,59.67,804.93,567.99,0.1748,running,normal,1,0.0776668114047171,0,LOW,No critical resource condition identified,Continue monitoring,MONITOR,No immediate cost optimization action,0.0
2026-08-18 10:00:00,GCP,gcp-ce-024,Compute Engine,34.6,57.4,60.79,612.21,563.85,0.1849,running,normal,1,0.104402733006382,0,LOW,No critical resource condition identified,Continue monitoring,MONITOR,No immediate cost optimization action,0.0
2026-08-18 12:00:00,AWS,aws-rds-024,RDS,33.93,76.66,73.13,424.69,390.53,0.2526,running,normal,1,0.0883509212259195,0,LOW,No critical resource condition identified,Continue monitoring,MONITOR,No immediate cost optimization action,0.0
2026-08-18 14:00:00,Azure,azure-sql-024,SQL Database,30.9,66.0,73.66,474.55,266.04,0.2798,running,normal,1,0.0898311679544807,0,LOW,No critical resource condition identified,Continue monitoring,MONITOR,No immediate cost optimization action,0.0
2026-08-18 16:00:00,GCP,gcp-sql-024,Cloud SQL,19.76,58.93,71.2,454.08,392.63,0.2248,running,normal,1,0.0860586462727512,0,LOW,No critical resource condition identified,Continue monitoring,MONITOR,No immediate cost optimization action,0.0
2026-08-18 18:00:00,AWS,aws-ebs-024,EBS,14.24,28.04,57.8,123.05,75.58,0.0785,attached,normal,1,0.1104304754013718,0,LOW,No critical resource condition identified,Continue monitoring,MONITOR,No immediate cost optimization action,0.0
2026-08-18 20:00:00,Azure,azure-disk-024,Managed Disk,3.64,19.21,57.89,91.64,81.77,0.0673,attached,normal,1,0.0926729871631316,0,MEDIUM,Very low resource utilization,Consider right-sizing the resource,RIGHT_SIZING,Consider reducing resource capacity,0.02019
2026-08-18 22:00:00,GCP,gcp-disk-024,Persistent Disk,9.38,18.09,49.12,131.06,97.34,0.0711,attached,normal,1,0.0910184307093918,0,MEDIUM,Very low resource utilization,Consider right-sizing the resource,RIGHT_SIZING,Consider reducing resource capacity,0.02133
2026-08-19 00:00:00,AWS,aws-ec2-025,EC2,27.23,50.29,64.94,408.31,292.78,0.1605,running,normal,1,0.0756138557589857,0,LOW,No critical resource condition identified,Continue monitoring,MONITOR,No immediate cost optimization action,0.0
2026-08-19 02:00:00,Azure,azure-vm-025,VM,44.13,51.54,62.47,759.37,683.23,0.1622,running,normal,1,0.0662250914485174,0,LOW,No critical resource condition identified,Continue monitoring,MONITOR,No immediate cost optimization action,0.0
2026-08-19 04:00:00,GCP,gcp-ce-025,Compute Engine,42.48,47.15,64.84,620.15,506.87,0.1714,running,normal,1,0.1124550068065435,0,LOW,No critical resource condition identified,Continue monitoring,MONITOR,No immediate cost optimization action,0.0
2026-08-19 06:00:00,AWS,aws-rds-025,RDS,92.51,90.13,71.84,1242.65,1021.67,0.4757,running,high_cpu_and_traffic,-1,-0.2128249195832167,1,HIGH,High CPU and network traffic,Investigate workload and consider scaling resources,SCALE_UP_REQUIRED,Resource is heavily utilized; scaling may be required,0.0
2026-08-19 08:00:00,Azure,azure-sql-025,SQL Database,32.06,78.0,70.37,494.41,444.26,0.2701,running,normal,1,0.0748946939632622,0,LOW,No critical resource condition identified,Continue monitoring,MONITOR,No immediate cost optimization action,0.0
2026-08-19 10:00:00,GCP,gcp-sql-025,Cloud SQL,26.02,70.76,70.29,414.45,392.65,0.276,running,normal,1,0.0905017014682437,0,LOW,No critical resource condition identified,Continue monitoring,MONITOR,No immediate cost optimization action,0.0
2026-08-19 12:00:00,AWS,aws-ebs-025,EBS,15.19,13.6,58.3,118.04,67.05,0.0824,attached,normal,1,0.0970712878792271,0,LOW,No critical resource condition identified,Continue monitoring,MONITOR,No immediate cost optimization action,0.0
2026-08-19 14:00:00,Azure,azure-disk-025,Managed Disk,6.99,18.97,61.31,128.39,98.09,0.086,attached,normal,1,0.101037586440066,0,MEDIUM,Very low resource utilization,Consider right-sizing the resource,RIGHT_SIZING,Consider reducing resource capacity,0.025799999999999997
2026-08-19 16:00:00,GCP,gcp-disk-025,Persistent Disk,11.29,15.89,54.47,136.49,127.96,0.0651,attached,normal,1,0.0884683426970024,0,LOW,No critical resource condition identified,Continue monitoring,MONITOR,No immediate cost optimization action,0.0
2026-08-19 18:00:00,AWS,aws-ec2-026,EC2,42.44,54.08,57.99,839.51,752.97,0.1976,running,normal,1,0.029788105838256,0,LOW,No critical resource condition identified,Continue monitoring,MONITOR,No immediate cost optimization action,0.0
2026-08-19 20:00:00,Azure,azure-vm-026,VM,37.32,56.02,62.6,531.45,319.28,0.2133,running,normal,1,0.1270359954886906,0,LOW,No critical resource condition identified,Continue monitoring,MONITOR,No immediate cost optimization action,0.0
2026-08-19 22:00:00,GCP,gcp-ce-026,Compute Engine,48.23,52.44,62.28,854.73,711.08,0.1779,running,normal,1,0.0516392827943172,0,LOW,No critical resource condition identified,Continue monitoring,MONITOR,No immediate cost optimization action,0.0
2026-08-20 00:00:00,AWS,aws-rds-026,RDS,29.06,66.99,63.85,456.36,267.38,0.2105,running,normal,1,0.1031847420998419,0,LOW,No critical resource condition identified,Continue monitoring,MONITOR,No immediate cost optimization action,0.0
2026-08-20 02:00:00,Azure,azure-sql-026,SQL Database,32.49,63.09,67.11,549.72,310.08,0.2281,running,normal,1,0.1320364353566708,0,LOW,No critical resource condition identified,Continue monitoring,MONITOR,No immediate cost optimization action,0.0
2026-08-20 04:00:00,GCP,gcp-sql-026,Cloud SQL,21.64,76.82,70.95,437.68,404.62,0.2775,running,normal,1,0.0541964642822633,0,LOW,No critical resource condition identified,Continue monitoring,MONITOR,No immediate cost optimization action,0.0
2026-08-20 06:00:00,AWS,aws-ebs-026,EBS,18.46,15.38,55.16,111.15,69.81,0.0734,attached,normal,1,0.1068232680890216,0,LOW,No critical resource condition identified,Continue monitoring,MONITOR,No immediate cost optimization action,0.0
2026-08-20 08:00:00,Azure,azure-disk-026,Managed Disk,13.71,20.26,55.77,129.24,112.47,0.0784,attached,normal,1,0.1183837446345379,0,LOW,No critical resource condition identified,Continue monitoring,MONITOR,No immediate cost optimization action,0.0
2026-08-20 10:00:00,GCP,gcp-disk-026,Persistent Disk,4.47,23.32,59.93,104.66,67.02,0.0681,attached,normal,1,0.0960573011071559,0,LOW,No critical resource condition identified,Continue monitoring,MONITOR,No immediate cost optimization action,0.0
2026-08-20 12:00:00,AWS,aws-ec2-027,EC2,54.06,49.69,60.86,678.01,422.49,0.1732,running,normal,1,0.1023144246661335,0,LOW,No critical resource condition identified,Continue monitoring,MONITOR,No immediate cost optimization action,0.0
2026-08-20 14:00:00,Azure,azure-vm-027,VM,50.61,44.75,64.0,796.72,668.26,0.1718,running,normal,1,0.0491517448928656,0,LOW,No critical resource condition identified,Continue monitoring,MONITOR,No immediate cost optimization action,0.0
2026-08-20 16:00:00,GCP,gcp-ce-027,Compute Engine,48.83,44.42,58.94,528.28,400.34,0.1795,running,normal,1,0.092369557463215,0,LOW,No critical resource condition identified,Continue monitoring,MONITOR,No immediate cost optimization action,0.0
2026-08-20 18:00:00,AWS,aws-rds-027,RDS,30.55,51.44,65.52,525.66,377.79,0.2096,running,normal,1,0.1246653628345638,0,LOW,No critical resource condition identified,Continue monitoring,MONITOR,No immediate cost optimization action,0.0
2026-08-20 20:00:00,Azure,azure-sql-027,SQL Database,26.1,73.2,68.85,469.58,442.6,0.2556,running,normal,1,0.0876637760320924,0,LOW,No critical resource condition identified,Continue monitoring,MONITOR,No immediate cost optimization action,0.0
2026-08-20 22:00:00,GCP,gcp-sql-027,Cloud SQL,31.84,62.83,68.33,484.42,392.03,0.2616,running,normal,1,0.1277088919831067,0,LOW,No critical resource condition identified,Continue monitoring,MONITOR,No immediate cost optimization action,0.0
2026-08-21 00:00:00,AWS,aws-ebs-027,EBS,18.81,16.71,62.9,121.63,83.81,0.0757,attached,normal,1,0.0970865631183837,0,LOW,No critical resource condition identified,Continue monitoring,MONITOR,No immediate cost optimization action,0.0
2026-08-21 02:00:00,Azure,azure-disk-027,Managed Disk,16.17,13.72,53.46,128.27,112.22,0.0755,attached,normal,1,0.0991980353928764,0,LOW,No critical resource condition identified,Continue monitoring,MONITOR,No immediate cost optimization action,0.0
2026-08-21 04:00:00,GCP,gcp-disk-027,Persistent Disk,4.81,10.61,51.77,88.18,53.13,0.0624,attached,normal,1,0.016317818226715,0,MEDIUM,Very low resource utilization,Consider right-sizing the resource,RIGHT_SIZING,Consider reducing resource capacity,0.018719999999999997
2026-08-21 06:00:00,AWS,aws-ec2-028,EC2,52.97,36.43,61.07,682.91,405.84,0.2132,running,normal,1,0.0570232053411117,0,LOW,No critical resource condition identified,Continue monitoring,MONITOR,No immediate cost optimization action,0.0
2026-08-21 08:00:00,Azure,azure-vm-028,VM,0.71,0.35,63.01,759.15,685.61,0.4854,stopped,stopped_with_cost,-1,-0.1630242432294094,1,HIGH,Resource is stopped but still generating cost,Investigate billing and remove or right-size unused resources,STOPPED_RESOURCE,Investigate termination or cleanup,0.4854
2026-08-21 10:00:00,GCP,gcp-ce-028,Compute Engine,46.78,49.11,62.21,635.29,381.75,0.182,running,normal,1,0.1146102028660229,0,LOW,No critical resource condition identified,Continue monitoring,MONITOR,No immediate cost optimization action,0.0
2026-08-21 12:00:00,AWS,aws-rds-028,RDS,30.54,62.39,66.12,471.79,400.64,0.2725,running,normal,1,0.1195935630670836,0,LOW,No critical resource condition identified,Continue monitoring,MONITOR,No immediate cost optimization action,0.0
2026-08-21 14:00:00,Azure,azure-sql-028,SQL Database,30.38,61.08,67.57,539.45,334.75,0.2554,running,normal,1,0.1279063710758422,0,LOW,No critical resource condition identified,Continue monitoring,MONITOR,No immediate cost optimization action,0.0
2026-08-21 16:00:00,GCP,gcp-sql-028,Cloud SQL,39.17,53.13,69.33,584.83,385.48,0.2085,running,normal,1,0.126313204606073,0,LOW,No critical resource condition identified,Continue monitoring,MONITOR,No immediate cost optimization action,0.0
2026-08-21 18:00:00,AWS,aws-ebs-028,EBS,13.21,22.52,50.23,89.72,76.73,0.0823,attached,normal,1,0.0767515438260845,0,LOW,No critical resource condition identified,Continue monitoring,MONITOR,No immediate cost optimization action,0.0
2026-08-21 20:00:00,Azure,azure-disk-028,Managed Disk,16.93,16.58,50.45,97.18,77.29,0.0854,attached,normal,1,0.0698843402276568,0,LOW,No critical resource condition identified,Continue monitoring,MONITOR,No immediate cost optimization action,0.0
2026-08-21 22:00:00,GCP,gcp-disk-028,Persistent Disk,9.33,16.15,59.51,141.57,78.76,0.0691,attached,normal,1,0.117493808190236,0,MEDIUM,Very low resource utilization,Consider right-sizing the resource,RIGHT_SIZING,Consider reducing resource capacity,0.02073
2026-08-22 00:00:00,AWS,aws-ec2-029,EC2,57.99,49.78,62.71,803.06,710.42,0.1598,running,normal,1,0.0273450148990697,0,LOW,No critical resource condition identified,Continue monitoring,MONITOR,No immediate cost optimization action,0.0
2026-08-22 02:00:00,Azure,azure-vm-029,VM,50.17,50.75,56.73,602.32,541.59,0.2195,running,normal,1,0.0859259934557926,0,LOW,No critical resource condition identified,Continue monitoring,MONITOR,No immediate cost optimization action,0.0
2026-08-22 04:00:00,GCP,gcp-ce-029,Compute Engine,59.2,48.19,61.5,843.2,780.4,0.1695,running,normal,1,0.0053492202096775,0,LOW,No critical resource condition identified,Continue monitoring,MONITOR,No immediate cost optimization action,0.0
2026-08-22 06:00:00,AWS,aws-rds-029,RDS,35.44,64.62,70.78,344.22,197.3,0.2837,running,normal,1,0.0568833825499953,0,LOW,No critical resource condition identified,Continue monitoring,MONITOR,No immediate cost optimization action,0.0
2026-08-22 08:00:00,Azure,azure-sql-029,SQL Database,38.02,54.72,67.72,400.82,248.58,0.2858,running,normal,1,0.0904087869782344,0,LOW,No critical resource condition identified,Continue monitoring,MONITOR,No immediate cost optimization action,0.0
2026-08-22 10:00:00,GCP,gcp-sql-029,Cloud SQL,39.51,59.38,70.05,394.88,345.83,0.217,running,normal,1,0.126463336602859,0,LOW,No critical resource condition identified,Continue monitoring,MONITOR,No immediate cost optimization action,0.0
2026-08-22 12:00:00,AWS,aws-ebs-029,EBS,6.48,13.35,56.94,133.13,96.26,0.0657,attached,normal,1,0.0998191289292911,0,MEDIUM,Very low resource utilization,Consider right-sizing the resource,RIGHT_SIZING,Consider reducing resource capacity,0.01971
2026-08-22 14:00:00,Azure,azure-disk-029,Managed Disk,8.49,21.01,56.44,93.84,59.61,0.0626,attached,normal,1,0.0788297407245326,0,LOW,No critical resource condition identified,Continue monitoring,MONITOR,No immediate cost optimization action,0.0
2026-08-22 16:00:00,GCP,gcp-disk-029,Persistent Disk,14.66,8.38,57.54,141.41,107.13,0.077,attached,normal,1,0.0796125109088918,0,LOW,No critical resource condition identified,Continue monitoring,MONITOR,No immediate cost optimization action,0.0
2026-08-22 18:00:00,AWS,aws-ec2-030,EC2,50.83,46.89,57.05,453.84,283.9,0.1653,running,normal,1,0.0482151527051418,0,LOW,No critical resource condition identified,Continue monitoring,MONITOR,No immediate cost optimization action,0.0
2026-08-22 20:00:00,Azure,azure-vm-030,VM,51.86,40.69,57.7,681.75,563.23,0.2257,running,normal,1,0.0579359411723077,0,LOW,No critical resource condition identified,Continue monitoring,MONITOR,No immediate cost optimization action,0.0
2026-08-22 22:00:00,GCP,gcp-ce-030,Compute Engine,56.16,49.36,62.66,865.67,728.83,0.1945,running,normal,1,0.0252606965047234,0,LOW,No critical resource condition identified,Continue monitoring,MONITOR,No immediate cost optimization action,0.0
2026-08-23 00:00:00,AWS,aws-rds-030,RDS,48.4,65.9,65.49,428.92,315.48,0.2283,running,normal,1,0.127363364341957,0,LOW,No critical resource condition identified,Continue monitoring,MONITOR,No immediate cost optimization action,0.0
2026-08-23 02:00:00,Azure,azure-sql-030,SQL Database,44.03,58.25,68.62,469.45,309.68,0.2367,running,normal,1,0.1346728589533122,0,LOW,No critical resource condition identified,Continue monitoring,MONITOR,No immediate cost optimization action,0.0
2026-08-23 04:00:00,GCP,gcp-sql-030,Cloud SQL,43.75,55.71,71.38,646.71,574.71,0.2304,running,normal,1,0.0899072673781315,0,LOW,No critical resource condition identified,Continue monitoring,MONITOR,No immediate cost optimization action,0.0
2026-08-23 06:00:00,AWS,aws-ebs-030,EBS,5.35,23.33,56.81,133.71,84.82,0.082,attached,normal,1,0.1060545803398588,0,LOW,No critical resource condition identified,Continue monitoring,MONITOR,No immediate cost optimization action,0.0
2026-08-23 08:00:00,Azure,azure-disk-030,Managed Disk,14.77,8.86,61.47,126.75,113.69,0.0703,attached,normal,1,0.0674434560979868,0,LOW,No critical resource condition identified,Continue monitoring,MONITOR,No immediate cost optimization action,0.0
2026-08-23 10:00:00,GCP,gcp-disk-030,Persistent Disk,4.93,21.45,56.67,125.1,115.76,0.075,attached,normal,1,0.1002793758232244,0,LOW,No critical resource condition identified,Continue monitoring,MONITOR,No immediate cost optimization action,0.0
2026-08-23 12:00:00,AWS,aws-ec2-031,EC2,56.37,49.15,61.44,545.53,479.09,0.2002,running,normal,1,0.0973519824754983,0,LOW,No critical resource condition identified,Continue monitoring,MONITOR,No immediate cost optimization action,0.0
2026-08-23 14:00:00,Azure,azure-vm-031,VM,48.77,52.59,57.59,705.61,530.7,0.1992,running,normal,1,0.1020673355444495,0,LOW,No critical resource condition identified,Continue monitoring,MONITOR,No immediate cost optimization action,0.0
2026-08-23 16:00:00,GCP,gcp-ce-031,Compute Engine,49.73,46.13,60.56,833.65,704.11,0.1898,running,normal,1,0.0428508184746834,0,LOW,No critical resource condition identified,Continue monitoring,MONITOR,No immediate cost optimization action,0.0
2026-08-23 18:00:00,AWS,aws-rds-031,RDS,43.89,49.73,71.08,331.21,277.8,0.2811,running,normal,1,0.0744750959840204,0,LOW,No critical resource condition identified,Continue monitoring,MONITOR,No immediate cost optimization action,0.0
2026-08-23 20:00:00,Azure,azure-sql-031,SQL Database,57.18,51.87,69.62,571.38,539.76,0.2225,running,normal,1,0.076878069921986,0,LOW,No critical resource condition identified,Continue monitoring,MONITOR,No immediate cost optimization action,0.0
2026-08-23 22:00:00,GCP,gcp-sql-031,Cloud SQL,46.53,57.19,70.8,402.84,283.24,0.2777,running,normal,1,0.1069986014839424,0,LOW,No critical resource condition identified,Continue monitoring,MONITOR,No immediate cost optimization action,0.0
2026-08-24 00:00:00,AWS,aws-ebs-031,EBS,6.15,5.24,56.22,90.93,72.07,0.0756,running,underutilized,1,0.042664050055708,0,MEDIUM,Resource has very low CPU and memory utilization,Consider right-sizing or reducing allocated capacity,RIGHT_SIZING,Consider reducing resource capacity,0.02268
2026-08-24 02:00:00,Azure,azure-disk-031,Managed Disk,1.51,16.63,55.31,142.11,81.3,0.0714,attached,normal,1,0.0904781297556139,0,MEDIUM,Very low resource utilization,Consider right-sizing the resource,RIGHT_SIZING,Consider reducing resource capacity,0.02142
2026-08-24 04:00:00,GCP,gcp-disk-031,Persistent Disk,6.33,23.11,56.53,135.72,77.41,0.0755,attached,normal,1,0.114133141599112,0,LOW,No critical resource condition identified,Continue monitoring,MONITOR,No immediate cost optimization action,0.0
2026-08-24 06:00:00,AWS,aws-ec2-032,EC2,46.29,44.71,60.59,568.85,433.76,0.2021,running,normal,1,0.111702734763517,0,LOW,No critical resource condition identified,Continue monitoring,MONITOR,No immediate cost optimization action,0.0
2026-08-24 08:00:00,Azure,azure-vm-032,VM,58.39,43.25,62.81,581.56,485.03,0.2027,running,normal,1,0.0736503188698813,0,LOW,No critical resource condition identified,Continue monitoring,MONITOR,No immediate cost optimization action,0.0
2026-08-24 10:00:00,GCP,gcp-ce-032,Compute Engine,34.34,53.45,67.92,652.39,525.94,0.1607,running,normal,1,0.0939106963996382,0,LOW,No critical resource condition identified,Continue monitoring,MONITOR,No immediate cost optimization action,0.0
2026-08-24 12:00:00,AWS,aws-rds-032,RDS,45.17,53.13,63.25,493.27,299.12,0.2857,running,normal,1,0.0996307032263766,0,LOW,No critical resource condition identified,Continue monitoring,MONITOR,No immediate cost optimization action,0.0
2026-08-24 14:00:00,Azure,azure-sql-032,SQL Database,46.63,52.99,68.51,490.92,311.59,0.2221,running,normal,1,0.123798226685447,0,LOW,No critical resource condition identified,Continue monitoring,MONITOR,No immediate cost optimization action,0.0
2026-08-24 16:00:00,GCP,gcp-sql-032,Cloud SQL,39.0,52.47,75.88,526.1,317.25,0.2653,running,normal,1,0.0917538866401481,0,LOW,No critical resource condition identified,Continue monitoring,MONITOR,No immediate cost optimization action,0.0
2026-08-24 18:00:00,AWS,aws-ebs-032,EBS,6.6,22.9,57.24,118.36,95.33,0.0723,attached,normal,1,0.1186254615086844,0,LOW,No critical resource condition identified,Continue monitoring,MONITOR,No immediate cost optimization action,0.0
2026-08-24 20:00:00,Azure,azure-disk-032,Managed Disk,2.08,20.02,59.89,95.37,58.93,0.083,attached,normal,1,0.0559960560884278,0,LOW,No critical resource condition identified,Continue monitoring,MONITOR,No immediate cost optimization action,0.0
2026-08-24 22:00:00,GCP,gcp-disk-032,Persistent Disk,9.9,20.73,61.61,129.12,88.07,0.074,attached,normal,1,0.1214542838205232,0,LOW,No critical resource condition identified,Continue monitoring,MONITOR,No immediate cost optimization action,0.0
2026-08-25 00:00:00,AWS,aws-ec2-033,EC2,38.25,51.76,63.26,648.37,412.78,0.1964,running,normal,1,0.1269752560681947,0,LOW,No critical resource condition identified,Continue monitoring,MONITOR,No immediate cost optimization action,0.0
2026-08-25 02:00:00,Azure,azure-vm-033,VM,38.5,51.71,60.64,815.42,629.27,0.2018,running,normal,1,0.081704762406001,0,LOW,No critical resource condition identified,Continue monitoring,MONITOR,No immediate cost optimization action,0.0
2026-08-25 04:00:00,GCP,gcp-ce-033,Compute Engine,52.42,50.18,62.56,576.5,472.67,0.1901,running,normal,1,0.118897168397529,0,LOW,No critical resource condition identified,Continue monitoring,MONITOR,No immediate cost optimization action,0.0
2026-08-25 06:00:00,AWS,aws-rds-033,RDS,40.04,49.91,69.81,367.87,235.05,0.241,running,normal,1,0.0985436845202215,0,LOW,No critical resource condition identified,Continue monitoring,MONITOR,No immediate cost optimization action,0.0
2026-08-25 08:00:00,Azure,azure-sql-033,SQL Database,59.21,52.86,70.47,362.56,271.81,0.2689,running,normal,1,0.0529931547165417,0,LOW,No critical resource condition identified,Continue monitoring,MONITOR,No immediate cost optimization action,0.0
2026-08-25 10:00:00,GCP,gcp-sql-033,Cloud SQL,46.46,48.34,70.91,374.3,316.29,0.2037,running,normal,1,0.0955563930045685,0,LOW,No critical resource condition identified,Continue monitoring,MONITOR,No immediate cost optimization action,0.0
2026-08-25 12:00:00,AWS,aws-ebs-033,EBS,10.31,10.79,54.4,132.38,97.61,0.0831,attached,normal,1,0.0861971776254515,0,LOW,No critical resource condition identified,Continue monitoring,MONITOR,No immediate cost optimization action,0.0
2026-08-25 14:00:00,Azure,azure-disk-033,Managed Disk,1.96,24.5,60.42,90.15,49.6,0.0736,attached,normal,1,0.0424057127447004,0,LOW,No critical resource condition identified,Continue monitoring,MONITOR,No immediate cost optimization action,0.0
2026-08-25 16:00:00,GCP,gcp-disk-033,Persistent Disk,8.5,13.74,56.42,114.11,69.8,0.0801,attached,normal,1,0.0989405709135295,0,MEDIUM,Very low resource utilization,Consider right-sizing the resource,RIGHT_SIZING,Consider reducing resource capacity,0.02403
2026-08-25 18:00:00,AWS,aws-ec2-034,EC2,35.67,57.52,63.78,668.04,477.58,0.2009,running,normal,1,0.1314740054907939,0,LOW,No critical resource condition identified,Continue monitoring,MONITOR,No immediate cost optimization action,0.0
2026-08-25 20:00:00,Azure,azure-vm-034,VM,27.9,60.43,62.47,704.17,626.63,0.2267,running,normal,1,0.0775099295853291,0,LOW,No critical resource condition identified,Continue monitoring,MONITOR,No immediate cost optimization action,0.0
2026-08-25 22:00:00,GCP,gcp-ce-034,Compute Engine,27.28,59.73,62.46,717.87,562.08,0.2091,running,normal,1,0.0957062557618133,0,LOW,No critical resource condition identified,Continue monitoring,MONITOR,No immediate cost optimization action,0.0
2026-08-26 00:00:00,AWS,aws-rds-034,RDS,47.87,57.47,69.62,307.73,284.09,0.2211,running,normal,1,0.0875138038876876,0,LOW,No critical resource condition identified,Continue monitoring,MONITOR,No immediate cost optimization action,0.0
2026-08-26 02:00:00,Azure,azure-sql-034,SQL Database,46.11,50.68,72.44,508.09,479.76,0.3011,running,normal,1,0.0750278975174772,0,LOW,No critical resource condition identified,Continue monitoring,MONITOR,No immediate cost optimization action,0.0
2026-08-26 04:00:00,GCP,gcp-sql-034,Cloud SQL,41.44,58.86,70.61,374.58,288.02,0.2436,running,normal,1,0.1233093803130608,0,LOW,No critical resource condition identified,Continue monitoring,MONITOR,No immediate cost optimization action,0.0
2026-08-26 06:00:00,AWS,aws-ebs-034,EBS,11.14,23.97,56.8,146.61,100.2,0.0676,attached,normal,1,0.1187704974188733,0,LOW,No critical resource condition identified,Continue monitoring,MONITOR,No immediate cost optimization action,0.0
2026-08-26 08:00:00,Azure,azure-disk-034,Managed Disk,10.87,27.22,53.11,96.41,61.82,0.082,attached,normal,1,0.0725887971437063,0,LOW,No critical resource condition identified,Continue monitoring,MONITOR,No immediate cost optimization action,0.0
2026-08-26 10:00:00,GCP,gcp-disk-034,Persistent Disk,5.33,20.86,59.61,108.45,88.1,0.0643,attached,normal,1,0.1088926502834467,0,LOW,No critical resource condition identified,Continue monitoring,MONITOR,No immediate cost optimization action,0.0
2026-08-26 12:00:00,AWS,aws-ec2-035,EC2,38.75,62.76,60.51,682.29,606.91,0.1628,running,normal,1,0.0914223444795199,0,LOW,No critical resource condition identified,Continue monitoring,MONITOR,No immediate cost optimization action,0.0
2026-08-26 14:00:00,Azure,azure-vm-035,VM,28.26,63.91,59.35,848.31,738.97,0.2197,running,normal,1,0.0075110603465362,0,LOW,No critical resource condition identified,Continue monitoring,MONITOR,No immediate cost optimization action,0.0
2026-08-26 16:00:00,GCP,gcp-ce-035,Compute Engine,35.93,59.83,64.66,661.07,403.26,0.1608,running,normal,1,0.1084052356337236,0,LOW,No critical resource condition identified,Continue monitoring,MONITOR,No immediate cost optimization action,0.0
2026-08-26 18:00:00,AWS,aws-rds-035,RDS,37.23,52.61,66.98,378.15,282.71,0.2292,running,normal,1,0.1150029430200707,0,LOW,No critical resource condition identified,Continue monitoring,MONITOR,No immediate cost optimization action,0.0
2026-08-26 20:00:00,Azure,azure-sql-035,SQL Database,48.7,62.94,65.7,498.93,344.7,0.2769,running,normal,1,0.1211504214975145,0,LOW,No critical resource condition identified,Continue monitoring,MONITOR,No immediate cost optimization action,0.0
2026-08-26 22:00:00,GCP,gcp-sql-035,Cloud SQL,39.77,45.9,71.4,378.21,325.51,0.2639,running,normal,1,0.09786110327712,0,LOW,No critical resource condition identified,Continue monitoring,MONITOR,No immediate cost optimization action,0.0
2026-08-27 00:00:00,AWS,aws-ebs-035,EBS,14.46,27.38,55.45,99.54,64.52,0.0605,attached,normal,1,0.0806192902352279,0,LOW,No critical resource condition identified,Continue monitoring,MONITOR,No immediate cost optimization action,0.0
2026-08-27 02:00:00,Azure,azure-disk-035,Managed Disk,8.95,14.4,59.18,111.9,98.45,0.0863,attached,normal,1,0.0953665526706581,0,MEDIUM,Very low resource utilization,Consider right-sizing the resource,RIGHT_SIZING,Consider reducing resource capacity,0.02589
2026-08-27 04:00:00,GCP,gcp-disk-035,Persistent Disk,17.34,25.07,57.46,131.14,122.06,0.058,attached,normal,1,0.0833435234244063,0,LOW,No critical resource condition identified,Continue monitoring,MONITOR,No immediate cost optimization action,0.0
2026-08-27 06:00:00,AWS,aws-ec2-036,EC2,35.98,59.88,64.03,618.05,475.98,0.1579,running,normal,1,0.1165077926129498,0,LOW,No critical resource condition identified,Continue monitoring,MONITOR,No immediate cost optimization action,0.0
2026-08-27 08:00:00,Azure,azure-vm-036,VM,20.79,68.33,53.6,635.31,494.74,0.1708,running,normal,1,0.0207327806525572,0,LOW,No critical resource condition identified,Continue monitoring,MONITOR,No immediate cost optimization action,0.0
2026-08-27 10:00:00,GCP,gcp-ce-036,Compute Engine,28.22,57.03,65.84,498.24,368.19,0.1796,running,normal,1,0.1026765976782693,0,LOW,No critical resource condition identified,Continue monitoring,MONITOR,No immediate cost optimization action,0.0
2026-08-27 12:00:00,AWS,aws-rds-036,RDS,94.71,97.31,67.67,1831.11,732.2,0.5916,running,high_cpu_and_traffic,-1,-0.2355617625052789,1,HIGH,High CPU and network traffic,Investigate workload and consider scaling resources,SCALE_UP_REQUIRED,Resource is heavily utilized; scaling may be required,0.0
2026-08-27 14:00:00,Azure,azure-sql-036,SQL Database,35.92,51.41,68.71,395.89,364.48,0.2369,running,normal,1,0.123782222077012,0,LOW,No critical resource condition identified,Continue monitoring,MONITOR,No immediate cost optimization action,0.0
2026-08-27 16:00:00,GCP,gcp-sql-036,Cloud SQL,29.56,46.51,69.62,328.31,269.11,0.2256,running,normal,1,0.0788928115433102,0,LOW,No critical resource condition identified,Continue monitoring,MONITOR,No immediate cost optimization action,0.0
2026-08-27 18:00:00,AWS,aws-ebs-036,EBS,8.45,31.23,58.19,124.42,85.1,0.0802,attached,normal,1,0.0947911158077375,0,LOW,No critical resource condition identified,Continue monitoring,MONITOR,No immediate cost optimization action,0.0
2026-08-27 20:00:00,Azure,azure-disk-036,Managed Disk,14.0,15.98,60.77,98.35,79.7,0.0655,attached,normal,1,0.1029301134776675,0,LOW,No critical resource condition identified,Continue monitoring,MONITOR,No immediate cost optimization action,0.0
2026-08-27 22:00:00,GCP,gcp-disk-036,Persistent Disk,13.86,17.76,57.26,115.75,95.5,0.0588,attached,normal,1,0.1087495904540343,0,LOW,No critical resource condition identified,Continue monitoring,MONITOR,No immediate cost optimization action,0.0
2026-08-28 00:00:00,AWS,aws-ec2-037,EC2,38.68,62.55,61.57,783.64,594.59,0.1706,running,normal,1,0.0970617734409047,0,LOW,No critical resource condition identified,Continue monitoring,MONITOR,No immediate cost optimization action,0.0
2026-08-28 02:00:00,Azure,azure-vm-037,VM,38.39,71.48,58.85,780.83,463.4,0.1616,running,normal,1,0.07159271233216,0,LOW,No critical resource condition identified,Continue monitoring,MONITOR,No immediate cost optimization action,0.0
2026-08-28 04:00:00,GCP,gcp-ce-037,Compute Engine,46.14,65.44,63.4,641.15,449.53,0.1808,running,normal,1,0.1274354850629941,0,LOW,No critical resource condition identified,Continue monitoring,MONITOR,No immediate cost optimization action,0.0
2026-08-28 06:00:00,AWS,aws-rds-037,RDS,29.28,57.47,71.48,398.21,286.12,0.2124,running,normal,1,0.1090327947076171,0,LOW,No critical resource condition identified,Continue monitoring,MONITOR,No immediate cost optimization action,0.0
2026-08-28 08:00:00,Azure,azure-sql-037,SQL Database,34.85,61.88,71.6,515.15,440.73,0.2393,running,normal,1,0.1206300293637378,0,LOW,No critical resource condition identified,Continue monitoring,MONITOR,No immediate cost optimization action,0.0
2026-08-28 10:00:00,GCP,gcp-sql-037,Cloud SQL,34.11,58.94,69.33,599.46,339.85,0.2341,running,normal,1,0.131277334747842,0,LOW,No critical resource condition identified,Continue monitoring,MONITOR,No immediate cost optimization action,0.0
2026-08-28 12:00:00,AWS,aws-ebs-037,EBS,15.95,21.24,54.04,140.21,78.02,0.0706,attached,normal,1,0.1139494947351649,0,LOW,No critical resource condition identified,Continue monitoring,MONITOR,No immediate cost optimization action,0.0
2026-08-28 14:00:00,Azure,azure-disk-037,Managed Disk,19.82,22.97,94.26,212.79,112.46,0.0658,attached,storage_pressure,-1,-0.0830831365273742,1,HIGH,Storage utilization is critically high,Clean up unused storage or increase storage capacity,STORAGE_OPTIMIZATION,Review storage usage and remove unnecessary data,0.00658
2026-08-28 16:00:00,GCP,gcp-disk-037,Persistent Disk,21.91,20.49,58.22,108.11,77.78,0.0798,attached,normal,1,0.0955740089215789,0,LOW,No critical resource condition identified,Continue monitoring,MONITOR,No immediate cost optimization action,0.0
2026-08-28 18:00:00,AWS,aws-ec2-038,EC2,41.65,58.59,63.38,692.67,619.12,0.1812,running,normal,1,0.1087320312066497,0,LOW,No critical resource condition identified,Continue monitoring,MONITOR,No immediate cost optimization action,0.0
2026-08-28 20:00:00,Azure,azure-vm-038,VM,44.93,49.41,63.63,649.8,611.21,0.173,running,normal,1,0.1045996164858731,0,LOW,No critical resource condition identified,Continue monitoring,MONITOR,No immediate cost optimization action,0.0
2026-08-28 22:00:00,GCP,gcp-ce-038,Compute Engine,45.94,60.29,63.37,777.37,639.01,0.1595,running,normal,1,0.0832827101624966,0,LOW,No critical resource condition identified,Continue monitoring,MONITOR,No immediate cost optimization action,0.0
2026-08-29 00:00:00,AWS,aws-rds-038,RDS,25.93,62.62,73.82,494.55,413.79,0.2432,running,normal,1,0.1025066860538313,0,LOW,No critical resource condition identified,Continue monitoring,MONITOR,No immediate cost optimization action,0.0
2026-08-29 02:00:00,Azure,azure-sql-038,SQL Database,23.83,56.43,73.05,483.61,440.1,0.2444,running,normal,1,0.0949526437211193,0,LOW,No critical resource condition identified,Continue monitoring,MONITOR,No immediate cost optimization action,0.0
2026-08-29 04:00:00,GCP,gcp-sql-038,Cloud SQL,34.4,55.54,74.56,642.88,545.7,0.2085,running,normal,1,0.0791808060293017,0,LOW,No critical resource condition identified,Continue monitoring,MONITOR,No immediate cost optimization action,0.0
2026-08-29 06:00:00,AWS,aws-ebs-038,EBS,17.43,16.27,53.04,109.15,91.19,0.0838,attached,normal,1,0.0990020957364598,0,LOW,No critical resource condition identified,Continue monitoring,MONITOR,No immediate cost optimization action,0.0
2026-08-29 08:00:00,Azure,azure-disk-038,Managed Disk,23.19,19.97,59.64,114.44,71.08,0.0782,attached,normal,1,0.0872802020711589,0,LOW,No critical resource condition identified,Continue monitoring,MONITOR,No immediate cost optimization action,0.0
2026-08-29 10:00:00,GCP,gcp-disk-038,Persistent Disk,14.48,21.14,57.94,113.84,67.54,0.0634,attached,normal,1,0.1089648499703835,0,LOW,No critical resource condition identified,Continue monitoring,MONITOR,No immediate cost optimization action,0.0
2026-08-29 12:00:00,AWS,aws-ec2-039,EC2,45.19,61.23,59.27,696.38,490.3,0.1744,running,normal,1,0.1179186741362746,0,LOW,No critical resource condition identified,Continue monitoring,MONITOR,No immediate cost optimization action,0.0
2026-08-29 14:00:00,Azure,azure-vm-039,VM,42.47,62.75,64.31,578.86,493.57,0.2262,running,normal,1,0.1309557134915158,0,LOW,No critical resource condition identified,Continue monitoring,MONITOR,No immediate cost optimization action,0.0
2026-08-29 16:00:00,GCP,gcp-ce-039,Compute Engine,51.47,59.99,61.76,633.92,544.9,0.1951,running,normal,1,0.1181478562597263,0,LOW,No critical resource condition identified,Continue monitoring,MONITOR,No immediate cost optimization action,0.0
2026-08-29 18:00:00,AWS,aws-rds-039,RDS,33.15,64.13,73.67,456.38,398.22,0.2299,running,normal,1,0.1187031300908236,0,LOW,No critical resource condition identified,Continue monitoring,MONITOR,No immediate cost optimization action,0.0
2026-08-29 20:00:00,Azure,azure-sql-039,SQL Database,25.98,54.68,75.86,467.32,274.46,0.2721,running,normal,1,0.0733753604163567,0,LOW,No critical resource condition identified,Continue monitoring,MONITOR,No immediate cost optimization action,0.0
2026-08-29 22:00:00,GCP,gcp-sql-039,Cloud SQL,33.88,62.57,69.71,544.56,486.15,0.2059,running,normal,1,0.1168114964455717,0,LOW,No critical resource condition identified,Continue monitoring,MONITOR,No immediate cost optimization action,0.0
2026-08-30 00:00:00,AWS,aws-ebs-039,EBS,15.99,19.67,60.19,136.4,89.49,0.0691,attached,normal,1,0.1206969311608235,0,LOW,No critical resource condition identified,Continue monitoring,MONITOR,No immediate cost optimization action,0.0
2026-08-30 02:00:00,Azure,azure-disk-039,Managed Disk,13.66,17.94,59.05,123.87,89.24,0.0709,attached,normal,1,0.1281327228362168,0,LOW,No critical resource condition identified,Continue monitoring,MONITOR,No immediate cost optimization action,0.0
2026-08-30 04:00:00,GCP,gcp-disk-039,Persistent Disk,15.19,13.5,58.95,119.5,72.98,0.0661,attached,normal,1,0.1077271568141599,0,LOW,No critical resource condition identified,Continue monitoring,MONITOR,No immediate cost optimization action,0.0
2026-08-30 06:00:00,AWS,aws-ec2-040,EC2,48.44,60.57,66.47,710.29,666.19,0.2024,running,normal,1,0.0841530563165601,0,LOW,No critical resource condition identified,Continue monitoring,MONITOR,No immediate cost optimization action,0.0
2026-08-30 08:00:00,Azure,azure-vm-040,VM,53.11,54.15,62.23,726.14,448.75,0.2148,running,normal,1,0.1147166936823362,0,LOW,No critical resource condition identified,Continue monitoring,MONITOR,No immediate cost optimization action,0.0
2026-08-30 10:00:00,GCP,gcp-ce-040,Compute Engine,58.2,57.34,62.3,983.92,763.07,0.1925,running,normal,-1,-0.0053452711154973,1,LOW,No critical resource condition identified,Continue monitoring,MONITOR,No immediate cost optimization action,0.0
2026-08-30 12:00:00,AWS,aws-rds-040,RDS,27.23,60.91,74.18,425.4,321.14,0.2257,running,normal,1,0.1058487974945254,0,LOW,No critical resource condition identified,Continue monitoring,MONITOR,No immediate cost optimization action,0.0
2026-08-30 14:00:00,Azure,azure-sql-040,SQL Database,0.59,1.44,68.16,465.14,290.43,0.5873,stopped,stopped_with_cost,-1,-0.1623698860707625,1,HIGH,Resource is stopped but still generating cost,Investigate billing and remove or right-size unused resources,STOPPED_RESOURCE,Investigate termination or cleanup,0.5873
2026-08-30 16:00:00,GCP,gcp-sql-040,Cloud SQL,28.45,61.34,75.31,492.76,452.81,0.205,running,normal,1,0.0871055673963727,0,LOW,No critical resource condition identified,Continue monitoring,MONITOR,No immediate cost optimization action,0.0
2026-08-30 18:00:00,AWS,aws-ebs-040,EBS,29.03,8.57,56.71,108.91,75.37,0.0706,attached,normal,1,0.0365520807283543,0,LOW,No critical resource condition identified,Continue monitoring,MONITOR,No immediate cost optimization action,0.0
2026-08-30 20:00:00,Azure,azure-disk-040,Managed Disk,13.45,11.0,59.96,120.93,100.63,0.0642,attached,normal,1,0.0875803014302562,0,LOW,No critical resource condition identified,Continue monitoring,MONITOR,No immediate cost optimization action,0.0
2026-08-30 22:00:00,GCP,gcp-disk-040,Persistent Disk,17.94,15.18,65.34,124.22,72.99,0.0803,attached,normal,1,0.0684347856835167,0,LOW,No critical resource condition identified,Continue monitoring,MONITOR,No immediate cost optimization action,0.0
2026-08-31 00:00:00,AWS,aws-ec2-041,EC2,45.43,55.53,63.03,650.82,453.84,0.1868,running,normal,1,0.1344263879506183,0,LOW,No critical resource condition identified,Continue monitoring,MONITOR,No immediate cost optimization action,0.0
2026-08-31 02:00:00,Azure,azure-vm-041,VM,57.97,50.44,60.42,703.86,495.78,0.1737,running,normal,1,0.0917077844130402,0,LOW,No critical resource condition identified,Continue monitoring,MONITOR,No immediate cost optimization action,0.0
2026-08-31 04:00:00,GCP,gcp-ce-041,Compute Engine,53.62,54.82,62.78,614.59,469.28,0.1956,running,normal,1,0.1264058880200163,0,LOW,No critical resource condition identified,Continue monitoring,MONITOR,No immediate cost optimization action,0.0
2026-08-31 06:00:00,AWS,aws-rds-041,RDS,33.3,70.41,74.78,430.13,393.11,0.2707,running,normal,1,0.0885189545262519,0,LOW,No critical resource condition identified,Continue monitoring,MONITOR,No immediate cost optimization action,0.0
2026-08-31 08:00:00,Azure,azure-sql-041,SQL Database,36.22,65.38,73.92,516.12,378.5,0.2224,running,normal,1,0.1133881043842342,0,LOW,No critical resource condition identified,Continue monitoring,MONITOR,No immediate cost optimization action,0.0
2026-08-31 10:00:00,GCP,gcp-sql-041,Cloud SQL,29.15,67.77,71.6,443.38,372.16,0.2687,running,normal,1,0.1125980379639058,0,LOW,No critical resource condition identified,Continue monitoring,MONITOR,No immediate cost optimization action,0.0
2026-08-31 12:00:00,AWS,aws-ebs-041,EBS,15.09,13.19,59.41,105.71,94.89,0.0604,attached,normal,1,0.0900641532145968,0,LOW,No critical resource condition identified,Continue monitoring,MONITOR,No immediate cost optimization action,0.0
2026-08-31 14:00:00,Azure,azure-disk-041,Managed Disk,15.32,19.95,65.73,124.99,89.75,0.0673,attached,normal,1,0.0861164379745259,0,LOW,No critical resource condition identified,Continue monitoring,MONITOR,No immediate cost optimization action,0.0
2026-08-31 16:00:00,GCP,gcp-disk-041,Persistent Disk,8.07,25.0,56.43,101.21,91.62,0.0759,attached,normal,1,0.1189158121681833,0,LOW,No critical resource condition identified,Continue monitoring,MONITOR,No immediate cost optimization action,0.0
2026-08-31 18:00:00,AWS,aws-ec2-042,EC2,78.89,78.55,67.22,615.37,488.73,0.3041,running,high_utilization,-1,-0.0411098667337332,1,HIGH,CPU and memory utilization are high,Consider scaling or increasing resource capacity,MONITOR,No immediate cost optimization action,0.0
2026-08-31 20:00:00,Azure,azure-vm-042,VM,51.19,51.77,67.05,591.16,504.02,0.1918,running,normal,1,0.1082937041975746,0,LOW,No critical resource condition identified,Continue monitoring,MONITOR,No immediate cost optimization action,0.0
2026-08-31 22:00:00,GCP,gcp-ce-042,Compute Engine,42.91,56.89,60.02,734.86,530.91,0.185,running,normal,1,0.1150775687357886,0,LOW,No critical resource condition identified,Continue monitoring,MONITOR,No immediate cost optimization action,0.0
2026-09-01 00:00:00,AWS,aws-rds-042,RDS,38.78,56.67,69.34,459.33,285.83,0.2336,running,normal,1,0.1280714519482265,0,LOW,No critical resource condition identified,Continue monitoring,MONITOR,No immediate cost optimization action,0.0
2026-09-01 02:00:00,Azure,azure-sql-042,SQL Database,40.36,71.68,71.07,325.37,298.59,0.2171,running,normal,1,0.0815457905179978,0,LOW,No critical resource condition identified,Continue monitoring,MONITOR,No immediate cost optimization action,0.0
2026-09-01 04:00:00,GCP,gcp-sql-042,Cloud SQL,31.36,71.87,74.46,458.56,433.07,0.2149,running,normal,1,0.0820434777814561,0,LOW,No critical resource condition identified,Continue monitoring,MONITOR,No immediate cost optimization action,0.0
2026-09-01 06:00:00,AWS,aws-ebs-042,EBS,23.38,14.76,53.42,142.23,99.66,0.0798,attached,normal,1,0.0772063433202083,0,LOW,No critical resource condition identified,Continue monitoring,MONITOR,No immediate cost optimization action,0.0
2026-09-01 08:00:00,Azure,azure-disk-042,Managed Disk,15.24,19.86,60.49,132.55,92.5,0.0771,attached,normal,1,0.1244940523400418,0,LOW,No critical resource condition identified,Continue monitoring,MONITOR,No immediate cost optimization action,0.0
2026-09-01 10:00:00,GCP,gcp-disk-042,Persistent Disk,5.86,19.89,62.85,141.65,94.23,0.0749,attached,normal,1,0.0941557164962662,0,MEDIUM,Very low resource utilization,Consider right-sizing the resource,RIGHT_SIZING,Consider reducing resource capacity,0.022469999999999997
2026-09-01 12:00:00,AWS,aws-ec2-043,EC2,58.01,62.55,61.42,646.72,361.84,0.1565,running,normal,1,0.0676234263359373,0,LOW,No critical resource condition identified,Continue monitoring,MONITOR,No immediate cost optimization action,0.0
2026-09-01 14:00:00,Azure,azure-vm-043,VM,48.6,35.62,62.38,738.78,641.42,0.193,running,normal,1,0.0440982718792279,0,LOW,No critical resource condition identified,Continue monitoring,MONITOR,No immediate cost optimization action,0.0
2026-09-01 16:00:00,GCP,gcp-ce-043,Compute Engine,52.77,55.64,64.48,786.77,449.01,0.1776,running,normal,1,0.1002730993056053,0,LOW,No critical resource condition identified,Continue monitoring,MONITOR,No immediate cost optimization action,0.0
2026-09-01 18:00:00,AWS,aws-rds-043,RDS,39.87,71.48,72.96,430.54,308.88,0.2348,running,normal,1,0.1071791190339214,0,LOW,No critical resource condition identified,Continue monitoring,MONITOR,No immediate cost optimization action,0.0
2026-09-01 20:00:00,Azure,azure-sql-043,SQL Database,38.63,71.1,75.65,526.97,342.71,0.2464,running,normal,1,0.0886196685543486,0,LOW,No critical resource condition identified,Continue monitoring,MONITOR,No immediate cost optimization action,0.0
2026-09-01 22:00:00,GCP,gcp-sql-043,Cloud SQL,42.95,57.89,76.3,461.44,381.86,0.2669,running,normal,1,0.0982165554235309,0,LOW,No critical resource condition identified,Continue monitoring,MONITOR,No immediate cost optimization action,0.0
2026-09-02 00:00:00,AWS,aws-ebs-043,EBS,5.26,19.7,59.5,111.15,95.02,0.0837,attached,normal,1,0.1066433105838042,0,MEDIUM,Very low resource utilization,Consider right-sizing the resource,RIGHT_SIZING,Consider reducing resource capacity,0.025109999999999997
2026-09-02 02:00:00,Azure,azure-disk-043,Managed Disk,17.08,23.77,62.16,146.63,124.99,0.0717,attached,normal,1,0.0833382716650942,0,LOW,No critical resource condition identified,Continue monitoring,MONITOR,No immediate cost optimization action,0.0
2026-09-02 04:00:00,GCP,gcp-disk-043,Persistent Disk,11.85,22.7,56.74,116.83,73.11,0.0607,attached,normal,1,0.1140470677466017,0,LOW,No critical resource condition identified,Continue monitoring,MONITOR,No immediate cost optimization action,0.0
2026-09-02 06:00:00,AWS,aws-ec2-044,EC2,53.46,51.06,65.67,696.09,631.36,0.2038,running,normal,1,0.0864187623704028,0,LOW,No critical resource condition identified,Continue monitoring,MONITOR,No immediate cost optimization action,0.0
2026-09-02 08:00:00,Azure,azure-vm-044,VM,38.29,48.41,64.79,826.97,763.11,0.2058,running,normal,1,0.0222873375043487,0,LOW,No critical resource condition identified,Continue monitoring,MONITOR,No immediate cost optimization action,0.0
2026-09-02 10:00:00,GCP,gcp-ce-044,Compute Engine,43.72,45.77,65.28,965.85,572.67,0.1629,running,normal,1,0.0316494234652764,0,LOW,No critical resource condition identified,Continue monitoring,MONITOR,No immediate cost optimization action,0.0
2026-09-02 12:00:00,AWS,aws-rds-044,RDS,40.91,64.26,74.39,375.71,236.39,0.2683,running,normal,1,0.080932122901725,0,LOW,No critical resource condition identified,Continue monitoring,MONITOR,No immediate cost optimization action,0.0
2026-09-02 14:00:00,Azure,azure-sql-044,SQL Database,5.79,13.28,64.72,484.05,400.18,0.2699,running,underutilized,-1,-0.0260773924965541,1,MEDIUM,Resource has very low CPU and memory utilization,Consider right-sizing or reducing allocated capacity,RIGHT_SIZING,Consider reducing resource capacity,0.08096999999999999
2026-09-02 16:00:00,GCP,gcp-sql-044,Cloud SQL,47.41,60.83,70.5,496.17,462.82,0.2458,running,normal,1,0.1213366425585255,0,LOW,No critical resource condition identified,Continue monitoring,MONITOR,No immediate cost optimization action,0.0
2026-09-02 18:00:00,AWS,aws-ebs-044,EBS,15.31,25.21,59.69,84.7,52.02,0.0645,attached,normal,1,0.0618092551302616,0,LOW,No critical resource condition identified,Continue monitoring,MONITOR,No immediate cost optimization action,0.0
2026-09-02 20:00:00,Azure,azure-disk-044,Managed Disk,13.39,15.3,56.37,112.05,79.74,0.0775,attached,normal,1,0.1215990456042919,0,LOW,No critical resource condition identified,Continue monitoring,MONITOR,No immediate cost optimization action,0.0
2026-09-02 22:00:00,GCP,gcp-disk-044,Persistent Disk,14.67,17.65,62.82,125.06,108.32,0.0726,attached,normal,1,0.1038417110594372,0,LOW,No critical resource condition identified,Continue monitoring,MONITOR,No immediate cost optimization action,0.0
2026-09-03 00:00:00,AWS,aws-ec2-045,EC2,47.79,42.69,59.0,730.53,555.9,0.208,running,normal,1,0.0870457548737623,0,LOW,No critical resource condition identified,Continue monitoring,MONITOR,No immediate cost optimization action,0.0
2026-09-03 02:00:00,Azure,azure-vm-045,VM,41.68,42.5,68.68,521.21,439.69,0.2154,running,normal,1,0.0956590860043866,0,LOW,No critical resource condition identified,Continue monitoring,MONITOR,No immediate cost optimization action,0.0
2026-09-03 04:00:00,GCP,gcp-ce-045,Compute Engine,50.59,43.28,62.07,764.7,684.9,0.1926,running,normal,1,0.0512655319001001,0,LOW,No critical resource condition identified,Continue monitoring,MONITOR,No immediate cost optimization action,0.0
2026-09-03 06:00:00,AWS,aws-rds-045,RDS,43.73,75.36,70.87,456.81,286.52,0.2354,running,normal,1,0.0978504024582003,0,LOW,No critical resource condition identified,Continue monitoring,MONITOR,No immediate cost optimization action,0.0
2026-09-03 08:00:00,Azure,azure-sql-045,SQL Database,42.42,67.37,77.67,347.25,237.98,0.2861,running,normal,1,0.0395727407533386,0,LOW,No critical resource condition identified,Continue monitoring,MONITOR,No immediate cost optimization action,0.0
2026-09-03 10:00:00,GCP,gcp-sql-045,Cloud SQL,45.97,66.07,69.34,383.64,272.71,0.202,running,normal,1,0.1028290157074436,0,LOW,No critical resource condition identified,Continue monitoring,MONITOR,No immediate cost optimization action,0.0
2026-09-03 12:00:00,AWS,aws-ebs-045,EBS,10.26,21.22,61.76,102.51,65.06,0.0796,attached,normal,1,0.0899461700667667,0,LOW,No critical resource condition identified,Continue monitoring,MONITOR,No immediate cost optimization action,0.0
2026-09-03 14:00:00,Azure,azure-disk-045,Managed Disk,23.82,19.12,58.7,133.84,118.0,0.0696,attached,normal,1,0.0828568245223977,0,LOW,No critical resource condition identified,Continue monitoring,MONITOR,No immediate cost optimization action,0.0
2026-09-03 16:00:00,GCP,gcp-disk-045,Persistent Disk,8.67,23.84,57.62,112.61,90.87,0.0687,attached,normal,1,0.1240566514956277,0,LOW,No critical resource condition identified,Continue monitoring,MONITOR,No immediate cost optimization action,0.0
2026-09-03 18:00:00,AWS,aws-ec2-046,EC2,37.11,38.22,58.33,567.76,502.27,0.1622,running,normal,1,0.0551302324985485,0,LOW,No critical resource condition identified,Continue monitoring,MONITOR,No immediate cost optimization action,0.0
2026-09-03 20:00:00,Azure,azure-vm-046,VM,33.71,44.04,61.77,653.75,506.87,0.185,running,normal,1,0.1017978594740477,0,LOW,No critical resource condition identified,Continue monitoring,MONITOR,No immediate cost optimization action,0.0
2026-09-03 22:00:00,GCP,gcp-ce-046,Compute Engine,39.27,45.38,62.81,734.41,669.05,0.1991,running,normal,1,0.0690996885356907,0,LOW,No critical resource condition identified,Continue monitoring,MONITOR,No immediate cost optimization action,0.0
2026-09-04 00:00:00,AWS,aws-rds-046,RDS,46.18,55.78,72.98,501.45,279.1,0.2845,running,normal,1,0.0920925114441372,0,LOW,No critical resource condition identified,Continue monitoring,MONITOR,No immediate cost optimization action,0.0
2026-09-04 02:00:00,Azure,azure-sql-046,SQL Database,41.59,66.8,72.25,443.23,334.15,0.2589,running,normal,1,0.1247222200465328,0,LOW,No critical resource condition identified,Continue monitoring,MONITOR,No immediate cost optimization action,0.0
2026-09-04 04:00:00,GCP,gcp-sql-046,Cloud SQL,50.21,72.38,72.37,505.03,312.7,0.2239,running,normal,1,0.0922790816223879,0,LOW,No critical resource condition identified,Continue monitoring,MONITOR,No immediate cost optimization action,0.0
2026-09-04 06:00:00,AWS,aws-ebs-046,EBS,6.18,27.44,66.91,117.8,109.56,0.0665,attached,normal,1,0.0464715230612831,0,LOW,No critical resource condition identified,Continue monitoring,MONITOR,No immediate cost optimization action,0.0
2026-09-04 08:00:00,Azure,azure-disk-046,Managed Disk,16.07,24.85,61.05,138.16,77.7,0.0784,attached,normal,1,0.1058334244488201,0,LOW,No critical resource condition identified,Continue monitoring,MONITOR,No immediate cost optimization action,0.0
2026-09-04 10:00:00,GCP,gcp-disk-046,Persistent Disk,14.42,29.8,61.4,136.29,96.55,0.0587,attached,normal,1,0.0755458404343544,0,LOW,No critical resource condition identified,Continue monitoring,MONITOR,No immediate cost optimization action,0.0
2026-09-04 12:00:00,AWS,aws-ec2-047,EC2,45.07,50.07,66.62,712.99,551.17,0.2003,running,normal,1,0.1112860774038746,0,LOW,No critical resource condition identified,Continue monitoring,MONITOR,No immediate cost optimization action,0.0
2026-09-04 14:00:00,Azure,azure-vm-047,VM,43.43,52.0,59.09,677.4,605.31,0.1687,running,normal,1,0.0983985450547339,0,LOW,No critical resource condition identified,Continue monitoring,MONITOR,No immediate cost optimization action,0.0
2026-09-04 16:00:00,GCP,gcp-ce-047,Compute Engine,38.72,48.4,58.84,898.77,564.29,0.1486,running,normal,1,0.0361244373917787,0,LOW,No critical resource condition identified,Continue monitoring,MONITOR,No immediate cost optimization action,0.0
2026-09-04 18:00:00,AWS,aws-rds-047,RDS,43.42,69.24,70.88,527.51,375.03,0.2685,running,normal,1,0.1162562683763187,0,LOW,No critical resource condition identified,Continue monitoring,MONITOR,No immediate cost optimization action,0.0
2026-09-04 20:00:00,Azure,azure-sql-047,SQL Database,45.82,62.7,75.66,391.59,229.27,0.2501,running,normal,1,0.0695677588201678,0,LOW,No critical resource condition identified,Continue monitoring,MONITOR,No immediate cost optimization action,0.0
2026-09-04 22:00:00,GCP,gcp-sql-047,Cloud SQL,48.06,65.72,73.77,428.36,313.86,0.2593,running,normal,1,0.1077492941367123,0,LOW,No critical resource condition identified,Continue monitoring,MONITOR,No immediate cost optimization action,0.0
2026-09-05 00:00:00,AWS,aws-ebs-047,EBS,6.9,21.18,66.56,88.77,72.47,0.0681,attached,normal,1,0.0486832066190739,0,LOW,No critical resource condition identified,Continue monitoring,MONITOR,No immediate cost optimization action,0.0
2026-09-05 02:00:00,Azure,azure-disk-047,Managed Disk,8.74,20.63,54.27,127.0,83.63,0.0752,attached,normal,1,0.123675350065255,0,LOW,No critical resource condition identified,Continue monitoring,MONITOR,No immediate cost optimization action,0.0
2026-09-05 04:00:00,GCP,gcp-disk-047,Persistent Disk,13.43,30.02,65.02,126.46,113.94,0.0805,attached,normal,1,0.0537360121563181,0,LOW,No critical resource condition identified,Continue monitoring,MONITOR,No immediate cost optimization action,0.0
2026-09-05 06:00:00,AWS,aws-ec2-048,EC2,43.43,57.13,61.52,721.14,558.27,0.1746,running,normal,1,0.1208893102948675,0,LOW,No critical resource condition identified,Continue monitoring,MONITOR,No immediate cost optimization action,0.0
2026-09-05 08:00:00,Azure,azure-vm-048,VM,37.35,63.14,66.28,854.71,773.6,0.2023,running,normal,1,0.017035671273851,0,LOW,No critical resource condition identified,Continue monitoring,MONITOR,No immediate cost optimization action,0.0
2026-09-05 10:00:00,GCP,gcp-ce-048,Compute Engine,36.92,48.02,61.48,832.96,732.32,0.1605,running,normal,1,0.0319296016457011,0,LOW,No critical resource condition identified,Continue monitoring,MONITOR,No immediate cost optimization action,0.0
2026-09-05 12:00:00,AWS,aws-rds-048,RDS,47.94,61.08,73.69,481.06,320.59,0.2781,running,normal,1,0.1013051043582979,0,LOW,No critical resource condition identified,Continue monitoring,MONITOR,No immediate cost optimization action,0.0
2026-09-05 14:00:00,Azure,azure-sql-048,SQL Database,97.51,94.93,74.56,1251.87,1264.56,0.5514,running,high_cpu_and_traffic,-1,-0.2414602470715585,1,HIGH,High CPU and network traffic,Investigate workload and consider scaling resources,SCALE_UP_REQUIRED,Resource is heavily utilized; scaling may be required,0.0
2026-09-05 16:00:00,GCP,gcp-sql-048,Cloud SQL,32.89,66.19,71.07,545.26,386.39,0.23,running,normal,1,0.1237593888135061,0,LOW,No critical resource condition identified,Continue monitoring,MONITOR,No immediate cost optimization action,0.0
2026-09-05 18:00:00,AWS,aws-ebs-048,EBS,14.92,18.51,57.75,116.46,67.32,0.0736,attached,normal,1,0.1177398591851037,0,LOW,No critical resource condition identified,Continue monitoring,MONITOR,No immediate cost optimization action,0.0
2026-09-05 20:00:00,Azure,azure-disk-048,Managed Disk,1.0,27.11,58.94,112.94,83.43,0.0774,attached,normal,1,0.0859160266646543,0,LOW,No critical resource condition identified,Continue monitoring,MONITOR,No immediate cost optimization action,0.0
2026-09-05 22:00:00,GCP,gcp-disk-048,Persistent Disk,8.96,27.64,58.46,149.83,102.87,0.0767,attached,normal,1,0.1041856084157969,0,LOW,No critical resource condition identified,Continue monitoring,MONITOR,No immediate cost optimization action,0.0
2026-09-06 00:00:00,AWS,aws-ec2-049,EC2,43.63,55.52,62.82,683.71,578.19,0.168,running,normal,1,0.1135609437446917,0,LOW,No critical resource condition identified,Continue monitoring,MONITOR,No immediate cost optimization action,0.0
2026-09-06 02:00:00,Azure,azure-vm-049,VM,32.11,54.6,64.77,596.44,419.02,0.2186,running,normal,1,0.1278260702351046,0,LOW,No critical resource condition identified,Continue monitoring,MONITOR,No immediate cost optimization action,0.0
2026-09-06 04:00:00,GCP,gcp-ce-049,Compute Engine,42.17,61.2,63.52,677.53,608.63,0.1905,running,normal,1,0.1082947139694949,0,LOW,No critical resource condition identified,Continue monitoring,MONITOR,No immediate cost optimization action,0.0
2026-09-06 06:00:00,AWS,aws-rds-049,RDS,42.85,58.81,69.92,385.41,284.19,0.279,running,normal,1,0.113661817481408,0,LOW,No critical resource condition identified,Continue monitoring,MONITOR,No immediate cost optimization action,0.0
2026-09-06 08:00:00,Azure,azure-sql-049,SQL Database,47.72,56.45,73.72,611.51,396.81,0.2362,running,normal,1,0.1081893641878835,0,LOW,No critical resource condition identified,Continue monitoring,MONITOR,No immediate cost optimization action,0.0
2026-09-06 10:00:00,GCP,gcp-sql-049,Cloud SQL,39.94,65.22,70.39,448.6,424.53,0.1989,running,normal,1,0.1179534812397414,0,LOW,No critical resource condition identified,Continue monitoring,MONITOR,No immediate cost optimization action,0.0
2026-09-06 12:00:00,AWS,aws-ebs-049,EBS,4.33,21.82,62.3,101.85,72.74,0.0636,attached,normal,1,0.0784973889267235,0,LOW,No critical resource condition identified,Continue monitoring,MONITOR,No immediate cost optimization action,0.0
2026-09-06 14:00:00,Azure,azure-disk-049,Managed Disk,1.97,20.54,61.33,112.81,102.34,0.0625,attached,normal,1,0.0739680599561342,0,LOW,No critical resource condition identified,Continue monitoring,MONITOR,No immediate cost optimization action,0.0
2026-09-06 16:00:00,GCP,gcp-disk-049,Persistent Disk,5.87,26.04,65.31,111.64,81.95,0.062,attached,normal,1,0.0566487180422652,0,LOW,No critical resource condition identified,Continue monitoring,MONITOR,No immediate cost optimization action,0.0
2026-09-06 18:00:00,AWS,aws-ec2-050,EC2,40.91,65.38,66.14,513.79,456.13,0.164,running,normal,1,0.1029338893275726,0,LOW,No critical resource condition identified,Continue monitoring,MONITOR,No immediate cost optimization action,0.0
2026-09-06 20:00:00,Azure,azure-vm-050,VM,38.44,62.85,62.56,544.02,339.83,0.1935,running,normal,1,0.1263047781838069,0,LOW,No critical resource condition identified,Continue monitoring,MONITOR,No immediate cost optimization action,0.0
2026-09-06 22:00:00,GCP,gcp-ce-050,Compute Engine,38.82,64.63,58.92,565.65,329.39,0.2023,running,normal,1,0.1090857613337963,0,LOW,No critical resource condition identified,Continue monitoring,MONITOR,No immediate cost optimization action,0.0
2026-09-07 00:00:00,AWS,aws-rds-050,RDS,34.51,64.29,75.86,483.43,367.43,0.2588,running,normal,1,0.10356263691206,0,LOW,No critical resource condition identified,Continue monitoring,MONITOR,No immediate cost optimization action,0.0
2026-09-07 02:00:00,Azure,azure-sql-050,SQL Database,31.64,61.4,69.67,506.39,469.89,0.2535,running,normal,1,0.1159420428154366,0,LOW,No critical resource condition identified,Continue monitoring,MONITOR,No immediate cost optimization action,0.0
2026-09-07 04:00:00,GCP,gcp-sql-050,Cloud SQL,34.69,58.93,64.44,470.4,409.16,0.2702,running,normal,1,0.1258266576319305,0,LOW,No critical resource condition identified,Continue monitoring,MONITOR,No immediate cost optimization action,0.0
2026-09-07 06:00:00,AWS,aws-ebs-050,EBS,13.06,21.57,57.75,117.45,88.75,0.0659,attached,normal,1,0.1281503374214844,0,LOW,No critical resource condition identified,Continue monitoring,MONITOR,No immediate cost optimization action,0.0
2026-09-07 08:00:00,Azure,azure-disk-050,Managed Disk,10.41,27.03,57.94,123.16,85.05,0.068,attached,normal,1,0.1192464359508889,0,LOW,No critical resource condition identified,Continue monitoring,MONITOR,No immediate cost optimization action,0.0
2026-09-07 10:00:00,GCP,gcp-disk-050,Persistent Disk,0.08,1.48,60.11,103.71,73.03,0.247,stopped,stopped_with_cost,-1,-0.0525369520810135,1,HIGH,Resource is stopped but still generating cost,Investigate billing and remove or right-size unused resources,STOPPED_RESOURCE,Investigate termination or cleanup,0.247
2026-09-07 12:00:00,AWS,aws-ec2-051,EC2,52.31,57.94,64.67,657.71,540.5,0.2015,running,normal,1,0.1238969688196819,0,LOW,No critical resource condition identified,Continue monitoring,MONITOR,No immediate cost optimization action,0.0
2026-09-07 14:00:00,Azure,azure-vm-051,VM,56.52,67.47,62.21,768.0,458.96,0.1768,running,normal,1,0.0859709058843938,0,LOW,No critical resource condition identified,Continue monitoring,MONITOR,No immediate cost optimization action,0.0
2026-09-07 16:00:00,GCP,gcp-ce-051,Compute Engine,49.88,66.55,67.92,650.66,369.57,0.2018,running,normal,1,0.1115106285292443,0,LOW,No critical resource condition identified,Continue monitoring,MONITOR,No immediate cost optimization action,0.0
2026-09-07 18:00:00,AWS,aws-rds-051,RDS,27.84,57.82,71.97,340.71,225.9,0.2541,running,normal,1,0.074180287227572,0,LOW,No critical resource condition identified,Continue monitoring,MONITOR,No immediate cost optimization action,0.0
2026-09-07 20:00:00,Azure,azure-sql-051,SQL Database,26.8,58.93,74.17,500.64,286.17,0.2985,running,normal,1,0.0755472258792496,0,LOW,No critical resource condition identified,Continue monitoring,MONITOR,No immediate cost optimization action,0.0
2026-09-07 22:00:00,GCP,gcp-sql-051,Cloud SQL,24.41,52.96,75.86,413.41,361.74,0.2579,running,normal,1,0.0855175687655146,0,LOW,No critical resource condition identified,Continue monitoring,MONITOR,No immediate cost optimization action,0.0
2026-09-08 00:00:00,AWS,aws-ebs-051,EBS,19.05,24.95,63.71,137.42,113.17,0.0753,attached,normal,1,0.0821507910785428,0,LOW,No critical resource condition identified,Continue monitoring,MONITOR,No immediate cost optimization action,0.0
2026-09-08 02:00:00,Azure,azure-disk-051,Managed Disk,9.56,18.54,69.33,130.01,112.43,0.0736,attached,normal,1,0.0497635390560542,0,MEDIUM,Very low resource utilization,Consider right-sizing the resource,RIGHT_SIZING,Consider reducing resource capacity,0.02208
2026-09-08 04:00:00,GCP,gcp-disk-051,Persistent Disk,5.43,28.06,59.47,129.02,82.96,0.0592,attached,normal,1,0.0811060268876955,0,LOW,No critical resource condition identified,Continue monitoring,MONITOR,No immediate cost optimization action,0.0
2026-09-08 06:00:00,AWS,aws-ec2-052,EC2,49.06,62.21,64.72,639.45,560.17,0.1732,running,normal,1,0.1126359766866849,0,LOW,No critical resource condition identified,Continue monitoring,MONITOR,No immediate cost optimization action,0.0
2026-09-08 08:00:00,Azure,azure-vm-052,VM,48.56,58.37,63.35,815.54,692.49,0.1909,running,normal,1,0.0673879485901831,0,LOW,No critical resource condition identified,Continue monitoring,MONITOR,No immediate cost optimization action,0.0
2026-09-08 10:00:00,GCP,gcp-ce-052,Compute Engine,52.4,61.15,66.64,632.43,452.78,0.156,running,normal,1,0.1002494252291335,0,LOW,No critical resource condition identified,Continue monitoring,MONITOR,No immediate cost optimization action,0.0
2026-09-08 12:00:00,AWS,aws-rds-052,RDS,35.21,50.19,70.75,457.34,365.22,0.2424,running,normal,1,0.1224688623163664,0,LOW,No critical resource condition identified,Continue monitoring,MONITOR,No immediate cost optimization action,0.0
2026-09-08 14:00:00,Azure,azure-sql-052,SQL Database,32.06,48.18,71.43,425.4,302.26,0.2609,running,normal,1,0.1097990335560396,0,LOW,No critical resource condition identified,Continue monitoring,MONITOR,No immediate cost optimization action,0.0
2026-09-08 16:00:00,GCP,gcp-sql-052,Cloud SQL,30.55,52.35,68.96,502.64,342.62,0.2426,running,normal,1,0.1270041891904816,0,LOW,No critical resource condition identified,Continue monitoring,MONITOR,No immediate cost optimization action,0.0
2026-09-08 18:00:00,AWS,aws-ebs-052,EBS,3.56,21.04,63.65,101.44,60.94,0.0631,attached,normal,1,0.0504826762792757,0,LOW,No critical resource condition identified,Continue monitoring,MONITOR,No immediate cost optimization action,0.0
2026-09-08 20:00:00,Azure,azure-disk-052,Managed Disk,20.59,29.03,56.66,164.89,96.52,0.0875,attached,normal,1,0.0704805678723564,0,LOW,No critical resource condition identified,Continue monitoring,MONITOR,No immediate cost optimization action,0.0
2026-09-08 22:00:00,GCP,gcp-disk-052,Persistent Disk,16.35,14.29,63.15,118.06,108.91,0.0613,attached,normal,1,0.0659650027421756,0,LOW,No critical resource condition identified,Continue monitoring,MONITOR,No immediate cost optimization action,0.0
2026-09-09 00:00:00,AWS,aws-ec2-053,EC2,4.84,12.04,64.52,815.09,467.08,0.2111,running,underutilized,-1,-0.0568530341836208,1,MEDIUM,Resource has very low CPU and memory utilization,Consider right-sizing or reducing allocated capacity,RIGHT_SIZING,Consider reducing resource capacity,0.06333
2026-09-09 02:00:00,Azure,azure-vm-053,VM,50.13,59.89,67.39,802.48,491.11,0.1768,running,normal,1,0.0901166521298981,0,LOW,No critical resource condition identified,Continue monitoring,MONITOR,No immediate cost optimization action,0.0
2026-09-09 04:00:00,GCP,gcp-ce-053,Compute Engine,60.14,64.22,62.58,865.41,478.57,0.1583,running,normal,1,0.0399780218616236,0,LOW,No critical resource condition identified,Continue monitoring,MONITOR,No immediate cost optimization action,0.0
2026-09-09 06:00:00,AWS,aws-rds-053,RDS,28.3,50.65,69.07,492.72,386.91,0.2347,running,normal,1,0.1181599197873964,0,LOW,No critical resource condition identified,Continue monitoring,MONITOR,No immediate cost optimization action,0.0
2026-09-09 08:00:00,Azure,azure-sql-053,SQL Database,24.58,48.86,75.03,553.23,499.43,0.273,running,normal,1,0.0475593006018154,0,LOW,No critical resource condition identified,Continue monitoring,MONITOR,No immediate cost optimization action,0.0
2026-09-09 10:00:00,GCP,gcp-sql-053,Cloud SQL,20.81,51.81,70.29,322.08,178.59,0.2783,running,normal,1,0.0162185153091263,0,LOW,No critical resource condition identified,Continue monitoring,MONITOR,No immediate cost optimization action,0.0
2026-09-09 12:00:00,AWS,aws-ebs-053,EBS,5.72,15.67,59.36,127.14,91.2,0.0674,attached,normal,1,0.1082857977694438,0,MEDIUM,Very low resource utilization,Consider right-sizing the resource,RIGHT_SIZING,Consider reducing resource capacity,0.02022
2026-09-09 14:00:00,Azure,azure-disk-053,Managed Disk,16.21,23.94,61.87,125.46,107.98,0.0663,attached,normal,1,0.101248349866185,0,LOW,No critical resource condition identified,Continue monitoring,MONITOR,No immediate cost optimization action,0.0
2026-09-09 16:00:00,GCP,gcp-disk-053,Persistent Disk,10.58,16.46,59.45,127.59,70.78,0.0636,attached,normal,1,0.1091163924190185,0,LOW,No critical resource condition identified,Continue monitoring,MONITOR,No immediate cost optimization action,0.0
2026-09-09 18:00:00,AWS,aws-ec2-054,EC2,51.6,59.28,63.17,572.91,450.81,0.1692,running,normal,1,0.1213040258016781,0,LOW,No critical resource condition identified,Continue monitoring,MONITOR,No immediate cost optimization action,0.0
2026-09-09 20:00:00,Azure,azure-vm-054,VM,50.58,66.52,63.49,552.32,344.27,0.1917,running,normal,1,0.1149164508169145,0,LOW,No critical resource condition identified,Continue monitoring,MONITOR,No immediate cost optimization action,0.0
2026-09-09 22:00:00,GCP,gcp-ce-054,Compute Engine,52.91,62.56,68.61,702.1,616.31,0.1884,running,normal,1,0.0755817528807681,0,LOW,No critical resource condition identified,Continue monitoring,MONITOR,No immediate cost optimization action,0.0
2026-09-10 00:00:00,AWS,aws-rds-054,RDS,28.33,65.29,73.64,299.14,197.81,0.2124,running,normal,1,0.0373238357282185,0,LOW,No critical resource condition identified,Continue monitoring,MONITOR,No immediate cost optimization action,0.0
2026-09-10 02:00:00,Azure,azure-sql-054,SQL Database,38.81,65.14,70.6,511.57,393.68,0.2283,running,normal,1,0.1313865456793664,0,LOW,No critical resource condition identified,Continue monitoring,MONITOR,No immediate cost optimization action,0.0
2026-09-10 04:00:00,GCP,gcp-sql-054,Cloud SQL,24.77,52.9,71.65,510.65,392.99,0.2438,running,normal,1,0.1066163639662821,0,LOW,No critical resource condition identified,Continue monitoring,MONITOR,No immediate cost optimization action,0.0
2026-09-10 06:00:00,AWS,aws-ebs-054,EBS,6.61,15.9,59.84,135.65,79.93,0.0798,attached,normal,1,0.1087505041349475,0,MEDIUM,Very low resource utilization,Consider right-sizing the resource,RIGHT_SIZING,Consider reducing resource capacity,0.02394
2026-09-10 08:00:00,Azure,azure-disk-054,Managed Disk,9.69,3.69,56.8,145.59,125.17,0.0777,attached,normal,1,0.0456102996006932,0,MEDIUM,Very low resource utilization,Consider right-sizing the resource,RIGHT_SIZING,Consider reducing resource capacity,0.02331
2026-09-10 10:00:00,GCP,gcp-disk-054,Persistent Disk,21.78,23.65,62.2,114.72,103.9,0.0758,attached,normal,1,0.0853503493684788,0,LOW,No critical resource condition identified,Continue monitoring,MONITOR,No immediate cost optimization action,0.0
2026-09-10 12:00:00,AWS,aws-ec2-055,EC2,62.56,63.18,95.17,1151.88,482.66,0.1735,running,storage_pressure,-1,-0.1064198116516972,1,HIGH,Storage utilization is critically high,Clean up unused storage or increase storage capacity,STORAGE_OPTIMIZATION,Review storage usage and remove unnecessary data,0.01735
2026-09-10 14:00:00,Azure,azure-vm-055,VM,52.75,48.25,58.92,593.1,400.73,0.17,running,normal,1,0.0995723035541104,0,LOW,No critical resource condition identified,Continue monitoring,MONITOR,No immediate cost optimization action,0.0
2026-09-10 16:00:00,GCP,gcp-ce-055,Compute Engine,55.1,70.35,61.51,697.12,603.68,0.1523,running,normal,1,0.0523884975570251,0,LOW,No critical resource condition identified,Continue monitoring,MONITOR,No immediate cost optimization action,0.0
2026-09-10 18:00:00,AWS,aws-rds-055,RDS,33.09,49.29,78.03,403.99,322.03,0.2044,running,normal,1,0.0567602198729588,0,LOW,No critical resource condition identified,Continue monitoring,MONITOR,No immediate cost optimization action,0.0
2026-09-10 20:00:00,Azure,azure-sql-055,SQL Database,38.41,57.22,73.73,410.58,351.41,0.2537,running,normal,1,0.1178820999274603,0,LOW,No critical resource condition identified,Continue monitoring,MONITOR,No immediate cost optimization action,0.0
2026-09-10 22:00:00,GCP,gcp-sql-055,Cloud SQL,29.68,57.06,72.01,605.23,547.5,0.2058,running,normal,1,0.0856090886864787,0,LOW,No critical resource condition identified,Continue monitoring,MONITOR,No immediate cost optimization action,0.0
2026-09-11 00:00:00,AWS,aws-ebs-055,EBS,13.24,18.32,58.34,111.95,68.37,0.0648,attached,normal,1,0.111881463239171,0,LOW,No critical resource condition identified,Continue monitoring,MONITOR,No immediate cost optimization action,0.0
2026-09-11 02:00:00,Azure,azure-disk-055,Managed Disk,15.4,23.93,64.25,149.29,134.83,0.0721,attached,normal,1,0.0623988246670029,0,LOW,No critical resource condition identified,Continue monitoring,MONITOR,No immediate cost optimization action,0.0
2026-09-11 04:00:00,GCP,gcp-disk-055,Persistent Disk,11.94,13.17,58.72,161.96,118.13,0.0581,attached,normal,1,0.0514264092008248,0,LOW,No critical resource condition identified,Continue monitoring,MONITOR,No immediate cost optimization action,0.0
2026-09-11 06:00:00,AWS,aws-ec2-056,EC2,58.24,62.06,71.32,537.48,490.57,0.1743,running,normal,1,0.0647096521858192,0,LOW,No critical resource condition identified,Continue monitoring,MONITOR,No immediate cost optimization action,0.0
2026-09-11 08:00:00,Azure,azure-vm-056,VM,41.72,63.61,64.63,777.66,463.15,0.2043,running,normal,1,0.1094278880100271,0,LOW,No critical resource condition identified,Continue monitoring,MONITOR,No immediate cost optimization action,0.0
2026-09-11 10:00:00,GCP,gcp-ce-056,Compute Engine,49.05,58.58,68.42,640.5,468.49,0.1818,running,normal,1,0.1165725486169355,0,LOW,No critical resource condition identified,Continue monitoring,MONITOR,No immediate cost optimization action,0.0
2026-09-11 12:00:00,AWS,aws-rds-056,RDS,38.05,49.02,70.29,551.33,313.7,0.211,running,normal,1,0.1104005861072351,0,LOW,No critical resource condition identified,Continue monitoring,MONITOR,No immediate cost optimization action,0.0
2026-09-11 14:00:00,Azure,azure-sql-056,SQL Database,35.69,59.55,76.19,358.32,334.58,0.2813,running,normal,1,0.074078467636424,0,LOW,No critical resource condition identified,Continue monitoring,MONITOR,No immediate cost optimization action,0.0
