timestamp,cloud,resource_id,resource_type,cpu_utilization,memory_utilization,storage_utilization,network_in_mb,network_out_mb,cost_usd,status,anomaly_type,anomaly_prediction,is_anomaly,anomaly_score,risk_level,risk_reason,recommendation
2026-08-01 00:00:00,AWS,aws-ec2-001,EC2,46.52,49.8,60.25,798.76,469.41,0.2145,running,normal,1,0,0.1141859519783454,LOW,No critical resource condition identified,Continue monitoring
2026-08-01 02:00:00,Azure,azure-vm-001,VM,46.19,53.77,57.96,610.43,426.28,0.222,running,normal,1,0,0.1367258365652932,LOW,No critical resource condition identified,Continue monitoring
2026-08-01 04:00:00,GCP,gcp-ce-001,Compute Engine,46.44,61.33,59.43,609.77,470.64,0.1523,running,normal,1,0,0.1496408030444753,LOW,No critical resource condition identified,Continue monitoring
2026-08-01 06:00:00,AWS,aws-rds-001,RDS,43.59,62.53,64.5,404.04,379.1,0.279,running,normal,1,0,0.0858397084119428,LOW,No critical resource condition identified,Continue monitoring
2026-08-01 08:00:00,Azure,azure-sql-001,SQL Database,37.45,61.27,66.67,474.67,290.36,0.2744,running,normal,1,0,0.0849970195257625,LOW,No critical resource condition identified,Continue monitoring
2026-08-01 10:00:00,GCP,gcp-sql-001,Cloud SQL,50.69,61.26,63.55,395.07,291.49,0.2133,running,normal,1,0,0.1423302546292256,LOW,No critical resource condition identified,Continue monitoring
2026-08-01 12:00:00,AWS,aws-ebs-001,EBS,12.14,16.64,47.68,131.71,95.47,0.0799,attached,normal,1,0,0.054918025708749,LOW,No critical resource condition identified,Continue monitoring
2026-08-01 14:00:00,Azure,azure-disk-001,Managed Disk,6.97,23.7,48.18,124.18,87.55,0.0699,attached,normal,1,0,0.0487364964335956,LOW,No critical resource condition identified,Continue monitoring
2026-08-01 16:00:00,GCP,gcp-disk-001,Persistent Disk,17.3,22.23,52.24,121.22,104.82,0.0735,attached,normal,1,0,0.0641855479467662,LOW,No critical resource condition identified,Continue monitoring
2026-08-01 18:00:00,AWS,aws-ec2-002,EC2,42.51,56.45,56.72,632.92,383.5,0.1602,running,normal,1,0,0.1492626383544941,LOW,No critical resource condition identified,Continue monitoring
2026-08-01 20:00:00,Azure,azure-vm-002,VM,45.94,63.21,53.1,664.84,534.45,0.1973,running,normal,1,0,0.13285123365354,LOW,No critical resource condition identified,Continue monitoring
2026-08-01 22:00:00,GCP,gcp-ce-002,Compute Engine,54.29,62.65,57.12,651.45,414.22,0.1734,running,normal,1,0,0.1466313200057833,LOW,No critical resource condition identified,Continue monitoring
2026-08-02 00:00:00,AWS,aws-rds-002,RDS,36.14,59.34,62.46,483.56,322.74,0.2596,running,normal,1,0,0.1120255599762116,LOW,No critical resource condition identified,Continue monitoring
2026-08-02 02:00:00,Azure,azure-sql-002,SQL Database,40.71,66.03,67.11,429.12,375.74,0.2289,running,normal,1,0,0.1295808048768967,LOW,No critical resource condition identified,Continue monitoring
2026-08-02 04:00:00,GCP,gcp-sql-002,Cloud SQL,41.34,63.56,61.66,482.87,296.73,0.2387,running,normal,1,0,0.1170207648315209,LOW,No critical resource condition identified,Continue monitoring
2026-08-02 06:00:00,AWS,aws-ebs-002,EBS,16.1,24.2,52.37,118.23,79.28,0.0749,attached,normal,1,0,0.0651354089798679,LOW,No critical resource condition identified,Continue monitoring
2026-08-02 08:00:00,Azure,azure-disk-002,Managed Disk,5.35,14.84,46.43,102.05,93.22,0.0805,attached,normal,1,0,0.0325094191926232,MEDIUM,Very low resource utilization,Consider right-sizing the resource
2026-08-02 10:00:00,GCP,gcp-disk-002,Persistent Disk,12.0,28.67,49.36,133.28,97.26,0.0642,attached,normal,1,0,0.0566543047320857,LOW,No critical resource condition identified,Continue monitoring
2026-08-02 12:00:00,AWS,aws-ec2-003,EC2,48.66,58.95,60.79,518.63,348.72,0.1895,running,normal,1,0,0.1570819805151617,LOW,No critical resource condition identified,Continue monitoring
2026-08-02 14:00:00,Azure,azure-vm-003,VM,50.73,53.65,58.5,644.4,465.8,0.2021,running,normal,1,0,0.1445348739331164,LOW,No critical resource condition identified,Continue monitoring
2026-08-02 16:00:00,GCP,gcp-ce-003,Compute Engine,61.97,59.92,55.23,718.82,407.32,0.1786,running,normal,1,0,0.1315697482912026,LOW,No critical resource condition identified,Continue monitoring
2026-08-02 18:00:00,AWS,aws-rds-003,RDS,49.11,68.7,69.77,369.76,228.6,0.2817,running,normal,1,0,0.0486581546259258,LOW,No critical resource condition identified,Continue monitoring
2026-08-02 20:00:00,Azure,azure-sql-003,SQL Database,43.18,60.21,67.3,435.0,406.04,0.2567,running,normal,1,0,0.1071011779403988,LOW,No critical resource condition identified,Continue monitoring
2026-08-02 22:00:00,GCP,gcp-sql-003,Cloud SQL,46.87,71.46,71.4,646.69,598.27,0.2445,running,normal,1,0,0.0736271477602517,LOW,No critical resource condition identified,Continue monitoring
2026-08-03 00:00:00,AWS,aws-ebs-003,EBS,3.8,24.07,48.16,112.52,81.64,0.06,attached,normal,1,0,0.0251959587121072,LOW,No critical resource condition identified,Continue monitoring
2026-08-03 02:00:00,Azure,azure-disk-003,Managed Disk,19.85,23.57,50.15,101.36,60.15,0.0798,attached,normal,1,0,0.0534293865030214,LOW,No critical resource condition identified,Continue monitoring
2026-08-03 04:00:00,GCP,gcp-disk-003,Persistent Disk,14.32,31.68,51.04,137.69,126.18,0.0632,attached,normal,1,0,0.0531191382548733,LOW,No critical resource condition identified,Continue monitoring
2026-08-03 06:00:00,AWS,aws-ec2-004,EC2,50.15,58.75,64.79,613.75,535.99,0.173,running,normal,1,0,0.1481263883938909,LOW,No critical resource condition identified,Continue monitoring
2026-08-03 08:00:00,Azure,azure-vm-004,VM,59.66,64.43,57.95,695.72,643.14,0.1715,running,normal,1,0,0.1019126654232912,LOW,No critical resource condition identified,Continue monitoring
2026-08-03 10:00:00,GCP,gcp-ce-004,Compute Engine,52.72,56.49,54.6,718.12,610.0,0.2028,running,normal,1,0,0.1148635406140494,LOW,No critical resource condition identified,Continue monitoring
2026-08-03 12:00:00,AWS,aws-rds-004,RDS,45.39,69.7,69.46,464.81,378.66,0.2354,running,normal,1,0,0.1166600746062265,LOW,No critical resource condition identified,Continue monitoring
2026-08-03 14:00:00,Azure,azure-sql-004,SQL Database,48.14,76.06,66.11,367.35,237.45,0.225,running,normal,1,0,0.1029178135717531,LOW,No critical resource condition identified,Continue monitoring
2026-08-03 16:00:00,GCP,gcp-sql-004,Cloud SQL,54.61,67.59,64.43,548.65,493.69,0.2139,running,normal,1,0,0.1369557089704308,LOW,No critical resource condition identified,Continue monitoring
2026-08-03 18:00:00,AWS,aws-ebs-004,EBS,10.43,26.22,49.64,119.91,72.85,0.0598,attached,normal,1,0,0.0401204707965456,LOW,No critical resource condition identified,Continue monitoring
2026-08-03 20:00:00,Azure,azure-disk-004,Managed Disk,21.97,23.45,52.78,83.1,62.53,0.0803,attached,normal,1,0,0.0505759742403894,LOW,No critical resource condition identified,Continue monitoring
2026-08-03 22:00:00,GCP,gcp-disk-004,Persistent Disk,8.86,18.6,49.87,136.49,115.41,0.0608,attached,normal,1,0,0.0375055039413363,MEDIUM,Very low resource utilization,Consider right-sizing the resource
2026-08-04 00:00:00,AWS,aws-ec2-005,EC2,51.67,61.36,61.55,756.5,705.25,0.171,running,normal,1,0,0.0918663105271578,LOW,No critical resource condition identified,Continue monitoring
2026-08-04 02:00:00,Azure,azure-vm-005,VM,50.37,61.87,59.28,718.54,425.63,0.1699,running,normal,1,0,0.140276342516585,LOW,No critical resource condition identified,Continue monitoring
2026-08-04 04:00:00,GCP,gcp-ce-005,Compute Engine,54.72,75.56,64.2,610.41,532.12,0.177,running,normal,1,0,0.1239796263044857,LOW,No critical resource condition identified,Continue monitoring
2026-08-04 06:00:00,AWS,aws-rds-005,RDS,42.48,70.52,69.32,400.79,348.17,0.2235,running,normal,1,0,0.1211210666799921,LOW,No critical resource condition identified,Continue monitoring
2026-08-04 08:00:00,Azure,azure-sql-005,SQL Database,44.46,63.66,64.13,390.81,316.86,0.2907,running,normal,1,0,0.0755172758735655,LOW,No critical resource condition identified,Continue monitoring
2026-08-04 10:00:00,GCP,gcp-sql-005,Cloud SQL,37.76,79.64,61.88,375.97,329.58,0.2065,running,normal,1,0,0.1111080968038049,LOW,No critical resource condition identified,Continue monitoring
2026-08-04 12:00:00,AWS,aws-ebs-005,EBS,9.12,20.89,52.07,151.12,101.87,0.063,attached,normal,1,0,0.0485076351139756,LOW,No critical resource condition identified,Continue monitoring
2026-08-04 14:00:00,Azure,azure-disk-005,Managed Disk,18.85,24.84,49.95,117.59,70.11,0.063,attached,normal,1,0,0.0420213611191023,LOW,No critical resource condition identified,Continue monitoring
2026-08-04 16:00:00,GCP,gcp-disk-005,Persistent Disk,13.61,23.76,49.43,128.49,105.65,0.0671,attached,normal,1,0,0.0582913515205278,LOW,No critical resource condition identified,Continue monitoring
2026-08-04 18:00:00,AWS,aws-ec2-006,EC2,52.74,62.68,58.68,624.24,354.19,0.1644,running,normal,1,0,0.1484084978318506,LOW,No critical resource condition identified,Continue monitoring
2026-08-04 20:00:00,Azure,azure-vm-006,VM,64.6,72.74,63.41,740.51,421.87,0.1854,running,normal,1,0,0.1057035093590288,LOW,No critical resource condition identified,Continue monitoring
2026-08-04 22:00:00,GCP,gcp-ce-006,Compute Engine,97.75,96.83,62.28,2888.06,2143.91,0.3984,running,high_cpu_and_traffic,-1,1,-0.2180706701320817,HIGH,High CPU and network traffic,Investigate workload and consider scaling resources
2026-08-05 00:00:00,AWS,aws-rds-006,RDS,43.67,67.39,65.55,432.99,327.21,0.276,running,normal,1,0,0.0842555296088931,LOW,No critical resource condition identified,Continue monitoring
2026-08-05 02:00:00,Azure,azure-sql-006,SQL Database,30.27,67.61,66.41,469.98,284.76,0.2563,running,normal,1,0,0.0938381299681821,LOW,No critical resource condition identified,Continue monitoring
2026-08-05 04:00:00,GCP,gcp-sql-006,Cloud SQL,44.43,77.36,61.3,508.31,346.16,0.2288,running,normal,1,0,0.109393201781925,LOW,No critical resource condition identified,Continue monitoring
2026-08-05 06:00:00,AWS,aws-ebs-006,EBS,9.41,20.29,55.18,130.49,96.87,0.0675,attached,normal,1,0,0.0575656326439298,LOW,No critical resource condition identified,Continue monitoring
2026-08-05 08:00:00,Azure,azure-disk-006,Managed Disk,16.81,30.57,52.62,134.9,102.94,0.0788,attached,normal,1,0,0.0742879830260034,LOW,No critical resource condition identified,Continue monitoring
2026-08-05 10:00:00,GCP,gcp-disk-006,Persistent Disk,11.07,26.69,47.79,134.08,119.91,0.0609,attached,normal,1,0,0.0493504602872006,LOW,No critical resource condition identified,Continue monitoring
2026-08-05 12:00:00,AWS,aws-ec2-007,EC2,52.27,64.46,64.27,776.73,717.99,0.1617,running,normal,1,0,0.081231320550353,LOW,No critical resource condition identified,Continue monitoring
2026-08-05 14:00:00,Azure,azure-vm-007,VM,40.0,57.86,63.36,766.94,665.74,0.2232,running,normal,1,0,0.0719577084462845,LOW,No critical resource condition identified,Continue monitoring
2026-08-05 16:00:00,GCP,gcp-ce-007,Compute Engine,45.47,54.11,56.83,732.76,568.61,0.1834,running,normal,1,0,0.1286664900293644,LOW,No critical resource condition identified,Continue monitoring
2026-08-05 18:00:00,AWS,aws-rds-007,RDS,28.84,69.52,66.24,477.94,356.95,0.2544,running,normal,1,0,0.0997333603569506,LOW,No critical resource condition identified,Continue monitoring
2026-08-05 20:00:00,Azure,azure-sql-007,SQL Database,36.96,70.82,61.3,549.63,446.93,0.2511,running,normal,1,0,0.0989611124472221,LOW,No critical resource condition identified,Continue monitoring
2026-08-05 22:00:00,GCP,gcp-sql-007,Cloud SQL,36.67,71.79,69.27,465.72,398.2,0.2199,running,normal,1,0,0.1228650924611375,LOW,No critical resource condition identified,Continue monitoring
2026-08-06 00:00:00,AWS,aws-ebs-007,EBS,9.71,20.1,51.04,126.9,117.31,0.0702,attached,normal,1,0,0.0483225149060603,LOW,No critical resource condition identified,Continue monitoring
2026-08-06 02:00:00,Azure,azure-disk-007,Managed Disk,13.31,28.11,49.29,105.2,90.69,0.0748,attached,normal,1,0,0.0622093638127431,LOW,No critical resource condition identified,Continue monitoring
2026-08-06 04:00:00,GCP,gcp-disk-007,Persistent Disk,13.9,27.21,54.12,135.15,80.74,0.0779,attached,normal,1,0,0.0721794154210275,LOW,No critical resource condition identified,Continue monitoring
2026-08-06 06:00:00,AWS,aws-ec2-008,EC2,40.47,48.12,63.76,651.94,361.78,0.1816,running,normal,1,0,0.1418832980001458,LOW,No critical resource condition identified,Continue monitoring
2026-08-06 08:00:00,Azure,azure-vm-008,VM,32.97,51.55,54.16,616.62,413.61,0.2214,running,normal,1,0,0.1292564235671378,LOW,No critical resource condition identified,Continue monitoring
2026-08-06 10:00:00,GCP,gcp-ce-008,Compute Engine,41.86,50.42,52.04,705.71,468.28,0.1996,running,normal,1,0,0.1350354950058314,LOW,No critical resource condition identified,Continue monitoring
2026-08-06 12:00:00,AWS,aws-rds-008,RDS,40.25,67.19,68.47,465.47,261.41,0.2242,running,normal,1,0,0.1212674644263958,LOW,No critical resource condition identified,Continue monitoring
2026-08-06 14:00:00,Azure,azure-sql-008,SQL Database,35.45,67.28,68.67,423.42,344.03,0.2174,running,normal,1,0,0.1324470450975367,LOW,No critical resource condition identified,Continue monitoring
2026-08-06 16:00:00,GCP,gcp-sql-008,Cloud SQL,35.37,70.23,60.24,362.49,233.96,0.2671,running,normal,1,0,0.0731577906034425,LOW,No critical resource condition identified,Continue monitoring
2026-08-06 18:00:00,AWS,aws-ebs-008,EBS,9.73,23.32,50.87,123.56,102.46,0.08,attached,normal,1,0,0.0638288136930295,LOW,No critical resource condition identified,Continue monitoring
2026-08-06 20:00:00,Azure,azure-disk-008,Managed Disk,12.66,26.2,52.03,104.93,64.22,0.0814,attached,normal,1,0,0.0548649997267034,LOW,No critical resource condition identified,Continue monitoring
2026-08-06 22:00:00,GCP,gcp-disk-008,Persistent Disk,8.45,17.5,54.19,150.97,119.97,0.059,attached,normal,1,0,0.0361520313808941,MEDIUM,Very low resource utilization,Consider right-sizing the resource
2026-08-07 00:00:00,AWS,aws-ec2-009,EC2,2.92,14.8,58.69,507.75,314.43,0.1588,running,underutilized,1,0,0.063956086184482,MEDIUM,Resource has very low CPU and memory utilization,Consider right-sizing or reducing allocated capacity
2026-08-07 02:00:00,Azure,azure-vm-009,VM,33.81,56.88,58.53,734.51,446.62,0.2232,running,normal,1,0,0.1082475967287158,LOW,No critical resource condition identified,Continue monitoring
2026-08-07 04:00:00,GCP,gcp-ce-009,Compute Engine,35.04,47.01,62.31,665.19,616.13,0.1575,running,normal,1,0,0.1174732100233035,LOW,No critical resource condition identified,Continue monitoring
2026-08-07 06:00:00,AWS,aws-rds-009,RDS,32.77,66.23,72.2,590.2,356.26,0.2274,running,normal,1,0,0.1136115332083171,LOW,No critical resource condition identified,Continue monitoring
2026-08-07 08:00:00,Azure,azure-sql-009,SQL Database,38.49,60.02,67.37,448.25,320.38,0.2503,running,normal,1,0,0.1144802235429702,LOW,No critical resource condition identified,Continue monitoring
2026-08-07 10:00:00,GCP,gcp-sql-009,Cloud SQL,24.85,53.64,63.03,419.04,300.6,0.2365,running,normal,1,0,0.107945785397464,LOW,No critical resource condition identified,Continue monitoring
2026-08-07 12:00:00,AWS,aws-ebs-009,EBS,17.59,13.56,52.99,112.67,91.17,0.0755,attached,normal,1,0,0.0491849365687446,LOW,No critical resource condition identified,Continue monitoring
2026-08-07 14:00:00,Azure,azure-disk-009,Managed Disk,15.04,16.56,55.17,99.45,79.6,0.0718,attached,normal,1,0,0.0506878251071179,LOW,No critical resource condition identified,Continue monitoring
2026-08-07 16:00:00,GCP,gcp-disk-009,Persistent Disk,12.94,25.31,52.27,130.45,98.03,0.0701,attached,normal,1,0,0.0650000432790767,LOW,No critical resource condition identified,Continue monitoring
2026-08-07 18:00:00,AWS,aws-ec2-010,EC2,31.33,54.18,56.66,769.89,682.73,0.1565,running,normal,1,0,0.0890019979572619,LOW,No critical resource condition identified,Continue monitoring
2026-08-07 20:00:00,Azure,azure-vm-010,VM,33.69,53.98,58.3,798.23,676.16,0.1616,running,normal,1,0,0.0877827640544419,LOW,No critical resource condition identified,Continue monitoring
2026-08-07 22:00:00,GCP,gcp-ce-010,Compute Engine,25.1,43.92,63.34,793.99,627.52,0.1557,running,normal,1,0,0.0846618261354832,LOW,No critical resource condition identified,Continue monitoring
2026-08-08 00:00:00,AWS,aws-rds-010,RDS,16.2,59.5,73.77,479.35,323.27,0.2618,running,normal,1,0,0.0785701035626751,LOW,No critical resource condition identified,Continue monitoring
2026-08-08 02:00:00,Azure,azure-sql-010,SQL Database,23.04,60.47,66.83,444.19,281.45,0.2605,running,normal,1,0,0.0843429544502435,LOW,No critical resource condition identified,Continue monitoring
2026-08-08 04:00:00,GCP,gcp-sql-010,Cloud SQL,34.01,58.25,69.24,559.95,432.5,0.2662,running,normal,1,0,0.0894307029237742,LOW,No critical resource condition identified,Continue monitoring
2026-08-08 06:00:00,AWS,aws-ebs-010,EBS,17.68,16.52,56.39,112.03,65.21,0.078,attached,normal,1,0,0.0464255817830263,LOW,No critical resource condition identified,Continue monitoring
2026-08-08 08:00:00,Azure,azure-disk-010,Managed Disk,12.18,25.22,51.11,103.06,94.08,0.0636,attached,normal,1,0,0.0523278545266401,LOW,No critical resource condition identified,Continue monitoring
2026-08-08 10:00:00,GCP,gcp-disk-010,Persistent Disk,2.95,20.52,50.61,140.66,105.12,0.0597,attached,normal,1,0,0.0278422238237695,LOW,No critical resource condition identified,Continue monitoring
2026-08-08 12:00:00,AWS,aws-ec2-011,EC2,26.98,45.29,60.09,681.18,557.26,0.2011,running,normal,1,0,0.1084821220336154,LOW,No critical resource condition identified,Continue monitoring
2026-08-08 14:00:00,Azure,azure-vm-011,VM,36.6,44.14,61.49,769.58,683.23,0.1926,running,normal,1,0,0.0782210214742209,LOW,No critical resource condition identified,Continue monitoring
2026-08-08 16:00:00,GCP,gcp-ce-011,Compute Engine,37.27,59.12,59.12,667.76,524.09,0.2004,running,normal,1,0,0.1305377349142054,LOW,No critical resource condition identified,Continue monitoring
2026-08-08 18:00:00,AWS,aws-rds-011,RDS,23.79,55.47,66.46,472.56,379.15,0.2189,running,normal,1,0,0.1225339806889137,LOW,No critical resource condition identified,Continue monitoring
2026-08-08 20:00:00,Azure,azure-sql-011,SQL Database,34.5,63.36,66.21,405.93,296.04,0.2413,running,normal,1,0,0.1147833035576842,LOW,No critical resource condition identified,Continue monitoring
2026-08-08 22:00:00,GCP,gcp-sql-011,Cloud SQL,22.77,59.08,67.5,389.27,312.78,0.2779,running,normal,1,0,0.0673297816813119,LOW,No critical resource condition identified,Continue monitoring
2026-08-09 00:00:00,AWS,aws-ebs-011,EBS,16.75,23.27,51.64,126.54,106.08,0.0831,attached,normal,1,0,0.0681660897894727,LOW,No critical resource condition identified,Continue monitoring
2026-08-09 02:00:00,Azure,azure-disk-011,Managed Disk,8.51,11.65,54.57,155.95,113.23,0.0767,attached,normal,1,0,0.0355218318393582,MEDIUM,Very low resource utilization,Consider right-sizing the resource
2026-08-09 04:00:00,GCP,gcp-disk-011,Persistent Disk,11.07,25.06,48.78,124.48,105.0,0.0755,attached,normal,1,0,0.0638350428264827,LOW,No critical resource condition identified,Continue monitoring
2026-08-09 06:00:00,AWS,aws-ec2-012,EC2,35.83,39.4,55.64,655.52,488.94,0.2151,running,normal,1,0,0.1169553061763954,LOW,No critical resource condition identified,Continue monitoring
2026-08-09 08:00:00,Azure,azure-vm-012,VM,39.56,38.65,61.05,639.36,373.34,0.1974,running,normal,1,0,0.1290450790367611,LOW,No critical resource condition identified,Continue monitoring
2026-08-09 10:00:00,GCP,gcp-ce-012,Compute Engine,35.59,50.11,61.8,747.05,522.25,0.1514,running,normal,1,0,0.1226718188143685,LOW,No critical resource condition identified,Continue monitoring
2026-08-09 12:00:00,AWS,aws-rds-012,RDS,25.42,59.02,62.56,480.13,430.28,0.2661,running,normal,1,0,0.0935778486109781,LOW,No critical resource condition identified,Continue monitoring
2026-08-09 14:00:00,Azure,azure-sql-012,SQL Database,0.51,1.35,65.01,547.95,489.46,0.3952,stopped,stopped_with_cost,-1,1,-0.042681046744166,HIGH,Resource is stopped but still generating cost,Investigate billing and remove or right-size unused resources
2026-08-09 16:00:00,GCP,gcp-sql-012,Cloud SQL,28.27,55.38,70.96,379.76,338.41,0.2262,running,normal,1,0,0.1205471523607559,LOW,No critical resource condition identified,Continue monitoring
2026-08-09 18:00:00,AWS,aws-ebs-012,EBS,22.13,15.1,46.81,114.41,75.5,0.0812,attached,normal,1,0,0.0444950738501228,LOW,No critical resource condition identified,Continue monitoring
2026-08-09 20:00:00,Azure,azure-disk-012,Managed Disk,3.76,20.06,54.22,93.1,81.27,0.0882,attached,normal,1,0,0.0336653611169307,LOW,No critical resource condition identified,Continue monitoring
2026-08-09 22:00:00,GCP,gcp-disk-012,Persistent Disk,10.14,15.53,52.25,131.07,124.39,0.0744,attached,normal,1,0,0.0523228803189337,LOW,No critical resource condition identified,Continue monitoring
2026-08-10 00:00:00,AWS,aws-ec2-013,EC2,33.55,47.82,58.45,894.02,539.76,0.176,running,normal,1,0,0.092704251954213,LOW,No critical resource condition identified,Continue monitoring
2026-08-10 02:00:00,Azure,azure-vm-013,VM,37.22,49.94,60.59,608.75,489.32,0.1834,running,normal,1,0,0.1464610634522145,LOW,No critical resource condition identified,Continue monitoring
2026-08-10 04:00:00,GCP,gcp-ce-013,Compute Engine,41.67,38.56,59.6,605.25,401.77,0.2032,running,normal,1,0,0.1342982199834125,LOW,No critical resource condition identified,Continue monitoring
2026-08-10 06:00:00,AWS,aws-rds-013,RDS,24.12,48.15,68.44,414.72,351.23,0.2536,running,normal,1,0,0.0915928484006783,LOW,No critical resource condition identified,Continue monitoring
2026-08-10 08:00:00,Azure,azure-sql-013,SQL Database,34.31,52.52,63.07,506.42,310.02,0.2913,running,normal,1,0,0.0766695954247981,LOW,No critical resource condition identified,Continue monitoring
2026-08-10 10:00:00,GCP,gcp-sql-013,Cloud SQL,35.19,58.05,68.2,438.73,318.24,0.2367,running,normal,1,0,0.1230477305691553,LOW,No critical resource condition identified,Continue monitoring
2026-08-10 12:00:00,AWS,aws-ebs-013,EBS,15.29,15.13,51.54,111.38,86.3,0.062,attached,normal,1,0,0.0427925778505102,LOW,No critical resource condition identified,Continue monitoring
2026-08-10 14:00:00,Azure,azure-disk-013,Managed Disk,6.72,15.71,53.82,115.58,65.22,0.0872,attached,normal,1,0,0.0325298521576513,MEDIUM,Very low resource utilization,Consider right-sizing the resource
2026-08-10 16:00:00,GCP,gcp-disk-013,Persistent Disk,4.87,14.02,45.94,102.65,75.15,0.07,attached,normal,1,0,0.0159094441868506,MEDIUM,Very low resource utilization,Consider right-sizing the resource
2026-08-10 18:00:00,AWS,aws-ec2-014,EC2,52.72,46.33,56.66,694.02,398.51,0.197,running,normal,1,0,0.1395498186678882,LOW,No critical resource condition identified,Continue monitoring
2026-08-10 20:00:00,Azure,azure-vm-014,VM,43.14,50.48,59.11,767.99,422.9,0.1681,running,normal,1,0,0.1321275089792183,LOW,No critical resource condition identified,Continue monitoring
2026-08-10 22:00:00,GCP,gcp-ce-014,Compute Engine,43.05,47.78,59.15,572.33,391.04,0.1748,running,normal,1,0,0.1543176739571555,LOW,No critical resource condition identified,Continue monitoring
2026-08-11 00:00:00,AWS,aws-rds-014,RDS,34.01,50.14,66.87,526.14,340.41,0.2443,running,normal,1,0,0.113049598309984,LOW,No critical resource condition identified,Continue monitoring
2026-08-11 02:00:00,Azure,azure-sql-014,SQL Database,31.54,62.49,68.03,501.79,285.74,0.2548,running,normal,1,0,0.0962154220565095,LOW,No critical resource condition identified,Continue monitoring
2026-08-11 04:00:00,GCP,gcp-sql-014,Cloud SQL,38.78,55.42,68.84,437.33,401.27,0.1986,running,normal,1,0,0.1498348432186708,LOW,No critical resource condition identified,Continue monitoring
2026-08-11 06:00:00,AWS,aws-ebs-014,EBS,12.95,22.8,48.22,79.55,51.44,0.0734,attached,normal,1,0,0.02946686654655,LOW,No critical resource condition identified,Continue monitoring
2026-08-11 08:00:00,Azure,azure-disk-014,Managed Disk,3.99,9.59,53.4,136.76,109.08,0.0667,attached,normal,1,0,0.0142282766970098,MEDIUM,Very low resource utilization,Consider right-sizing the resource
2026-08-11 10:00:00,GCP,gcp-disk-014,Persistent Disk,7.26,14.56,53.16,114.61,83.87,0.0721,attached,normal,1,0,0.0418730893233654,MEDIUM,Very low resource utilization,Consider right-sizing the resource
2026-08-11 12:00:00,AWS,aws-ec2-015,EC2,92.73,90.97,57.13,2350.73,1454.19,0.3492,running,high_cpu_and_traffic,-1,1,-0.1990706966083317,HIGH,High CPU and network traffic,Investigate workload and consider scaling resources
2026-08-11 14:00:00,Azure,azure-vm-015,VM,43.06,49.9,58.24,565.62,471.29,0.2095,running,normal,1,0,0.1448442832298011,LOW,No critical resource condition identified,Continue monitoring
2026-08-11 16:00:00,GCP,gcp-ce-015,Compute Engine,59.16,51.01,63.97,701.27,426.01,0.1908,running,normal,1,0,0.1311269311258927,LOW,No critical resource condition identified,Continue monitoring
2026-08-11 18:00:00,AWS,aws-rds-015,RDS,41.31,55.32,63.41,446.54,248.56,0.2874,running,normal,1,0,0.0737517550349136,LOW,No critical resource condition identified,Continue monitoring
2026-08-11 20:00:00,Azure,azure-sql-015,SQL Database,44.19,55.09,68.09,452.98,346.3,0.269,running,normal,1,0,0.094028262605269,LOW,No critical resource condition identified,Continue monitoring
2026-08-11 22:00:00,GCP,gcp-sql-015,Cloud SQL,39.35,51.34,63.61,484.51,395.09,0.266,running,normal,1,0,0.1016310481410445,LOW,No critical resource condition identified,Continue monitoring
2026-08-12 00:00:00,AWS,aws-ebs-015,EBS,8.86,24.99,56.48,138.47,90.21,0.0745,attached,normal,1,0,0.0669988906918183,LOW,No critical resource condition identified,Continue monitoring
2026-08-12 02:00:00,Azure,azure-disk-015,Managed Disk,4.12,21.87,54.46,143.17,111.21,0.082,attached,normal,1,0,0.0463268327414299,LOW,No critical resource condition identified,Continue monitoring
2026-08-12 04:00:00,GCP,gcp-disk-015,Persistent Disk,3.39,18.7,54.0,116.36,101.05,0.0701,attached,normal,1,0,0.0388960505445653,MEDIUM,Very low resource utilization,Consider right-sizing the resource
2026-08-12 06:00:00,AWS,aws-ec2-016,EC2,51.86,48.64,60.96,657.79,541.38,0.1624,running,normal,1,0,0.1410378552488219,LOW,No critical resource condition identified,Continue monitoring
2026-08-12 08:00:00,Azure,azure-vm-016,VM,48.86,49.7,64.35,577.98,426.5,0.2092,running,normal,1,0,0.1458314332988546,LOW,No critical resource condition identified,Continue monitoring
2026-08-12 10:00:00,GCP,gcp-ce-016,Compute Engine,54.85,52.59,59.7,827.49,697.12,0.1963,running,normal,1,0,0.0840389593434918,LOW,No critical resource condition identified,Continue monitoring
2026-08-12 12:00:00,AWS,aws-rds-016,RDS,50.43,49.91,66.34,399.18,346.98,0.2124,running,normal,1,0,0.1457000853973337,LOW,No critical resource condition identified,Continue monitoring
2026-08-12 14:00:00,Azure,azure-sql-016,SQL Database,50.09,64.84,66.49,578.59,405.51,0.2776,running,normal,1,0,0.0835039433970598,LOW,No critical resource condition identified,Continue monitoring
2026-08-12 16:00:00,GCP,gcp-sql-016,Cloud SQL,42.79,56.42,68.62,664.57,519.96,0.2312,running,normal,1,0,0.1110879190536022,LOW,No critical resource condition identified,Continue monitoring
2026-08-12 18:00:00,AWS,aws-ebs-016,EBS,15.05,19.44,52.06,136.35,95.57,0.0692,attached,normal,1,0,0.0606576436711716,LOW,No critical resource condition identified,Continue monitoring
2026-08-12 20:00:00,Azure,azure-disk-016,Managed Disk,10.37,23.06,54.82,85.13,79.34,0.0687,attached,normal,1,0,0.0489083572437081,LOW,No critical resource condition identified,Continue monitoring
2026-08-12 22:00:00,GCP,gcp-disk-016,Persistent Disk,3.19,21.22,53.83,107.52,67.83,0.0621,attached,normal,1,0,0.0204734930695238,LOW,No critical resource condition identified,Continue monitoring
2026-08-13 00:00:00,AWS,aws-ec2-017,EC2,52.86,51.9,60.02,729.28,541.56,0.2134,running,normal,1,0,0.1185962080978497,LOW,No critical resource condition identified,Continue monitoring
2026-08-13 02:00:00,Azure,azure-vm-017,VM,55.11,45.71,54.3,698.71,466.67,0.2112,running,normal,1,0,0.1249214606407132,LOW,No critical resource condition identified,Continue monitoring
2026-08-13 04:00:00,GCP,gcp-ce-017,Compute Engine,54.53,56.64,63.03,583.33,543.2,0.1528,running,normal,1,0,0.1425991818834963,LOW,No critical resource condition identified,Continue monitoring
2026-08-13 06:00:00,AWS,aws-rds-017,RDS,46.45,63.02,66.35,281.14,249.74,0.2558,running,normal,1,0,0.0788922236447476,LOW,No critical resource condition identified,Continue monitoring
2026-08-13 08:00:00,Azure,azure-sql-017,SQL Database,42.4,54.93,67.78,428.96,382.1,0.2657,running,normal,1,0,0.0949171791922418,LOW,No critical resource condition identified,Continue monitoring
2026-08-13 10:00:00,GCP,gcp-sql-017,Cloud SQL,41.04,59.55,63.08,476.3,406.77,0.2608,running,normal,1,0,0.1117780697652474,LOW,No critical resource condition identified,Continue monitoring
2026-08-13 12:00:00,AWS,aws-ebs-017,EBS,19.1,19.16,59.93,115.94,68.42,0.066,attached,normal,1,0,0.0346337869221456,LOW,No critical resource condition identified,Continue monitoring
2026-08-13 14:00:00,Azure,azure-disk-017,Managed Disk,5.9,18.6,54.97,130.0,84.25,0.0807,attached,normal,1,0,0.0530189989213983,MEDIUM,Very low resource utilization,Consider right-sizing the resource
2026-08-13 16:00:00,GCP,gcp-disk-017,Persistent Disk,17.18,29.63,55.39,144.54,93.65,0.0615,attached,normal,1,0,0.0586069604593711,LOW,No critical resource condition identified,Continue monitoring
2026-08-13 18:00:00,AWS,aws-ec2-018,EC2,48.65,58.48,58.58,682.55,509.35,0.1864,running,normal,1,0,0.1437706786738124,LOW,No critical resource condition identified,Continue monitoring
2026-08-13 20:00:00,Azure,azure-vm-018,VM,54.71,57.05,60.54,700.63,652.22,0.1925,running,normal,1,0,0.1079453287788613,LOW,No critical resource condition identified,Continue monitoring
2026-08-13 22:00:00,GCP,gcp-ce-018,Compute Engine,60.51,60.07,94.59,810.82,377.19,0.1502,running,storage_pressure,1,0,0.0506504167791753,HIGH,Storage utilization is critically high,Clean up unused storage or increase storage capacity
2026-08-14 00:00:00,AWS,aws-rds-018,RDS,47.05,63.04,69.28,531.02,377.12,0.2487,running,normal,1,0,0.1126765971444526,LOW,No critical resource condition identified,Continue monitoring
2026-08-14 02:00:00,Azure,azure-sql-018,SQL Database,47.68,44.19,68.97,203.73,150.25,0.2277,running,normal,1,0,0.0647280097894715,LOW,No critical resource condition identified,Continue monitoring
2026-08-14 04:00:00,GCP,gcp-sql-018,Cloud SQL,48.38,53.26,65.71,542.51,470.78,0.2486,running,normal,1,0,0.1163380990112388,LOW,No critical resource condition identified,Continue monitoring
2026-08-14 06:00:00,AWS,aws-ebs-018,EBS,12.22,24.92,58.83,122.36,88.73,0.0752,attached,normal,1,0,0.0648556063502771,LOW,No critical resource condition identified,Continue monitoring
2026-08-14 08:00:00,Azure,azure-disk-018,Managed Disk,12.17,16.09,53.23,106.64,78.2,0.0658,attached,normal,1,0,0.0407597928870636,LOW,No critical resource condition identified,Continue monitoring
2026-08-14 10:00:00,GCP,gcp-disk-018,Persistent Disk,11.05,22.42,54.69,131.1,88.84,0.075,attached,normal,1,0,0.067664341224118,LOW,No critical resource condition identified,Continue monitoring
2026-08-14 12:00:00,AWS,aws-ec2-019,EC2,54.64,58.45,56.18,746.6,694.36,0.1746,running,normal,1,0,0.0972305965183112,LOW,No critical resource condition identified,Continue monitoring
2026-08-14 14:00:00,Azure,azure-vm-019,VM,49.76,64.44,61.57,766.36,559.33,0.2197,running,normal,1,0,0.1069113099254933,LOW,No critical resource condition identified,Continue monitoring
2026-08-14 16:00:00,GCP,gcp-ce-019,Compute Engine,46.57,58.58,63.07,855.32,595.76,0.1935,running,normal,1,0,0.1062904019216469,LOW,No critical resource condition identified,Continue monitoring
2026-08-14 18:00:00,AWS,aws-rds-019,RDS,44.83,62.57,70.27,458.18,418.24,0.2392,running,normal,1,0,0.1211408298924007,LOW,No critical resource condition identified,Continue monitoring
2026-08-14 20:00:00,Azure,azure-sql-019,SQL Database,44.92,57.41,66.74,492.79,295.83,0.2223,running,normal,1,0,0.140180951935349,LOW,No critical resource condition identified,Continue monitoring
2026-08-14 22:00:00,GCP,gcp-sql-019,Cloud SQL,48.39,59.44,70.27,475.57,323.68,0.214,running,normal,1,0,0.1432539027421241,LOW,No critical resource condition identified,Continue monitoring
2026-08-15 00:00:00,AWS,aws-ebs-019,EBS,10.77,14.69,51.06,101.62,61.15,0.0662,attached,normal,1,0,0.0260399819879059,LOW,No critical resource condition identified,Continue monitoring
2026-08-15 02:00:00,Azure,azure-disk-019,Managed Disk,11.69,26.04,55.24,125.69,79.31,0.0764,attached,normal,1,0,0.0671336063101658,LOW,No critical resource condition identified,Continue monitoring
2026-08-15 04:00:00,GCP,gcp-disk-019,Persistent Disk,2.94,21.09,47.71,120.65,96.54,0.0653,attached,normal,1,0,0.0308008414201879,LOW,No critical resource condition identified,Continue monitoring
2026-08-15 06:00:00,AWS,aws-ec2-020,EC2,50.19,63.32,59.06,750.94,533.19,0.2081,running,normal,1,0,0.1151056578267273,LOW,No critical resource condition identified,Continue monitoring
2026-08-15 08:00:00,Azure,azure-vm-020,VM,48.63,59.65,63.0,771.13,523.51,0.1967,running,normal,1,0,0.1275130204400884,LOW,No critical resource condition identified,Continue monitoring
2026-08-15 10:00:00,GCP,gcp-ce-020,Compute Engine,6.22,14.78,58.31,609.78,557.99,0.2049,running,underutilized,1,0,0.0379198163739992,MEDIUM,Resource has very low CPU and memory utilization,Consider right-sizing or reducing allocated capacity
2026-08-15 12:00:00,AWS,aws-rds-020,RDS,37.09,62.1,68.46,615.05,450.57,0.2242,running,normal,1,0,0.122553932872472,LOW,No critical resource condition identified,Continue monitoring
2026-08-15 14:00:00,Azure,azure-sql-020,SQL Database,43.75,65.43,68.51,480.02,342.73,0.2335,running,normal,1,0,0.1247914006235538,LOW,No critical resource condition identified,Continue monitoring
2026-08-15 16:00:00,GCP,gcp-sql-020,Cloud SQL,40.4,69.29,66.23,445.93,305.22,0.2629,running,normal,1,0,0.0927774573048118,LOW,No critical resource condition identified,Continue monitoring
2026-08-15 18:00:00,AWS,aws-ebs-020,EBS,21.37,22.13,53.83,99.94,70.56,0.084,attached,normal,1,0,0.0528274149699541,LOW,No critical resource condition identified,Continue monitoring
2026-08-15 20:00:00,Azure,azure-disk-020,Managed Disk,9.66,23.57,58.41,170.57,157.46,0.0877,attached,normal,1,0,0.0594687271665576,LOW,No critical resource condition identified,Continue monitoring
2026-08-15 22:00:00,GCP,gcp-disk-020,Persistent Disk,15.52,21.6,55.77,121.11,109.48,0.0735,attached,normal,1,0,0.0643230659691167,LOW,No critical resource condition identified,Continue monitoring
2026-08-16 00:00:00,AWS,aws-ec2-021,EC2,32.57,55.28,62.66,670.95,517.22,0.1845,running,normal,1,0,0.1326480763998253,LOW,No critical resource condition identified,Continue monitoring
2026-08-16 02:00:00,Azure,azure-vm-021,VM,43.08,63.9,58.75,828.76,487.38,0.2088,running,normal,1,0,0.1030920112815527,LOW,No critical resource condition identified,Continue monitoring
2026-08-16 04:00:00,GCP,gcp-ce-021,Compute Engine,43.53,69.2,64.12,764.48,436.19,0.1895,running,normal,1,0,0.1148995176956707,LOW,No critical resource condition identified,Continue monitoring
2026-08-16 06:00:00,AWS,aws-rds-021,RDS,34.68,68.83,64.23,396.36,284.06,0.231,running,normal,1,0,0.1160525428398013,LOW,No critical resource condition identified,Continue monitoring
2026-08-16 08:00:00,Azure,azure-sql-021,SQL Database,47.22,64.19,64.86,433.77,263.54,0.2917,running,normal,1,0,0.0673365317444114,LOW,No critical resource condition identified,Continue monitoring
2026-08-16 10:00:00,GCP,gcp-sql-021,Cloud SQL,45.06,63.96,69.39,383.27,218.89,0.1979,running,normal,1,0,0.1278074804902755,LOW,No critical resource condition identified,Continue monitoring
2026-08-16 12:00:00,AWS,aws-ebs-021,EBS,11.0,20.43,54.1,115.14,101.23,0.0636,attached,normal,1,0,0.0529032847593516,LOW,No critical resource condition identified,Continue monitoring
2026-08-16 14:00:00,Azure,azure-disk-021,Managed Disk,13.57,11.0,51.99,115.26,101.17,0.0649,attached,normal,1,0,0.0342263455525116,LOW,No critical resource condition identified,Continue monitoring
2026-08-16 16:00:00,GCP,gcp-disk-021,Persistent Disk,81.04,83.15,54.89,120.67,90.7,0.114,attached,high_utilization,-1,1,-0.0295872708330232,HIGH,CPU and memory utilization are high,Consider scaling or increasing resource capacity
2026-08-16 18:00:00,AWS,aws-ec2-022,EC2,33.49,62.55,62.91,749.67,465.19,0.164,running,normal,1,0,0.1243002722224339,LOW,No critical resource condition identified,Continue monitoring
2026-08-16 20:00:00,Azure,azure-vm-022,VM,41.1,63.27,63.74,728.63,591.22,0.1903,running,normal,1,0,0.1119631730751551,LOW,No critical resource condition identified,Continue monitoring
2026-08-16 22:00:00,GCP,gcp-ce-022,Compute Engine,36.28,62.21,65.28,442.66,277.51,0.1619,running,normal,1,0,0.1465786746684516,LOW,No critical resource condition identified,Continue monitoring
2026-08-17 00:00:00,AWS,aws-rds-022,RDS,34.79,65.88,63.93,383.5,295.44,0.2736,running,normal,1,0,0.0814002562709955,LOW,No critical resource condition identified,Continue monitoring
2026-08-17 02:00:00,Azure,azure-sql-022,SQL Database,45.22,65.27,67.38,372.43,277.26,0.2371,running,normal,1,0,0.1078521208631683,LOW,No critical resource condition identified,Continue monitoring
2026-08-17 04:00:00,GCP,gcp-sql-022,Cloud SQL,30.84,67.07,63.69,398.57,280.65,0.2199,running,normal,1,0,0.1252967196670403,LOW,No critical resource condition identified,Continue monitoring
2026-08-17 06:00:00,AWS,aws-ebs-022,EBS,17.08,13.81,57.44,105.6,60.87,0.0595,attached,normal,1,0,0.018114578345507,LOW,No critical resource condition identified,Continue monitoring
2026-08-17 08:00:00,Azure,azure-disk-022,Managed Disk,8.12,18.69,56.0,131.03,118.73,0.0746,attached,normal,1,0,0.0525492219786702,MEDIUM,Very low resource utilization,Consider right-sizing the resource
2026-08-17 10:00:00,GCP,gcp-disk-022,Persistent Disk,20.04,18.85,57.18,154.81,121.42,0.0624,attached,normal,1,0,0.044964091643338,LOW,No critical resource condition identified,Continue monitoring
2026-08-17 12:00:00,AWS,aws-ec2-023,EC2,30.37,68.25,57.8,561.13,403.51,0.1641,running,normal,1,0,0.1414015116645294,LOW,No critical resource condition identified,Continue monitoring
2026-08-17 14:00:00,Azure,azure-vm-023,VM,34.51,57.33,58.96,625.2,357.68,0.1843,running,normal,1,0,0.142775985012978,LOW,No critical resource condition identified,Continue monitoring
2026-08-17 16:00:00,GCP,gcp-ce-023,Compute Engine,36.55,64.76,59.53,680.47,627.31,0.1545,running,normal,1,0,0.108155470885679,LOW,No critical resource condition identified,Continue monitoring
2026-08-17 18:00:00,AWS,aws-rds-023,RDS,26.43,59.37,61.87,369.31,329.04,0.2674,running,normal,1,0,0.0891287861626931,LOW,No critical resource condition identified,Continue monitoring
2026-08-17 20:00:00,Azure,azure-sql-023,SQL Database,39.45,70.57,70.98,389.19,276.52,0.2428,running,normal,1,0,0.0944166357896302,LOW,No critical resource condition identified,Continue monitoring
2026-08-17 22:00:00,GCP,gcp-sql-023,Cloud SQL,29.81,71.41,70.35,412.91,388.73,0.2385,running,normal,1,0,0.1027206020219435,LOW,No critical resource condition identified,Continue monitoring
2026-08-18 00:00:00,AWS,aws-ebs-023,EBS,15.29,20.78,52.72,120.48,81.74,0.0642,attached,normal,1,0,0.0515609468909951,LOW,No critical resource condition identified,Continue monitoring
2026-08-18 02:00:00,Azure,azure-disk-023,Managed Disk,22.58,25.39,52.12,150.3,107.24,0.0736,attached,normal,1,0,0.072513939538597,LOW,No critical resource condition identified,Continue monitoring
2026-08-18 04:00:00,GCP,gcp-disk-023,Persistent Disk,15.12,16.81,49.73,116.91,79.7,0.0684,attached,normal,1,0,0.0477836329000117,LOW,No critical resource condition identified,Continue monitoring
2026-08-18 06:00:00,AWS,aws-ec2-024,EC2,43.83,54.31,62.01,623.83,423.14,0.1748,running,normal,1,0,0.1539801561500117,LOW,No critical resource condition identified,Continue monitoring
2026-08-18 08:00:00,Azure,azure-vm-024,VM,36.33,66.68,59.67,804.93,567.99,0.1748,running,normal,1,0,0.1036862568791565,LOW,No critical resource condition identified,Continue monitoring
2026-08-18 10:00:00,GCP,gcp-ce-024,Compute Engine,34.6,57.4,60.79,612.21,563.85,0.1849,running,normal,1,0,0.136276451805579,LOW,No critical resource condition identified,Continue monitoring
2026-08-18 12:00:00,AWS,aws-rds-024,RDS,33.93,76.66,73.13,424.69,390.53,0.2526,running,normal,1,0,0.0762239311655092,LOW,No critical resource condition identified,Continue monitoring
2026-08-18 14:00:00,Azure,azure-sql-024,SQL Database,30.9,66.0,73.66,474.55,266.04,0.2798,running,normal,1,0,0.0627600343520133,LOW,No critical resource condition identified,Continue monitoring
2026-08-18 16:00:00,GCP,gcp-sql-024,Cloud SQL,19.76,58.93,71.2,454.08,392.63,0.2248,running,normal,1,0,0.1099757039857177,LOW,No critical resource condition identified,Continue monitoring
2026-08-18 18:00:00,AWS,aws-ebs-024,EBS,14.24,28.04,57.8,123.05,75.58,0.0785,attached,normal,1,0,0.0635460562066593,LOW,No critical resource condition identified,Continue monitoring
2026-08-18 20:00:00,Azure,azure-disk-024,Managed Disk,3.64,19.21,57.89,91.64,81.77,0.0673,attached,normal,1,0,0.0235888373848239,MEDIUM,Very low resource utilization,Consider right-sizing the resource
2026-08-18 22:00:00,GCP,gcp-disk-024,Persistent Disk,9.38,18.09,49.12,131.06,97.34,0.0711,attached,normal,1,0,0.0516325331416305,MEDIUM,Very low resource utilization,Consider right-sizing the resource
2026-08-19 00:00:00,AWS,aws-ec2-025,EC2,27.23,50.29,64.94,408.31,292.78,0.1605,running,normal,1,0,0.1427437183809939,LOW,No critical resource condition identified,Continue monitoring
2026-08-19 02:00:00,Azure,azure-vm-025,VM,44.13,51.54,62.47,759.37,683.23,0.1622,running,normal,1,0,0.0984259348361704,LOW,No critical resource condition identified,Continue monitoring
2026-08-19 04:00:00,GCP,gcp-ce-025,Compute Engine,42.48,47.15,64.84,620.15,506.87,0.1714,running,normal,1,0,0.1443347053150898,LOW,No critical resource condition identified,Continue monitoring
2026-08-19 06:00:00,AWS,aws-rds-025,RDS,92.51,90.13,71.84,1242.65,1021.67,0.4757,running,high_cpu_and_traffic,-1,1,-0.174833190245385,HIGH,High CPU and network traffic,Investigate workload and consider scaling resources
2026-08-19 08:00:00,Azure,azure-sql-025,SQL Database,32.06,78.0,70.37,494.41,444.26,0.2701,running,normal,1,0,0.0532923975511734,LOW,No critical resource condition identified,Continue monitoring
2026-08-19 10:00:00,GCP,gcp-sql-025,Cloud SQL,26.02,70.76,70.29,414.45,392.65,0.276,running,normal,1,0,0.0639954998154295,LOW,No critical resource condition identified,Continue monitoring
2026-08-19 12:00:00,AWS,aws-ebs-025,EBS,15.19,13.6,58.3,118.04,67.05,0.0824,attached,normal,1,0,0.0411138903957809,LOW,No critical resource condition identified,Continue monitoring
2026-08-19 14:00:00,Azure,azure-disk-025,Managed Disk,6.99,18.97,61.31,128.39,98.09,0.086,attached,normal,1,0,0.0479864237292764,MEDIUM,Very low resource utilization,Consider right-sizing the resource
2026-08-19 16:00:00,GCP,gcp-disk-025,Persistent Disk,11.29,15.89,54.47,136.49,127.96,0.0651,attached,normal,1,0,0.046041159943139,LOW,No critical resource condition identified,Continue monitoring
2026-08-19 18:00:00,AWS,aws-ec2-026,EC2,42.44,54.08,57.99,839.51,752.97,0.1976,running,normal,1,0,0.0611978733205013,LOW,No critical resource condition identified,Continue monitoring
2026-08-19 20:00:00,Azure,azure-vm-026,VM,37.32,56.02,62.6,531.45,319.28,0.2133,running,normal,1,0,0.1441901020017694,LOW,No critical resource condition identified,Continue monitoring
2026-08-19 22:00:00,GCP,gcp-ce-026,Compute Engine,48.23,52.44,62.28,854.73,711.08,0.1779,running,normal,1,0,0.0877221058204454,LOW,No critical resource condition identified,Continue monitoring
2026-08-20 00:00:00,AWS,aws-rds-026,RDS,29.06,66.99,63.85,456.36,267.38,0.2105,running,normal,1,0,0.1271075058888527,LOW,No critical resource condition identified,Continue monitoring
2026-08-20 02:00:00,Azure,azure-sql-026,SQL Database,32.49,63.09,67.11,549.72,310.08,0.2281,running,normal,1,0,0.1206320108256556,LOW,No critical resource condition identified,Continue monitoring
2026-08-20 04:00:00,GCP,gcp-sql-026,Cloud SQL,21.64,76.82,70.95,437.68,404.62,0.2775,running,normal,1,0,0.0429628256373451,LOW,No critical resource condition identified,Continue monitoring
2026-08-20 06:00:00,AWS,aws-ebs-026,EBS,18.46,15.38,55.16,111.15,69.81,0.0734,attached,normal,1,0,0.0426239524704334,LOW,No critical resource condition identified,Continue monitoring
2026-08-20 08:00:00,Azure,azure-disk-026,Managed Disk,13.71,20.26,55.77,129.24,112.47,0.0784,attached,normal,1,0,0.0657076772912791,LOW,No critical resource condition identified,Continue monitoring
2026-08-20 10:00:00,GCP,gcp-disk-026,Persistent Disk,4.47,23.32,59.93,104.66,67.02,0.0681,attached,normal,1,0,0.0266273419202615,LOW,No critical resource condition identified,Continue monitoring
2026-08-20 12:00:00,AWS,aws-ec2-027,EC2,54.06,49.69,60.86,678.01,422.49,0.1732,running,normal,1,0,0.1449469399193693,LOW,No critical resource condition identified,Continue monitoring
2026-08-20 14:00:00,Azure,azure-vm-027,VM,50.61,44.75,64.0,796.72,668.26,0.1718,running,normal,1,0,0.0985843055881934,LOW,No critical resource condition identified,Continue monitoring
2026-08-20 16:00:00,GCP,gcp-ce-027,Compute Engine,48.83,44.42,58.94,528.28,400.34,0.1795,running,normal,1,0,0.1527205074916683,LOW,No critical resource condition identified,Continue monitoring
2026-08-20 18:00:00,AWS,aws-rds-027,RDS,30.55,51.44,65.52,525.66,377.79,0.2096,running,normal,1,0,0.1400239787368585,LOW,No critical resource condition identified,Continue monitoring
2026-08-20 20:00:00,Azure,azure-sql-027,SQL Database,26.1,73.2,68.85,469.58,442.6,0.2556,running,normal,1,0,0.0802997349196607,LOW,No critical resource condition identified,Continue monitoring
2026-08-20 22:00:00,GCP,gcp-sql-027,Cloud SQL,31.84,62.83,68.33,484.42,392.03,0.2616,running,normal,1,0,0.0994137432824681,LOW,No critical resource condition identified,Continue monitoring
2026-08-21 00:00:00,AWS,aws-ebs-027,EBS,18.81,16.71,62.9,121.63,83.81,0.0757,attached,normal,1,0,0.0425344759900149,LOW,No critical resource condition identified,Continue monitoring
2026-08-21 02:00:00,Azure,azure-disk-027,Managed Disk,16.17,13.72,53.46,128.27,112.22,0.0755,attached,normal,1,0,0.0513345406792725,LOW,No critical resource condition identified,Continue monitoring
2026-08-21 04:00:00,GCP,gcp-disk-027,Persistent Disk,4.81,10.61,51.77,88.18,53.13,0.0624,attached,normal,-1,1,-0.0125170419393613,MEDIUM,Very low resource utilization,Consider right-sizing the resource
2026-08-21 06:00:00,AWS,aws-ec2-028,EC2,52.97,36.43,61.07,682.91,405.84,0.2132,running,normal,1,0,0.1177497797644287,LOW,No critical resource condition identified,Continue monitoring
2026-08-21 08:00:00,Azure,azure-vm-028,VM,0.71,0.35,63.01,759.15,685.61,0.4854,stopped,stopped_with_cost,-1,1,-0.1007732430307397,HIGH,Resource is stopped but still generating cost,Investigate billing and remove or right-size unused resources
2026-08-21 10:00:00,GCP,gcp-ce-028,Compute Engine,46.78,49.11,62.21,635.29,381.75,0.182,running,normal,1,0,0.1484757768250595,LOW,No critical resource condition identified,Continue monitoring
2026-08-21 12:00:00,AWS,aws-rds-028,RDS,30.54,62.39,66.12,471.79,400.64,0.2725,running,normal,1,0,0.0904450273999242,LOW,No critical resource condition identified,Continue monitoring
2026-08-21 14:00:00,Azure,azure-sql-028,SQL Database,30.38,61.08,67.57,539.45,334.75,0.2554,running,normal,1,0,0.1011378843255988,LOW,No critical resource condition identified,Continue monitoring
2026-08-21 16:00:00,GCP,gcp-sql-028,Cloud SQL,39.17,53.13,69.33,584.83,385.48,0.2085,running,normal,1,0,0.1378447112863976,LOW,No critical resource condition identified,Continue monitoring
2026-08-21 18:00:00,AWS,aws-ebs-028,EBS,13.21,22.52,50.23,89.72,76.73,0.0823,attached,normal,1,0,0.0513828452212411,LOW,No critical resource condition identified,Continue monitoring
2026-08-21 20:00:00,Azure,azure-disk-028,Managed Disk,16.93,16.58,50.45,97.18,77.29,0.0854,attached,normal,1,0,0.0436672518133575,LOW,No critical resource condition identified,Continue monitoring
2026-08-21 22:00:00,GCP,gcp-disk-028,Persistent Disk,9.33,16.15,59.51,141.57,78.76,0.0691,attached,normal,1,0,0.0440821918282238,MEDIUM,Very low resource utilization,Consider right-sizing the resource
2026-08-22 00:00:00,AWS,aws-ec2-029,EC2,57.99,49.78,62.71,803.06,710.42,0.1598,running,normal,1,0,0.0826926575481615,LOW,No critical resource condition identified,Continue monitoring
2026-08-22 02:00:00,Azure,azure-vm-029,VM,50.17,50.75,56.73,602.32,541.59,0.2195,running,normal,1,0,0.1305773299431892,LOW,No critical resource condition identified,Continue monitoring
2026-08-22 04:00:00,GCP,gcp-ce-029,Compute Engine,59.2,48.19,61.5,843.2,780.4,0.1695,running,normal,1,0,0.0600648416554996,LOW,No critical resource condition identified,Continue monitoring
2026-08-22 06:00:00,AWS,aws-rds-029,RDS,35.44,64.62,70.78,344.22,197.3,0.2837,running,normal,1,0,0.0533482633716254,LOW,No critical resource condition identified,Continue monitoring
2026-08-22 08:00:00,Azure,azure-sql-029,SQL Database,38.02,54.72,67.72,400.82,248.58,0.2858,running,normal,1,0,0.0686293822453937,LOW,No critical resource condition identified,Continue monitoring
2026-08-22 10:00:00,GCP,gcp-sql-029,Cloud SQL,39.51,59.38,70.05,394.88,345.83,0.217,running,normal,1,0,0.1371679706340891,LOW,No critical resource condition identified,Continue monitoring
2026-08-22 12:00:00,AWS,aws-ebs-029,EBS,6.48,13.35,56.94,133.13,96.26,0.0657,attached,normal,1,0,0.037713451503623,MEDIUM,Very low resource utilization,Consider right-sizing the resource
2026-08-22 14:00:00,Azure,azure-disk-029,Managed Disk,8.49,21.01,56.44,93.84,59.61,0.0626,attached,normal,1,0,0.0293494519999474,LOW,No critical resource condition identified,Continue monitoring
2026-08-22 16:00:00,GCP,gcp-disk-029,Persistent Disk,14.66,8.38,57.54,141.41,107.13,0.077,attached,normal,1,0,0.0388368155201378,LOW,No critical resource condition identified,Continue monitoring
2026-08-22 18:00:00,AWS,aws-ec2-030,EC2,50.83,46.89,57.05,453.84,283.9,0.1653,running,normal,1,0,0.1534209919434261,LOW,No critical resource condition identified,Continue monitoring
2026-08-22 20:00:00,Azure,azure-vm-030,VM,51.86,40.69,57.7,681.75,563.23,0.2257,running,normal,1,0,0.1054969183712987,LOW,No critical resource condition identified,Continue monitoring
2026-08-22 22:00:00,GCP,gcp-ce-030,Compute Engine,56.16,49.36,62.66,865.67,728.83,0.1945,running,normal,1,0,0.070358449457441,LOW,No critical resource condition identified,Continue monitoring
2026-08-23 00:00:00,AWS,aws-rds-030,RDS,48.4,65.9,65.49,428.92,315.48,0.2283,running,normal,1,0,0.134859666263874,LOW,No critical resource condition identified,Continue monitoring
2026-08-23 02:00:00,Azure,azure-sql-030,SQL Database,44.03,58.25,68.62,469.45,309.68,0.2367,running,normal,1,0,0.1254952569589222,LOW,No critical resource condition identified,Continue monitoring
2026-08-23 04:00:00,GCP,gcp-sql-030,Cloud SQL,43.75,55.71,71.38,646.71,574.71,0.2304,running,normal,1,0,0.1083359963491732,LOW,No critical resource condition identified,Continue monitoring
2026-08-23 06:00:00,AWS,aws-ebs-030,EBS,5.35,23.33,56.81,133.71,84.82,0.082,attached,normal,1,0,0.056783723355526,LOW,No critical resource condition identified,Continue monitoring
2026-08-23 08:00:00,Azure,azure-disk-030,Managed Disk,14.77,8.86,61.47,126.75,113.69,0.0703,attached,normal,1,0,0.0270698597162796,LOW,No critical resource condition identified,Continue monitoring
2026-08-23 10:00:00,GCP,gcp-disk-030,Persistent Disk,4.93,21.45,56.67,125.1,115.76,0.075,attached,normal,1,0,0.0462036126242465,LOW,No critical resource condition identified,Continue monitoring
2026-08-23 12:00:00,AWS,aws-ec2-031,EC2,56.37,49.15,61.44,545.53,479.09,0.2002,running,normal,1,0,0.1480959370268872,LOW,No critical resource condition identified,Continue monitoring
2026-08-23 14:00:00,Azure,azure-vm-031,VM,48.77,52.59,57.59,705.61,530.7,0.1992,running,normal,1,0,0.1358865662203548,LOW,No critical resource condition identified,Continue monitoring
2026-08-23 16:00:00,GCP,gcp-ce-031,Compute Engine,49.73,46.13,60.56,833.65,704.11,0.1898,running,normal,1,0,0.083227954831666,LOW,No critical resource condition identified,Continue monitoring
2026-08-23 18:00:00,AWS,aws-rds-031,RDS,43.89,49.73,71.08,331.21,277.8,0.2811,running,normal,1,0,0.0595618362925641,LOW,No critical resource condition identified,Continue monitoring
2026-08-23 20:00:00,Azure,azure-sql-031,SQL Database,57.18,51.87,69.62,571.38,539.76,0.2225,running,normal,1,0,0.1234696716121681,LOW,No critical resource condition identified,Continue monitoring
2026-08-23 22:00:00,GCP,gcp-sql-031,Cloud SQL,46.53,57.19,70.8,402.84,283.24,0.2777,running,normal,1,0,0.0695129089639921,LOW,No critical resource condition identified,Continue monitoring
2026-08-24 00:00:00,AWS,aws-ebs-031,EBS,6.15,5.24,56.22,90.93,72.07,0.0756,running,underutilized,1,0,0.0061335501207629,MEDIUM,Resource has very low CPU and memory utilization,Consider right-sizing or reducing allocated capacity
2026-08-24 02:00:00,Azure,azure-disk-031,Managed Disk,1.51,16.63,55.31,142.11,81.3,0.0714,attached,normal,1,0,0.0342383766709467,MEDIUM,Very low resource utilization,Consider right-sizing the resource
2026-08-24 04:00:00,GCP,gcp-disk-031,Persistent Disk,6.33,23.11,56.53,135.72,77.41,0.0755,attached,normal,1,0,0.0581756064896742,LOW,No critical resource condition identified,Continue monitoring
2026-08-24 06:00:00,AWS,aws-ec2-032,EC2,46.29,44.71,60.59,568.85,433.76,0.2021,running,normal,1,0,0.1413372730114505,LOW,No critical resource condition identified,Continue monitoring
2026-08-24 08:00:00,Azure,azure-vm-032,VM,58.39,43.25,62.81,581.56,485.03,0.2027,running,normal,1,0,0.1310035902886859,LOW,No critical resource condition identified,Continue monitoring
2026-08-24 10:00:00,GCP,gcp-ce-032,Compute Engine,34.34,53.45,67.92,652.39,525.94,0.1607,running,normal,1,0,0.1307453441666824,LOW,No critical resource condition identified,Continue monitoring
2026-08-24 12:00:00,AWS,aws-rds-032,RDS,45.17,53.13,63.25,493.27,299.12,0.2857,running,normal,1,0,0.0797709076177437,LOW,No critical resource condition identified,Continue monitoring
2026-08-24 14:00:00,Azure,azure-sql-032,SQL Database,46.63,52.99,68.51,490.92,311.59,0.2221,running,normal,1,0,0.1367121882118643,LOW,No critical resource condition identified,Continue monitoring
2026-08-24 16:00:00,GCP,gcp-sql-032,Cloud SQL,39.0,52.47,75.88,526.1,317.25,0.2653,running,normal,1,0,0.0810214985046194,LOW,No critical resource condition identified,Continue monitoring
2026-08-24 18:00:00,AWS,aws-ebs-032,EBS,6.6,22.9,57.24,118.36,95.33,0.0723,attached,normal,1,0,0.0542674050079887,LOW,No critical resource condition identified,Continue monitoring
2026-08-24 20:00:00,Azure,azure-disk-032,Managed Disk,2.08,20.02,59.89,95.37,58.93,0.083,attached,normal,1,0,0.0194372649447451,LOW,No critical resource condition identified,Continue monitoring
2026-08-24 22:00:00,GCP,gcp-disk-032,Persistent Disk,9.9,20.73,61.61,129.12,88.07,0.074,attached,normal,1,0,0.0565268282463399,LOW,No critical resource condition identified,Continue monitoring
2026-08-25 00:00:00,AWS,aws-ec2-033,EC2,38.25,51.76,63.26,648.37,412.78,0.1964,running,normal,1,0,0.1439363371531941,LOW,No critical resource condition identified,Continue monitoring
2026-08-25 02:00:00,Azure,azure-vm-033,VM,38.5,51.71,60.64,815.42,629.27,0.2018,running,normal,1,0,0.0920183494919204,LOW,No critical resource condition identified,Continue monitoring
2026-08-25 04:00:00,GCP,gcp-ce-033,Compute Engine,52.42,50.18,62.56,576.5,472.67,0.1901,running,normal,1,0,0.1532490685445249,LOW,No critical resource condition identified,Continue monitoring
2026-08-25 06:00:00,AWS,aws-rds-033,RDS,40.04,49.91,69.81,367.87,235.05,0.241,running,normal,1,0,0.0990797420543417,LOW,No critical resource condition identified,Continue monitoring
2026-08-25 08:00:00,Azure,azure-sql-033,SQL Database,59.21,52.86,70.47,362.56,271.81,0.2689,running,normal,1,0,0.0650138124599493,LOW,No critical resource condition identified,Continue monitoring
2026-08-25 10:00:00,GCP,gcp-sql-033,Cloud SQL,46.46,48.34,70.91,374.3,316.29,0.2037,running,normal,1,0,0.1357770064609688,LOW,No critical resource condition identified,Continue monitoring
2026-08-25 12:00:00,AWS,aws-ebs-033,EBS,10.31,10.79,54.4,132.38,97.61,0.0831,attached,normal,1,0,0.0433935588700764,LOW,No critical resource condition identified,Continue monitoring
2026-08-25 14:00:00,Azure,azure-disk-033,Managed Disk,1.96,24.5,60.42,90.15,49.6,0.0736,attached,normal,1,0,0.0108740569537597,LOW,No critical resource condition identified,Continue monitoring
2026-08-25 16:00:00,GCP,gcp-disk-033,Persistent Disk,8.5,13.74,56.42,114.11,69.8,0.0801,attached,normal,1,0,0.0382215706575153,MEDIUM,Very low resource utilization,Consider right-sizing the resource
2026-08-25 18:00:00,AWS,aws-ec2-034,EC2,35.67,57.52,63.78,668.04,477.58,0.2009,running,normal,1,0,0.1343211982941407,LOW,No critical resource condition identified,Continue monitoring
2026-08-25 20:00:00,Azure,azure-vm-034,VM,27.9,60.43,62.47,704.17,626.63,0.2267,running,normal,1,0,0.0814237694017766,LOW,No critical resource condition identified,Continue monitoring
2026-08-25 22:00:00,GCP,gcp-ce-034,Compute Engine,27.28,59.73,62.46,717.87,562.08,0.2091,running,normal,1,0,0.1036198461292383,LOW,No critical resource condition identified,Continue monitoring
2026-08-26 00:00:00,AWS,aws-rds-034,RDS,47.87,57.47,69.62,307.73,284.09,0.2211,running,normal,1,0,0.1245337897151199,LOW,No critical resource condition identified,Continue monitoring
2026-08-26 02:00:00,Azure,azure-sql-034,SQL Database,46.11,50.68,72.44,508.09,479.76,0.3011,running,normal,1,0,0.071775790363153,LOW,No critical resource condition identified,Continue monitoring
2026-08-26 04:00:00,GCP,gcp-sql-034,Cloud SQL,41.44,58.86,70.61,374.58,288.02,0.2436,running,normal,1,0,0.1042976678315308,LOW,No critical resource condition identified,Continue monitoring
2026-08-26 06:00:00,AWS,aws-ebs-034,EBS,11.14,23.97,56.8,146.61,100.2,0.0676,attached,normal,1,0,0.0606079147149672,LOW,No critical resource condition identified,Continue monitoring
2026-08-26 08:00:00,Azure,azure-disk-034,Managed Disk,10.87,27.22,53.11,96.41,61.82,0.082,attached,normal,1,0,0.0494652617473763,LOW,No critical resource condition identified,Continue monitoring
2026-08-26 10:00:00,GCP,gcp-disk-034,Persistent Disk,5.33,20.86,59.61,108.45,88.1,0.0643,attached,normal,1,0,0.0346169950643272,LOW,No critical resource condition identified,Continue monitoring
2026-08-26 12:00:00,AWS,aws-ec2-035,EC2,38.75,62.76,60.51,682.29,606.91,0.1628,running,normal,1,0,0.1183194320087044,LOW,No critical resource condition identified,Continue monitoring
2026-08-26 14:00:00,Azure,azure-vm-035,VM,28.26,63.91,59.35,848.31,738.97,0.2197,running,normal,1,0,0.0311095510020512,LOW,No critical resource condition identified,Continue monitoring
2026-08-26 16:00:00,GCP,gcp-ce-035,Compute Engine,35.93,59.83,64.66,661.07,403.26,0.1608,running,normal,1,0,0.1477890493897525,LOW,No critical resource condition identified,Continue monitoring
2026-08-26 18:00:00,AWS,aws-rds-035,RDS,37.23,52.61,66.98,378.15,282.71,0.2292,running,normal,1,0,0.1220048691276416,LOW,No critical resource condition identified,Continue monitoring
2026-08-26 20:00:00,Azure,azure-sql-035,SQL Database,48.7,62.94,65.7,498.93,344.7,0.2769,running,normal,1,0,0.0912599529697177,LOW,No critical resource condition identified,Continue monitoring
2026-08-26 22:00:00,GCP,gcp-sql-035,Cloud SQL,39.77,45.9,71.4,378.21,325.51,0.2639,running,normal,1,0,0.0865475203283521,LOW,No critical resource condition identified,Continue monitoring
2026-08-27 00:00:00,AWS,aws-ebs-035,EBS,14.46,27.38,55.45,99.54,64.52,0.0605,attached,normal,1,0,0.036892020374986,LOW,No critical resource condition identified,Continue monitoring
2026-08-27 02:00:00,Azure,azure-disk-035,Managed Disk,8.95,14.4,59.18,111.9,98.45,0.0863,attached,normal,1,0,0.0462450959158904,MEDIUM,Very low resource utilization,Consider right-sizing the resource
2026-08-27 04:00:00,GCP,gcp-disk-035,Persistent Disk,17.34,25.07,57.46,131.14,122.06,0.058,attached,normal,1,0,0.0473970188031911,LOW,No critical resource condition identified,Continue monitoring
2026-08-27 06:00:00,AWS,aws-ec2-036,EC2,35.98,59.88,64.03,618.05,475.98,0.1579,running,normal,1,0,0.1499502651609462,LOW,No critical resource condition identified,Continue monitoring
2026-08-27 08:00:00,Azure,azure-vm-036,VM,20.79,68.33,53.6,635.31,494.74,0.1708,running,normal,1,0,0.1088353697451872,LOW,No critical resource condition identified,Continue monitoring
2026-08-27 10:00:00,GCP,gcp-ce-036,Compute Engine,28.22,57.03,65.84,498.24,368.19,0.1796,running,normal,1,0,0.1467616454498116,LOW,No critical resource condition identified,Continue monitoring
2026-08-27 12:00:00,AWS,aws-rds-036,RDS,94.71,97.31,67.67,1831.11,732.2,0.5916,running,high_cpu_and_traffic,-1,1,-0.1900290516655094,HIGH,High CPU and network traffic,Investigate workload and consider scaling resources
2026-08-27 14:00:00,Azure,azure-sql-036,SQL Database,35.92,51.41,68.71,395.89,364.48,0.2369,running,normal,1,0,0.1235978538940821,LOW,No critical resource condition identified,Continue monitoring
2026-08-27 16:00:00,GCP,gcp-sql-036,Cloud SQL,29.56,46.51,69.62,328.31,269.11,0.2256,running,normal,1,0,0.1074280336583794,LOW,No critical resource condition identified,Continue monitoring
2026-08-27 18:00:00,AWS,aws-ebs-036,EBS,8.45,31.23,58.19,124.42,85.1,0.0802,attached,normal,1,0,0.0598880230250423,LOW,No critical resource condition identified,Continue monitoring
2026-08-27 20:00:00,Azure,azure-disk-036,Managed Disk,14.0,15.98,60.77,98.35,79.7,0.0655,attached,normal,1,0,0.036477170460324,LOW,No critical resource condition identified,Continue monitoring
2026-08-27 22:00:00,GCP,gcp-disk-036,Persistent Disk,13.86,17.76,57.26,115.75,95.5,0.0588,attached,normal,1,0,0.0431461938322086,LOW,No critical resource condition identified,Continue monitoring
2026-08-28 00:00:00,AWS,aws-ec2-037,EC2,38.68,62.55,61.57,783.64,594.59,0.1706,running,normal,1,0,0.1074314050210001,LOW,No critical resource condition identified,Continue monitoring
2026-08-28 02:00:00,Azure,azure-vm-037,VM,38.39,71.48,58.85,780.83,463.4,0.1616,running,normal,1,0,0.109891839692124,LOW,No critical resource condition identified,Continue monitoring
2026-08-28 04:00:00,GCP,gcp-ce-037,Compute Engine,46.14,65.44,63.4,641.15,449.53,0.1808,running,normal,1,0,0.1480132053952788,LOW,No critical resource condition identified,Continue monitoring
2026-08-28 06:00:00,AWS,aws-rds-037,RDS,29.28,57.47,71.48,398.21,286.12,0.2124,running,normal,1,0,0.1255857710794298,LOW,No critical resource condition identified,Continue monitoring
2026-08-28 08:00:00,Azure,azure-sql-037,SQL Database,34.85,61.88,71.6,515.15,440.73,0.2393,running,normal,1,0,0.1194181440128063,LOW,No critical resource condition identified,Continue monitoring
2026-08-28 10:00:00,GCP,gcp-sql-037,Cloud SQL,34.11,58.94,69.33,599.46,339.85,0.2341,running,normal,1,0,0.1161393924275419,LOW,No critical resource condition identified,Continue monitoring
2026-08-28 12:00:00,AWS,aws-ebs-037,EBS,15.95,21.24,54.04,140.21,78.02,0.0706,attached,normal,1,0,0.0605650207647112,LOW,No critical resource condition identified,Continue monitoring
2026-08-28 14:00:00,Azure,azure-disk-037,Managed Disk,19.82,22.97,94.26,212.79,112.46,0.0658,attached,storage_pressure,-1,1,-0.0119594623064559,HIGH,Storage utilization is critically high,Clean up unused storage or increase storage capacity
2026-08-28 16:00:00,GCP,gcp-disk-037,Persistent Disk,21.91,20.49,58.22,108.11,77.78,0.0798,attached,normal,1,0,0.0530814293826425,LOW,No critical resource condition identified,Continue monitoring
2026-08-28 18:00:00,AWS,aws-ec2-038,EC2,41.65,58.59,63.38,692.67,619.12,0.1812,running,normal,1,0,0.1168995652332725,LOW,No critical resource condition identified,Continue monitoring
2026-08-28 20:00:00,Azure,azure-vm-038,VM,44.93,49.41,63.63,649.8,611.21,0.173,running,normal,1,0,0.1293086339401385,LOW,No critical resource condition identified,Continue monitoring
2026-08-28 22:00:00,GCP,gcp-ce-038,Compute Engine,45.94,60.29,63.37,777.37,639.01,0.1595,running,normal,1,0,0.1065498228476174,LOW,No critical resource condition identified,Continue monitoring
2026-08-29 00:00:00,AWS,aws-rds-038,RDS,25.93,62.62,73.82,494.55,413.79,0.2432,running,normal,1,0,0.0992225335602367,LOW,No critical resource condition identified,Continue monitoring
2026-08-29 02:00:00,Azure,azure-sql-038,SQL Database,23.83,56.43,73.05,483.61,440.1,0.2444,running,normal,1,0,0.0965610391469741,LOW,No critical resource condition identified,Continue monitoring
2026-08-29 04:00:00,GCP,gcp-sql-038,Cloud SQL,34.4,55.54,74.56,642.88,545.7,0.2085,running,normal,1,0,0.1077565104126944,LOW,No critical resource condition identified,Continue monitoring
2026-08-29 06:00:00,AWS,aws-ebs-038,EBS,17.43,16.27,53.04,109.15,91.19,0.0838,attached,normal,1,0,0.0539752355322138,LOW,No critical resource condition identified,Continue monitoring
2026-08-29 08:00:00,Azure,azure-disk-038,Managed Disk,23.19,19.97,59.64,114.44,71.08,0.0782,attached,normal,1,0,0.0490333223795746,LOW,No critical resource condition identified,Continue monitoring
2026-08-29 10:00:00,GCP,gcp-disk-038,Persistent Disk,14.48,21.14,57.94,113.84,67.54,0.0634,attached,normal,1,0,0.0417780862732274,LOW,No critical resource condition identified,Continue monitoring
2026-08-29 12:00:00,AWS,aws-ec2-039,EC2,45.19,61.23,59.27,696.38,490.3,0.1744,running,normal,1,0,0.1411081821448309,LOW,No critical resource condition identified,Continue monitoring
2026-08-29 14:00:00,Azure,azure-vm-039,VM,42.47,62.75,64.31,578.86,493.57,0.2262,running,normal,1,0,0.1323086355820107,LOW,No critical resource condition identified,Continue monitoring
2026-08-29 16:00:00,GCP,gcp-ce-039,Compute Engine,51.47,59.99,61.76,633.92,544.9,0.1951,running,normal,1,0,0.1405816609189427,LOW,No critical resource condition identified,Continue monitoring
2026-08-29 18:00:00,AWS,aws-rds-039,RDS,33.15,64.13,73.67,456.38,398.22,0.2299,running,normal,1,0,0.1201698245729361,LOW,No critical resource condition identified,Continue monitoring
2026-08-29 20:00:00,Azure,azure-sql-039,SQL Database,25.98,54.68,75.86,467.32,274.46,0.2721,running,normal,1,0,0.0571561852647057,LOW,No critical resource condition identified,Continue monitoring
2026-08-29 22:00:00,GCP,gcp-sql-039,Cloud SQL,33.88,62.57,69.71,544.56,486.15,0.2059,running,normal,1,0,0.1336045629537767,LOW,No critical resource condition identified,Continue monitoring
2026-08-30 00:00:00,AWS,aws-ebs-039,EBS,15.99,19.67,60.19,136.4,89.49,0.0691,attached,normal,1,0,0.0548070368510897,LOW,No critical resource condition identified,Continue monitoring
2026-08-30 02:00:00,Azure,azure-disk-039,Managed Disk,13.66,17.94,59.05,123.87,89.24,0.0709,attached,normal,1,0,0.0543345271278903,LOW,No critical resource condition identified,Continue monitoring
2026-08-30 04:00:00,GCP,gcp-disk-039,Persistent Disk,15.19,13.5,58.95,119.5,72.98,0.0661,attached,normal,1,0,0.0336053265950762,LOW,No critical resource condition identified,Continue monitoring
2026-08-30 06:00:00,AWS,aws-ec2-040,EC2,48.44,60.57,66.47,710.29,666.19,0.2024,running,normal,1,0,0.0983609981547004,LOW,No critical resource condition identified,Continue monitoring
2026-08-30 08:00:00,Azure,azure-vm-040,VM,53.11,54.15,62.23,726.14,448.75,0.2148,running,normal,1,0,0.1250582298652182,LOW,No critical resource condition identified,Continue monitoring
2026-08-30 10:00:00,GCP,gcp-ce-040,Compute Engine,58.2,57.34,62.3,983.92,763.07,0.1925,running,normal,1,0,0.0225461380174532,LOW,No critical resource condition identified,Continue monitoring
2026-08-30 12:00:00,AWS,aws-rds-040,RDS,27.23,60.91,74.18,425.4,321.14,0.2257,running,normal,1,0,0.1158678742357033,LOW,No critical resource condition identified,Continue monitoring
2026-08-30 14:00:00,Azure,azure-sql-040,SQL Database,0.59,1.44,68.16,465.14,290.43,0.5873,stopped,stopped_with_cost,-1,1,-0.0802632862413791,HIGH,Resource is stopped but still generating cost,Investigate billing and remove or right-size unused resources
2026-08-30 16:00:00,GCP,gcp-sql-040,Cloud SQL,28.45,61.34,75.31,492.76,452.81,0.205,running,normal,1,0,0.1260094084025712,LOW,No critical resource condition identified,Continue monitoring
2026-08-30 18:00:00,AWS,aws-ebs-040,EBS,29.03,8.57,56.71,108.91,75.37,0.0706,attached,normal,1,0,0.0286044144981018,LOW,No critical resource condition identified,Continue monitoring
2026-08-30 20:00:00,Azure,azure-disk-040,Managed Disk,13.45,11.0,59.96,120.93,100.63,0.0642,attached,normal,1,0,0.0282260613857394,LOW,No critical resource condition identified,Continue monitoring
2026-08-30 22:00:00,GCP,gcp-disk-040,Persistent Disk,17.94,15.18,65.34,124.22,72.99,0.0803,attached,normal,1,0,0.0349278242270724,LOW,No critical resource condition identified,Continue monitoring
2026-08-31 00:00:00,AWS,aws-ec2-041,EC2,45.43,55.53,63.03,650.82,453.84,0.1868,running,normal,1,0,0.1497958732697924,LOW,No critical resource condition identified,Continue monitoring
2026-08-31 02:00:00,Azure,azure-vm-041,VM,57.97,50.44,60.42,703.86,495.78,0.1737,running,normal,1,0,0.1322087990792465,LOW,No critical resource condition identified,Continue monitoring
2026-08-31 04:00:00,GCP,gcp-ce-041,Compute Engine,53.62,54.82,62.78,614.59,469.28,0.1956,running,normal,1,0,0.1471413354694027,LOW,No critical resource condition identified,Continue monitoring
2026-08-31 06:00:00,AWS,aws-rds-041,RDS,33.3,70.41,74.78,430.13,393.11,0.2707,running,normal,1,0,0.0672772010753962,LOW,No critical resource condition identified,Continue monitoring
2026-08-31 08:00:00,Azure,azure-sql-041,SQL Database,36.22,65.38,73.92,516.12,378.5,0.2224,running,normal,1,0,0.1244731021506755,LOW,No critical resource condition identified,Continue monitoring
2026-08-31 10:00:00,GCP,gcp-sql-041,Cloud SQL,29.15,67.77,71.6,443.38,372.16,0.2687,running,normal,1,0,0.0805513644114439,LOW,No critical resource condition identified,Continue monitoring
2026-08-31 12:00:00,AWS,aws-ebs-041,EBS,15.09,13.19,59.41,105.71,94.89,0.0604,attached,normal,1,0,0.0327749028901984,LOW,No critical resource condition identified,Continue monitoring
2026-08-31 14:00:00,Azure,azure-disk-041,Managed Disk,15.32,19.95,65.73,124.99,89.75,0.0673,attached,normal,1,0,0.0426597938262995,LOW,No critical resource condition identified,Continue monitoring
2026-08-31 16:00:00,GCP,gcp-disk-041,Persistent Disk,8.07,25.0,56.43,101.21,91.62,0.0759,attached,normal,1,0,0.0575678041553493,LOW,No critical resource condition identified,Continue monitoring
2026-08-31 18:00:00,AWS,aws-ec2-042,EC2,78.89,78.55,67.22,615.37,488.73,0.3041,running,high_utilization,-1,1,-0.0073142965667278,HIGH,CPU and memory utilization are high,Consider scaling or increasing resource capacity
2026-08-31 20:00:00,Azure,azure-vm-042,VM,51.19,51.77,67.05,591.16,504.02,0.1918,running,normal,1,0,0.1470322060945983,LOW,No critical resource condition identified,Continue monitoring
2026-08-31 22:00:00,GCP,gcp-ce-042,Compute Engine,42.91,56.89,60.02,734.86,530.91,0.185,running,normal,1,0,0.1253052445919169,LOW,No critical resource condition identified,Continue monitoring
2026-09-01 00:00:00,AWS,aws-rds-042,RDS,38.78,56.67,69.34,459.33,285.83,0.2336,running,normal,1,0,0.1260197592007093,LOW,No critical resource condition identified,Continue monitoring
2026-09-01 02:00:00,Azure,azure-sql-042,SQL Database,40.36,71.68,71.07,325.37,298.59,0.2171,running,normal,1,0,0.1116229440540645,LOW,No critical resource condition identified,Continue monitoring
2026-09-01 04:00:00,GCP,gcp-sql-042,Cloud SQL,31.36,71.87,74.46,458.56,433.07,0.2149,running,normal,1,0,0.1097857732191119,LOW,No critical resource condition identified,Continue monitoring
2026-09-01 06:00:00,AWS,aws-ebs-042,EBS,23.38,14.76,53.42,142.23,99.66,0.0798,attached,normal,1,0,0.0549857440126123,LOW,No critical resource condition identified,Continue monitoring
2026-09-01 08:00:00,Azure,azure-disk-042,Managed Disk,15.24,19.86,60.49,132.55,92.5,0.0771,attached,normal,1,0,0.0617920895341676,LOW,No critical resource condition identified,Continue monitoring
2026-09-01 10:00:00,GCP,gcp-disk-042,Persistent Disk,5.86,19.89,62.85,141.65,94.23,0.0749,attached,normal,1,0,0.0489815931512588,MEDIUM,Very low resource utilization,Consider right-sizing the resource
2026-09-01 12:00:00,AWS,aws-ec2-043,EC2,58.01,62.55,61.42,646.72,361.84,0.1565,running,normal,1,0,0.1357201693818507,LOW,No critical resource condition identified,Continue monitoring
2026-09-01 14:00:00,Azure,azure-vm-043,VM,48.6,35.62,62.38,738.78,641.42,0.193,running,normal,1,0,0.0957791347331608,LOW,No critical resource condition identified,Continue monitoring
2026-09-01 16:00:00,GCP,gcp-ce-043,Compute Engine,52.77,55.64,64.48,786.77,449.01,0.1776,running,normal,1,0,0.1298312417683848,LOW,No critical resource condition identified,Continue monitoring
2026-09-01 18:00:00,AWS,aws-rds-043,RDS,39.87,71.48,72.96,430.54,308.88,0.2348,running,normal,1,0,0.1014692089487694,LOW,No critical resource condition identified,Continue monitoring
2026-09-01 20:00:00,Azure,azure-sql-043,SQL Database,38.63,71.1,75.65,526.97,342.71,0.2464,running,normal,1,0,0.0904931917493866,LOW,No critical resource condition identified,Continue monitoring
2026-09-01 22:00:00,GCP,gcp-sql-043,Cloud SQL,42.95,57.89,76.3,461.44,381.86,0.2669,running,normal,1,0,0.0846659772435052,LOW,No critical resource condition identified,Continue monitoring
2026-09-02 00:00:00,AWS,aws-ebs-043,EBS,5.26,19.7,59.5,111.15,95.02,0.0837,attached,normal,1,0,0.0471408288865938,MEDIUM,Very low resource utilization,Consider right-sizing the resource
2026-09-02 02:00:00,Azure,azure-disk-043,Managed Disk,17.08,23.77,62.16,146.63,124.99,0.0717,attached,normal,1,0,0.058435449589608,LOW,No critical resource condition identified,Continue monitoring
2026-09-02 04:00:00,GCP,gcp-disk-043,Persistent Disk,11.85,22.7,56.74,116.83,73.11,0.0607,attached,normal,1,0,0.0437816311496463,LOW,No critical resource condition identified,Continue monitoring
2026-09-02 06:00:00,AWS,aws-ec2-044,EC2,53.46,51.06,65.67,696.09,631.36,0.2038,running,normal,1,0,0.1134935821535713,LOW,No critical resource condition identified,Continue monitoring
2026-09-02 08:00:00,Azure,azure-vm-044,VM,38.29,48.41,64.79,826.97,763.11,0.2058,running,normal,1,0,0.0472902033091882,LOW,No critical resource condition identified,Continue monitoring
2026-09-02 10:00:00,GCP,gcp-ce-044,Compute Engine,43.72,45.77,65.28,965.85,572.67,0.1629,running,normal,1,0,0.0746167539783327,LOW,No critical resource condition identified,Continue monitoring
2026-09-02 12:00:00,AWS,aws-rds-044,RDS,40.91,64.26,74.39,375.71,236.39,0.2683,running,normal,1,0,0.0624995868963412,LOW,No critical resource condition identified,Continue monitoring
2026-09-02 14:00:00,Azure,azure-sql-044,SQL Database,5.79,13.28,64.72,484.05,400.18,0.2699,running,underutilized,1,0,0.0308247971742613,MEDIUM,Resource has very low CPU and memory utilization,Consider right-sizing or reducing allocated capacity
2026-09-02 16:00:00,GCP,gcp-sql-044,Cloud SQL,47.41,60.83,70.5,496.17,462.82,0.2458,running,normal,1,0,0.1176997261899057,LOW,No critical resource condition identified,Continue monitoring
2026-09-02 18:00:00,AWS,aws-ebs-044,EBS,15.31,25.21,59.69,84.7,52.02,0.0645,attached,normal,1,0,0.0270189345265572,LOW,No critical resource condition identified,Continue monitoring
2026-09-02 20:00:00,Azure,azure-disk-044,Managed Disk,13.39,15.3,56.37,112.05,79.74,0.0775,attached,normal,1,0,0.0527987472012445,LOW,No critical resource condition identified,Continue monitoring
2026-09-02 22:00:00,GCP,gcp-disk-044,Persistent Disk,14.67,17.65,62.82,125.06,108.32,0.0726,attached,normal,1,0,0.0463132896718106,LOW,No critical resource condition identified,Continue monitoring
2026-09-03 00:00:00,AWS,aws-ec2-045,EC2,47.79,42.69,59.0,730.53,555.9,0.208,running,normal,1,0,0.1151299418936239,LOW,No critical resource condition identified,Continue monitoring
2026-09-03 02:00:00,Azure,azure-vm-045,VM,41.68,42.5,68.68,521.21,439.69,0.2154,running,normal,1,0,0.1273250871294097,LOW,No critical resource condition identified,Continue monitoring
2026-09-03 04:00:00,GCP,gcp-ce-045,Compute Engine,50.59,43.28,62.07,764.7,684.9,0.1926,running,normal,1,0,0.0856016757884097,LOW,No critical resource condition identified,Continue monitoring
2026-09-03 06:00:00,AWS,aws-rds-045,RDS,43.73,75.36,70.87,456.81,286.52,0.2354,running,normal,1,0,0.1015287169807444,LOW,No critical resource condition identified,Continue monitoring
2026-09-03 08:00:00,Azure,azure-sql-045,SQL Database,42.42,67.37,77.67,347.25,237.98,0.2861,running,normal,1,0,0.0365294939076783,LOW,No critical resource condition identified,Continue monitoring
2026-09-03 10:00:00,GCP,gcp-sql-045,Cloud SQL,45.97,66.07,69.34,383.64,272.71,0.202,running,normal,1,0,0.1345092836518455,LOW,No critical resource condition identified,Continue monitoring
2026-09-03 12:00:00,AWS,aws-ebs-045,EBS,10.26,21.22,61.76,102.51,65.06,0.0796,attached,normal,1,0,0.0456823306967914,LOW,No critical resource condition identified,Continue monitoring
2026-09-03 14:00:00,Azure,azure-disk-045,Managed Disk,23.82,19.12,58.7,133.84,118.0,0.0696,attached,normal,1,0,0.0495599779914415,LOW,No critical resource condition identified,Continue monitoring
2026-09-03 16:00:00,GCP,gcp-disk-045,Persistent Disk,8.67,23.84,57.62,112.61,90.87,0.0687,attached,normal,1,0,0.0556807075983261,LOW,No critical resource condition identified,Continue monitoring
2026-09-03 18:00:00,AWS,aws-ec2-046,EC2,37.11,38.22,58.33,567.76,502.27,0.1622,running,normal,1,0,0.1406669031064108,LOW,No critical resource condition identified,Continue monitoring
2026-09-03 20:00:00,Azure,azure-vm-046,VM,33.71,44.04,61.77,653.75,506.87,0.185,running,normal,1,0,0.1267382552762834,LOW,No critical resource condition identified,Continue monitoring
2026-09-03 22:00:00,GCP,gcp-ce-046,Compute Engine,39.27,45.38,62.81,734.41,669.05,0.1991,running,normal,1,0,0.0911899233432931,LOW,No critical resource condition identified,Continue monitoring
2026-09-04 00:00:00,AWS,aws-rds-046,RDS,46.18,55.78,72.98,501.45,279.1,0.2845,running,normal,1,0,0.0650281917581047,LOW,No critical resource condition identified,Continue monitoring
2026-09-04 02:00:00,Azure,azure-sql-046,SQL Database,41.59,66.8,72.25,443.23,334.15,0.2589,running,normal,1,0,0.0954676466695191,LOW,No critical resource condition identified,Continue monitoring
2026-09-04 04:00:00,GCP,gcp-sql-046,Cloud SQL,50.21,72.38,72.37,505.03,312.7,0.2239,running,normal,1,0,0.1140937266737548,LOW,No critical resource condition identified,Continue monitoring
2026-09-04 06:00:00,AWS,aws-ebs-046,EBS,6.18,27.44,66.91,117.8,109.56,0.0665,attached,normal,1,0,0.0296500456676749,LOW,No critical resource condition identified,Continue monitoring
2026-09-04 08:00:00,Azure,azure-disk-046,Managed Disk,16.07,24.85,61.05,138.16,77.7,0.0784,attached,normal,1,0,0.0616136972804951,LOW,No critical resource condition identified,Continue monitoring
2026-09-04 10:00:00,GCP,gcp-disk-046,Persistent Disk,14.42,29.8,61.4,136.29,96.55,0.0587,attached,normal,1,0,0.049352006646136,LOW,No critical resource condition identified,Continue monitoring
2026-09-04 12:00:00,AWS,aws-ec2-047,EC2,45.07,50.07,66.62,712.99,551.17,0.2003,running,normal,1,0,0.1288326086138628,LOW,No critical resource condition identified,Continue monitoring
2026-09-04 14:00:00,Azure,azure-vm-047,VM,43.43,52.0,59.09,677.4,605.31,0.1687,running,normal,1,0,0.1251879237244746,LOW,No critical resource condition identified,Continue monitoring
2026-09-04 16:00:00,GCP,gcp-ce-047,Compute Engine,38.72,48.4,58.84,898.77,564.29,0.1486,running,normal,1,0,0.0910128910795676,LOW,No critical resource condition identified,Continue monitoring
2026-09-04 18:00:00,AWS,aws-rds-047,RDS,43.42,69.24,70.88,527.51,375.03,0.2685,running,normal,1,0,0.0791452300160333,LOW,No critical resource condition identified,Continue monitoring
2026-09-04 20:00:00,Azure,azure-sql-047,SQL Database,45.82,62.7,75.66,391.59,229.27,0.2501,running,normal,1,0,0.0846345779593732,LOW,No critical resource condition identified,Continue monitoring
2026-09-04 22:00:00,GCP,gcp-sql-047,Cloud SQL,48.06,65.72,73.77,428.36,313.86,0.2593,running,normal,1,0,0.0917478184930917,LOW,No critical resource condition identified,Continue monitoring
2026-09-05 00:00:00,AWS,aws-ebs-047,EBS,6.9,21.18,66.56,88.77,72.47,0.0681,attached,normal,1,0,0.0207023598459036,LOW,No critical resource condition identified,Continue monitoring
2026-09-05 02:00:00,Azure,azure-disk-047,Managed Disk,8.74,20.63,54.27,127.0,83.63,0.0752,attached,normal,1,0,0.0609936361152257,LOW,No critical resource condition identified,Continue monitoring
2026-09-05 04:00:00,GCP,gcp-disk-047,Persistent Disk,13.43,30.02,65.02,126.46,113.94,0.0805,attached,normal,1,0,0.0567226712872867,LOW,No critical resource condition identified,Continue monitoring
2026-09-05 06:00:00,AWS,aws-ec2-048,EC2,43.43,57.13,61.52,721.14,558.27,0.1746,running,normal,1,0,0.1299255880811764,LOW,No critical resource condition identified,Continue monitoring
2026-09-05 08:00:00,Azure,azure-vm-048,VM,37.35,63.14,66.28,854.71,773.6,0.2023,running,normal,1,0,0.036373055032001,LOW,No critical resource condition identified,Continue monitoring
2026-09-05 10:00:00,GCP,gcp-ce-048,Compute Engine,36.92,48.02,61.48,832.96,732.32,0.1605,running,normal,1,0,0.0670096054574705,LOW,No critical resource condition identified,Continue monitoring
2026-09-05 12:00:00,AWS,aws-rds-048,RDS,47.94,61.08,73.69,481.06,320.59,0.2781,running,normal,1,0,0.0794972618806488,LOW,No critical resource condition identified,Continue monitoring
2026-09-05 14:00:00,Azure,azure-sql-048,SQL Database,97.51,94.93,74.56,1251.87,1264.56,0.5514,running,high_cpu_and_traffic,-1,1,-0.2073939401010243,HIGH,High CPU and network traffic,Investigate workload and consider scaling resources
2026-09-05 16:00:00,GCP,gcp-sql-048,Cloud SQL,32.89,66.19,71.07,545.26,386.39,0.23,running,normal,1,0,0.1199300530705309,LOW,No critical resource condition identified,Continue monitoring
2026-09-05 18:00:00,AWS,aws-ebs-048,EBS,14.92,18.51,57.75,116.46,67.32,0.0736,attached,normal,1,0,0.0493844918205191,LOW,No critical resource condition identified,Continue monitoring
2026-09-05 20:00:00,Azure,azure-disk-048,Managed Disk,1.0,27.11,58.94,112.94,83.43,0.0774,attached,normal,1,0,0.037976922911445,LOW,No critical resource condition identified,Continue monitoring
2026-09-05 22:00:00,GCP,gcp-disk-048,Persistent Disk,8.96,27.64,58.46,149.83,102.87,0.0767,attached,normal,1,0,0.0630329984304802,LOW,No critical resource condition identified,Continue monitoring
2026-09-06 00:00:00,AWS,aws-ec2-049,EC2,43.63,55.52,62.82,683.71,578.19,0.168,running,normal,1,0,0.1325948883581178,LOW,No critical resource condition identified,Continue monitoring
2026-09-06 02:00:00,Azure,azure-vm-049,VM,32.11,54.6,64.77,596.44,419.02,0.2186,running,normal,1,0,0.1306029062483995,LOW,No critical resource condition identified,Continue monitoring
2026-09-06 04:00:00,GCP,gcp-ce-049,Compute Engine,42.17,61.2,63.52,677.53,608.63,0.1905,running,normal,1,0,0.1204408519646657,LOW,No critical resource condition identified,Continue monitoring
2026-09-06 06:00:00,AWS,aws-rds-049,RDS,42.85,58.81,69.92,385.41,284.19,0.279,running,normal,1,0,0.0704424727064689,LOW,No critical resource condition identified,Continue monitoring
2026-09-06 08:00:00,Azure,azure-sql-049,SQL Database,47.72,56.45,73.72,611.51,396.81,0.2362,running,normal,1,0,0.1142772646962939,LOW,No critical resource condition identified,Continue monitoring
2026-09-06 10:00:00,GCP,gcp-sql-049,Cloud SQL,39.94,65.22,70.39,448.6,424.53,0.1989,running,normal,1,0,0.1456758360518139,LOW,No critical resource condition identified,Continue monitoring
2026-09-06 12:00:00,AWS,aws-ebs-049,EBS,4.33,21.82,62.3,101.85,72.74,0.0636,attached,normal,1,0,0.0222515422841705,LOW,No critical resource condition identified,Continue monitoring
2026-09-06 14:00:00,Azure,azure-disk-049,Managed Disk,1.97,20.54,61.33,112.81,102.34,0.0625,attached,normal,1,0,0.0246482065192663,LOW,No critical resource condition identified,Continue monitoring
2026-09-06 16:00:00,GCP,gcp-disk-049,Persistent Disk,5.87,26.04,65.31,111.64,81.95,0.062,attached,normal,1,0,0.0284368393894197,LOW,No critical resource condition identified,Continue monitoring
2026-09-06 18:00:00,AWS,aws-ec2-050,EC2,40.91,65.38,66.14,513.79,456.13,0.164,running,normal,1,0,0.1538170283513755,LOW,No critical resource condition identified,Continue monitoring
2026-09-06 20:00:00,Azure,azure-vm-050,VM,38.44,62.85,62.56,544.02,339.83,0.1935,running,normal,1,0,0.1494834980800262,LOW,No critical resource condition identified,Continue monitoring
2026-09-06 22:00:00,GCP,gcp-ce-050,Compute Engine,38.82,64.63,58.92,565.65,329.39,0.2023,running,normal,1,0,0.1410387754668894,LOW,No critical resource condition identified,Continue monitoring
2026-09-07 00:00:00,AWS,aws-rds-050,RDS,34.51,64.29,75.86,483.43,367.43,0.2588,running,normal,1,0,0.0914897855028516,LOW,No critical resource condition identified,Continue monitoring
2026-09-07 02:00:00,Azure,azure-sql-050,SQL Database,31.64,61.4,69.67,506.39,469.89,0.2535,running,normal,1,0,0.1030891777771717,LOW,No critical resource condition identified,Continue monitoring
2026-09-07 04:00:00,GCP,gcp-sql-050,Cloud SQL,34.69,58.93,64.44,470.4,409.16,0.2702,running,normal,1,0,0.0968376170005158,LOW,No critical resource condition identified,Continue monitoring
2026-09-07 06:00:00,AWS,aws-ebs-050,EBS,13.06,21.57,57.75,117.45,88.75,0.0659,attached,normal,1,0,0.0541039236294205,LOW,No critical resource condition identified,Continue monitoring
2026-09-07 08:00:00,Azure,azure-disk-050,Managed Disk,10.41,27.03,57.94,123.16,85.05,0.068,attached,normal,1,0,0.0543950245497206,LOW,No critical resource condition identified,Continue monitoring
2026-09-07 10:00:00,GCP,gcp-disk-050,Persistent Disk,0.08,1.48,60.11,103.71,73.03,0.247,stopped,stopped_with_cost,-1,1,-0.0389469563852031,HIGH,Resource is stopped but still generating cost,Investigate billing and remove or right-size unused resources
2026-09-07 12:00:00,AWS,aws-ec2-051,EC2,52.31,57.94,64.67,657.71,540.5,0.2015,running,normal,1,0,0.1358233669166145,LOW,No critical resource condition identified,Continue monitoring
2026-09-07 14:00:00,Azure,azure-vm-051,VM,56.52,67.47,62.21,768.0,458.96,0.1768,running,normal,1,0,0.118212169209086,LOW,No critical resource condition identified,Continue monitoring
2026-09-07 16:00:00,GCP,gcp-ce-051,Compute Engine,49.88,66.55,67.92,650.66,369.57,0.2018,running,normal,1,0,0.129528843911471,LOW,No critical resource condition identified,Continue monitoring
2026-09-07 18:00:00,AWS,aws-rds-051,RDS,27.84,57.82,71.97,340.71,225.9,0.2541,running,normal,1,0,0.0779135358436805,LOW,No critical resource condition identified,Continue monitoring
2026-09-07 20:00:00,Azure,azure-sql-051,SQL Database,26.8,58.93,74.17,500.64,286.17,0.2985,running,normal,1,0,0.0544094333226386,LOW,No critical resource condition identified,Continue monitoring
2026-09-07 22:00:00,GCP,gcp-sql-051,Cloud SQL,24.41,52.96,75.86,413.41,361.74,0.2579,running,normal,1,0,0.0791693718034225,LOW,No critical resource condition identified,Continue monitoring
2026-09-08 00:00:00,AWS,aws-ebs-051,EBS,19.05,24.95,63.71,137.42,113.17,0.0753,attached,normal,1,0,0.0571064048430005,LOW,No critical resource condition identified,Continue monitoring
2026-09-08 02:00:00,Azure,azure-disk-051,Managed Disk,9.56,18.54,69.33,130.01,112.43,0.0736,attached,normal,1,0,0.032914625814393,MEDIUM,Very low resource utilization,Consider right-sizing the resource
2026-09-08 04:00:00,GCP,gcp-disk-051,Persistent Disk,5.43,28.06,59.47,129.02,82.96,0.0592,attached,normal,1,0,0.0361003170626964,LOW,No critical resource condition identified,Continue monitoring
2026-09-08 06:00:00,AWS,aws-ec2-052,EC2,49.06,62.21,64.72,639.45,560.17,0.1732,running,normal,1,0,0.1428853157441529,LOW,No critical resource condition identified,Continue monitoring
2026-09-08 08:00:00,Azure,azure-vm-052,VM,48.56,58.37,63.35,815.54,692.49,0.1909,running,normal,1,0,0.0884992601458816,LOW,No critical resource condition identified,Continue monitoring
2026-09-08 10:00:00,GCP,gcp-ce-052,Compute Engine,52.4,61.15,66.64,632.43,452.78,0.156,running,normal,1,0,0.1445636961290244,LOW,No critical resource condition identified,Continue monitoring
2026-09-08 12:00:00,AWS,aws-rds-052,RDS,35.21,50.19,70.75,457.34,365.22,0.2424,running,normal,1,0,0.1172812320188823,LOW,No critical resource condition identified,Continue monitoring
2026-09-08 14:00:00,Azure,azure-sql-052,SQL Database,32.06,48.18,71.43,425.4,302.26,0.2609,running,normal,1,0,0.0899359142308201,LOW,No critical resource condition identified,Continue monitoring
2026-09-08 16:00:00,GCP,gcp-sql-052,Cloud SQL,30.55,52.35,68.96,502.64,342.62,0.2426,running,normal,1,0,0.1136294359490731,LOW,No critical resource condition identified,Continue monitoring
2026-09-08 18:00:00,AWS,aws-ebs-052,EBS,3.56,21.04,63.65,101.44,60.94,0.0631,attached,normal,1,0,0.0117217417952031,LOW,No critical resource condition identified,Continue monitoring
2026-09-08 20:00:00,Azure,azure-disk-052,Managed Disk,20.59,29.03,56.66,164.89,96.52,0.0875,attached,normal,1,0,0.074097802456104,LOW,No critical resource condition identified,Continue monitoring
2026-09-08 22:00:00,GCP,gcp-disk-052,Persistent Disk,16.35,14.29,63.15,118.06,108.91,0.0613,attached,normal,1,0,0.0320599177821649,LOW,No critical resource condition identified,Continue monitoring
2026-09-09 00:00:00,AWS,aws-ec2-053,EC2,4.84,12.04,64.52,815.09,467.08,0.2111,running,underutilized,1,0,0.0077570325052476,MEDIUM,Resource has very low CPU and memory utilization,Consider right-sizing or reducing allocated capacity
2026-09-09 02:00:00,Azure,azure-vm-053,VM,50.13,59.89,67.39,802.48,491.11,0.1768,running,normal,1,0,0.1242151024686711,LOW,No critical resource condition identified,Continue monitoring
2026-09-09 04:00:00,GCP,gcp-ce-053,Compute Engine,60.14,64.22,62.58,865.41,478.57,0.1583,running,normal,1,0,0.0987994159073081,LOW,No critical resource condition identified,Continue monitoring
2026-09-09 06:00:00,AWS,aws-rds-053,RDS,28.3,50.65,69.07,492.72,386.91,0.2347,running,normal,1,0,0.1194990562387254,LOW,No critical resource condition identified,Continue monitoring
2026-09-09 08:00:00,Azure,azure-sql-053,SQL Database,24.58,48.86,75.03,553.23,499.43,0.273,running,normal,1,0,0.0581826201237969,LOW,No critical resource condition identified,Continue monitoring
2026-09-09 10:00:00,GCP,gcp-sql-053,Cloud SQL,20.81,51.81,70.29,322.08,178.59,0.2783,running,normal,1,0,0.0370167169729336,LOW,No critical resource condition identified,Continue monitoring
2026-09-09 12:00:00,AWS,aws-ebs-053,EBS,5.72,15.67,59.36,127.14,91.2,0.0674,attached,normal,1,0,0.0396961034935432,MEDIUM,Very low resource utilization,Consider right-sizing the resource
2026-09-09 14:00:00,Azure,azure-disk-053,Managed Disk,16.21,23.94,61.87,125.46,107.98,0.0663,attached,normal,1,0,0.0523344236693241,LOW,No critical resource condition identified,Continue monitoring
2026-09-09 16:00:00,GCP,gcp-disk-053,Persistent Disk,10.58,16.46,59.45,127.59,70.78,0.0636,attached,normal,1,0,0.0359231557745088,LOW,No critical resource condition identified,Continue monitoring
2026-09-09 18:00:00,AWS,aws-ec2-054,EC2,51.6,59.28,63.17,572.91,450.81,0.1692,running,normal,1,0,0.156480556088592,LOW,No critical resource condition identified,Continue monitoring
2026-09-09 20:00:00,Azure,azure-vm-054,VM,50.58,66.52,63.49,552.32,344.27,0.1917,running,normal,1,0,0.1488046744200271,LOW,No critical resource condition identified,Continue monitoring
2026-09-09 22:00:00,GCP,gcp-ce-054,Compute Engine,52.91,62.56,68.61,702.1,616.31,0.1884,running,normal,1,0,0.1101895091353347,LOW,No critical resource condition identified,Continue monitoring
2026-09-10 00:00:00,AWS,aws-rds-054,RDS,28.33,65.29,73.64,299.14,197.81,0.2124,running,normal,1,0,0.0857137923351615,LOW,No critical resource condition identified,Continue monitoring
2026-09-10 02:00:00,Azure,azure-sql-054,SQL Database,38.81,65.14,70.6,511.57,393.68,0.2283,running,normal,1,0,0.1273580438936492,LOW,No critical resource condition identified,Continue monitoring
2026-09-10 04:00:00,GCP,gcp-sql-054,Cloud SQL,24.77,52.9,71.65,510.65,392.99,0.2438,running,normal,1,0,0.0997775781405479,LOW,No critical resource condition identified,Continue monitoring
2026-09-10 06:00:00,AWS,aws-ebs-054,EBS,6.61,15.9,59.84,135.65,79.93,0.0798,attached,normal,1,0,0.0418033977813576,MEDIUM,Very low resource utilization,Consider right-sizing the resource
2026-09-10 08:00:00,Azure,azure-disk-054,Managed Disk,9.69,3.69,56.8,145.59,125.17,0.0777,attached,normal,1,0,0.025212086586452,MEDIUM,Very low resource utilization,Consider right-sizing the resource
2026-09-10 10:00:00,GCP,gcp-disk-054,Persistent Disk,21.78,23.65,62.2,114.72,103.9,0.0758,attached,normal,1,0,0.0606102353661569,LOW,No critical resource condition identified,Continue monitoring
2026-09-10 12:00:00,AWS,aws-ec2-055,EC2,62.56,63.18,95.17,1151.88,482.66,0.1735,running,storage_pressure,-1,1,-0.0002394568910808,HIGH,Storage utilization is critically high,Clean up unused storage or increase storage capacity
2026-09-10 14:00:00,Azure,azure-vm-055,VM,52.75,48.25,58.92,593.1,400.73,0.17,running,normal,1,0,0.1542003049798016,LOW,No critical resource condition identified,Continue monitoring
2026-09-10 16:00:00,GCP,gcp-ce-055,Compute Engine,55.1,70.35,61.51,697.12,603.68,0.1523,running,normal,1,0,0.1045988686353028,LOW,No critical resource condition identified,Continue monitoring
2026-09-10 18:00:00,AWS,aws-rds-055,RDS,33.09,49.29,78.03,403.99,322.03,0.2044,running,normal,1,0,0.125727297706097,LOW,No critical resource condition identified,Continue monitoring
2026-09-10 20:00:00,Azure,azure-sql-055,SQL Database,38.41,57.22,73.73,410.58,351.41,0.2537,running,normal,1,0,0.107209677771163,LOW,No critical resource condition identified,Continue monitoring
2026-09-10 22:00:00,GCP,gcp-sql-055,Cloud SQL,29.68,57.06,72.01,605.23,547.5,0.2058,running,normal,1,0,0.1164081149801978,LOW,No critical resource condition identified,Continue monitoring
2026-09-11 00:00:00,AWS,aws-ebs-055,EBS,13.24,18.32,58.34,111.95,68.37,0.0648,attached,normal,1,0,0.0405935347754538,LOW,No critical resource condition identified,Continue monitoring
2026-09-11 02:00:00,Azure,azure-disk-055,Managed Disk,15.4,23.93,64.25,149.29,134.83,0.0721,attached,normal,1,0,0.0544366221692466,LOW,No critical resource condition identified,Continue monitoring
2026-09-11 04:00:00,GCP,gcp-disk-055,Persistent Disk,11.94,13.17,58.72,161.96,118.13,0.0581,attached,normal,1,0,0.0291409949637669,LOW,No critical resource condition identified,Continue monitoring
2026-09-11 06:00:00,AWS,aws-ec2-056,EC2,58.24,62.06,71.32,537.48,490.57,0.1743,running,normal,1,0,0.1379563366463133,LOW,No critical resource condition identified,Continue monitoring
2026-09-11 08:00:00,Azure,azure-vm-056,VM,41.72,63.61,64.63,777.66,463.15,0.2043,running,normal,1,0,0.1142004960800847,LOW,No critical resource condition identified,Continue monitoring
2026-09-11 10:00:00,GCP,gcp-ce-056,Compute Engine,49.05,58.58,68.42,640.5,468.49,0.1818,running,normal,1,0,0.1463343331019535,LOW,No critical resource condition identified,Continue monitoring
2026-09-11 12:00:00,AWS,aws-rds-056,RDS,38.05,49.02,70.29,551.33,313.7,0.211,running,normal,1,0,0.136547567005015,LOW,No critical resource condition identified,Continue monitoring
2026-09-11 14:00:00,Azure,azure-sql-056,SQL Database,35.69,59.55,76.19,358.32,334.58,0.2813,running,normal,1,0,0.067640371464493,LOW,No critical resource condition identified,Continue monitoring
2026-01-01 00:00:00,AWS,aws-lambda-0501,compute,26.28,63.51,66.81,98.81,191.65,0.128,running,normal,1,0,0.0748581381476116,LOW,No critical resource condition identified,Continue monitoring
2026-01-01 03:00:00,Azure,azure-vm-0502,storage,29.65,65.83,63.56,461.89,580.36,0.155,running,normal,1,0,0.124090655549899,LOW,No critical resource condition identified,Continue monitoring
2026-01-01 06:00:00,GCP,gcp-disk-0503,compute,27.74,65.81,47.0,416.72,291.05,0.1568,running,normal,1,0,0.1367433328495572,LOW,No critical resource condition identified,Continue monitoring
2026-01-01 09:00:00,AWS,aws-lambda-0504,storage,38.66,59.58,55.31,524.29,468.93,0.1876,running,normal,1,0,0.1518785965708413,LOW,No critical resource condition identified,Continue monitoring
2026-01-01 12:00:00,Azure,azure-sql-0505,database,30.35,61.09,70.58,429.49,265.57,0.1259,running,normal,1,0,0.1246311119351729,LOW,No critical resource condition identified,Continue monitoring
2026-01-01 15:00:00,GCP,gcp-sql-0506,serverless,54.78,38.02,52.64,471.0,434.99,0.1738,running,normal,1,0,0.1495511824145057,LOW,No critical resource condition identified,Continue monitoring
2026-01-01 18:00:00,AWS,aws-ec2-0507,serverless,46.22,55.2,60.63,187.71,348.85,0.1472,running,normal,1,0,0.1323628364676159,LOW,No critical resource condition identified,Continue monitoring
2026-01-01 21:00:00,Azure,azure-vm-0508,compute,71.91,34.42,67.37,147.08,346.42,0.1777,running,normal,1,0,0.0772493311473036,LOW,No critical resource condition identified,Continue monitoring
2026-01-02 00:00:00,GCP,gcp-disk-0509,compute,59.28,43.72,38.75,604.44,369.39,0.1542,running,normal,1,0,0.1292157747280818,LOW,No critical resource condition identified,Continue monitoring
2026-01-02 03:00:00,AWS,aws-ec2-0510,serverless,53.95,52.56,61.81,373.09,425.37,0.1783,running,normal,1,0,0.1552529624152029,LOW,No critical resource condition identified,Continue monitoring
2026-01-02 06:00:00,Azure,azure-function-0511,database,33.09,43.47,40.37,234.75,477.92,0.1216,running,normal,1,0,0.1135650778515945,LOW,No critical resource condition identified,Continue monitoring
2026-01-02 09:00:00,GCP,gcp-ce-0512,serverless,53.04,61.98,46.03,373.81,387.25,0.149,running,normal,1,0,0.147562618492785,LOW,No critical resource condition identified,Continue monitoring
2026-01-02 12:00:00,AWS,aws-ec2-0513,database,27.05,57.2,29.89,381.93,607.88,0.1308,running,normal,1,0,0.0997241217009162,LOW,No critical resource condition identified,Continue monitoring
2026-01-02 15:00:00,Azure,azure-sql-0514,serverless,41.3,32.9,41.22,601.26,123.63,0.1393,running,normal,1,0,0.0951034010748476,LOW,No critical resource condition identified,Continue monitoring
2026-01-02 18:00:00,GCP,gcp-ce-0515,storage,18.97,51.3,37.41,491.88,403.5,0.1414,running,normal,1,0,0.127819853115764,LOW,No critical resource condition identified,Continue monitoring
2026-01-02 21:00:00,AWS,aws-ec2-0516,storage,48.23,53.96,75.18,600.32,457.1,0.1886,running,normal,1,0,0.139413132204655,LOW,No critical resource condition identified,Continue monitoring
2026-01-03 00:00:00,Azure,azure-vm-0517,serverless,28.32,42.98,20.47,564.33,364.44,0.1034,running,normal,1,0,0.0857746957551093,LOW,No critical resource condition identified,Continue monitoring
2026-01-03 03:00:00,GCP,gcp-function-0518,database,60.09,85.94,98.0,524.59,241.67,0.1722,running,normal,1,0,0.0176896062626129,HIGH,Storage utilization exceeds 90%,Review storage usage and increase capacity if required
2026-01-03 06:00:00,AWS,aws-rds-0519,serverless,37.52,38.98,45.18,641.88,425.13,0.1364,running,normal,1,0,0.1330562936034516,LOW,No critical resource condition identified,Continue monitoring
2026-01-03 09:00:00,Azure,azure-vm-0520,database,36.25,49.03,83.36,473.45,557.24,0.1367,running,normal,1,0,0.1140748766417844,LOW,No critical resource condition identified,Continue monitoring
2026-01-03 12:00:00,GCP,gcp-ce-0521,compute,31.95,88.31,31.57,600.93,255.53,0.1797,running,normal,1,0,0.0522455324974999,LOW,No critical resource condition identified,Continue monitoring
2026-01-03 15:00:00,AWS,aws-ebs-0522,storage,44.27,38.21,56.92,368.1,203.9,0.1192,running,normal,1,0,0.1220588986492417,LOW,No critical resource condition identified,Continue monitoring
2026-01-03 18:00:00,Azure,azure-disk-0523,compute,47.88,47.86,53.72,685.08,435.1,0.1564,running,normal,1,0,0.1447384561334301,LOW,No critical resource condition identified,Continue monitoring
2026-01-03 21:00:00,GCP,gcp-ce-0524,serverless,72.64,53.3,23.51,203.73,664.15,0.2248,running,normal,1,0,0.0248738685091538,LOW,No critical resource condition identified,Continue monitoring
2026-01-04 00:00:00,AWS,aws-ec2-0525,storage,71.31,30.07,30.11,565.8,336.86,0.179,running,normal,1,0,0.0918310345117089,LOW,No critical resource condition identified,Continue monitoring
2026-01-04 03:00:00,Azure,azure-vm-0526,serverless,70.33,51.63,60.88,80.97,392.21,0.1736,running,normal,1,0,0.09296104320626,LOW,No critical resource condition identified,Continue monitoring
2026-01-04 06:00:00,GCP,gcp-ce-0527,database,38.99,66.49,21.47,455.51,322.53,0.1523,running,normal,1,0,0.1162921019043795,LOW,No critical resource condition identified,Continue monitoring
2026-01-04 09:00:00,AWS,aws-ebs-0528,storage,69.07,47.22,34.08,409.71,438.8,0.191,running,normal,1,0,0.1186669596659921,LOW,No critical resource condition identified,Continue monitoring
2026-01-04 12:00:00,Azure,azure-vm-0529,storage,49.11,95.31,85.54,296.42,354.02,0.171,running,normal,1,0,0.0309132638366798,LOW,No critical resource condition identified,Continue monitoring
2026-01-04 15:00:00,GCP,gcp-ce-0530,serverless,66.71,36.88,34.92,63.49,373.97,0.1524,running,normal,1,0,0.0713849877841851,LOW,No critical resource condition identified,Continue monitoring
2026-01-04 18:00:00,AWS,aws-ebs-0531,serverless,35.47,34.22,46.11,133.61,165.27,0.1485,running,normal,1,0,0.095828841998542,LOW,No critical resource condition identified,Continue monitoring
2026-01-04 21:00:00,Azure,azure-disk-0532,serverless,78.06,98.0,24.57,383.72,454.65,0.2682,running,normal,-1,1,-0.0546513684576076,LOW,No critical resource condition identified,Continue monitoring
2026-01-05 00:00:00,GCP,gcp-ce-0533,serverless,58.99,57.83,40.48,425.91,180.02,0.1733,running,normal,1,0,0.1200587029080771,LOW,No critical resource condition identified,Continue monitoring
2026-01-05 03:00:00,AWS,aws-ec2-0534,compute,35.0,58.49,68.25,477.98,456.28,0.1488,running,normal,1,0,0.1523276770257066,LOW,No critical resource condition identified,Continue monitoring
2026-01-05 06:00:00,Azure,azure-function-0535,serverless,50.7,48.25,89.86,733.2,461.74,0.1571,running,normal,1,0,0.0892752218366161,LOW,No critical resource condition identified,Continue monitoring
2026-01-05 09:00:00,GCP,gcp-disk-0536,serverless,24.98,71.44,53.25,536.43,120.87,0.1517,running,normal,1,0,0.0881093171129677,LOW,No critical resource condition identified,Continue monitoring
2026-01-05 12:00:00,AWS,aws-lambda-0537,compute,36.51,54.75,49.05,397.41,383.44,0.1404,running,normal,1,0,0.1573288195342043,LOW,No critical resource condition identified,Continue monitoring
2026-01-05 15:00:00,Azure,azure-function-0538,serverless,2.0,45.74,51.53,503.28,340.49,0.0601,running,normal,1,0,0.0582848461998765,LOW,No critical resource condition identified,Continue monitoring
2026-01-05 18:00:00,GCP,gcp-ce-0539,storage,17.39,65.55,41.43,438.96,231.54,0.1169,running,normal,1,0,0.0952528327220966,LOW,No critical resource condition identified,Continue monitoring
2026-01-05 21:00:00,AWS,aws-lambda-0540,storage,76.18,71.19,56.78,763.91,470.24,0.2383,running,normal,1,0,0.0532224892426698,LOW,No critical resource condition identified,Continue monitoring
2026-01-06 00:00:00,Azure,azure-disk-0541,serverless,32.45,67.81,24.43,590.82,369.5,0.1697,running,normal,1,0,0.1064042228509816,LOW,No critical resource condition identified,Continue monitoring
2026-01-06 03:00:00,GCP,gcp-disk-0542,storage,58.15,21.7,46.66,239.04,317.08,0.1684,running,normal,1,0,0.1019954902383502,LOW,No critical resource condition identified,Continue monitoring
2026-01-06 06:00:00,AWS,aws-lambda-0543,serverless,26.75,50.59,23.67,329.19,449.92,0.1435,running,normal,1,0,0.1193051917432698,LOW,No critical resource condition identified,Continue monitoring
2026-01-06 09:00:00,Azure,azure-sql-0544,database,50.48,51.3,56.28,740.92,69.88,0.1541,running,normal,1,0,0.0759248791222171,LOW,No critical resource condition identified,Continue monitoring
2026-01-06 12:00:00,GCP,gcp-ce-0545,serverless,71.57,56.63,64.93,347.23,530.2,0.2162,running,normal,1,0,0.1048040056505297,LOW,No critical resource condition identified,Continue monitoring
2026-01-06 15:00:00,AWS,aws-lambda-0546,serverless,49.87,34.46,45.05,422.55,461.34,0.165,running,normal,1,0,0.1497489595303903,LOW,No critical resource condition identified,Continue monitoring
2026-01-06 18:00:00,Azure,azure-sql-0547,storage,71.67,36.62,31.55,486.42,535.1,0.1874,running,normal,1,0,0.0967540797131904,LOW,No critical resource condition identified,Continue monitoring
2026-01-06 21:00:00,GCP,gcp-disk-0548,compute,60.15,59.97,94.55,413.07,79.44,0.2021,running,normal,1,0,0.0202666345609024,HIGH,Storage utilization exceeds 90%,Review storage usage and increase capacity if required
2026-01-07 00:00:00,AWS,aws-ec2-0549,storage,68.57,21.16,22.97,161.77,272.94,0.1651,running,normal,1,0,0.0327826070570923,LOW,No critical resource condition identified,Continue monitoring
2026-01-07 03:00:00,Azure,azure-function-0550,storage,19.57,8.42,49.09,365.08,473.5,0.0934,running,normal,1,0,0.0548130940887433,LOW,No critical resource condition identified,Continue monitoring
2026-01-07 06:00:00,GCP,gcp-disk-0551,compute,47.49,63.68,52.58,545.41,287.25,0.1661,running,normal,1,0,0.1497870420950007,LOW,No critical resource condition identified,Continue monitoring
2026-01-07 09:00:00,AWS,aws-ec2-0552,serverless,37.91,59.38,42.68,428.84,532.72,0.1237,running,normal,1,0,0.1335493970500924,LOW,No critical resource condition identified,Continue monitoring
2026-01-07 12:00:00,Azure,azure-vm-0553,serverless,2.99,37.79,62.99,398.72,431.65,0.0977,running,normal,1,0,0.0785920985043956,LOW,No critical resource condition identified,Continue monitoring
2026-01-07 15:00:00,GCP,gcp-ce-0554,database,31.15,74.36,49.84,299.27,304.9,0.1261,running,normal,1,0,0.1160884128933817,LOW,No critical resource condition identified,Continue monitoring
2026-01-07 18:00:00,AWS,aws-rds-0555,compute,59.46,80.97,20.36,520.71,233.51,0.2062,running,normal,1,0,0.0539914686672126,LOW,No critical resource condition identified,Continue monitoring
2026-01-07 21:00:00,Azure,azure-disk-0556,database,61.71,39.11,37.32,257.44,295.31,0.1713,running,normal,1,0,0.1171567743083116,LOW,No critical resource condition identified,Continue monitoring
2026-01-08 00:00:00,GCP,gcp-disk-0557,serverless,51.51,73.77,41.14,184.17,570.76,0.1764,running,normal,1,0,0.0964490200769616,LOW,No critical resource condition identified,Continue monitoring
2026-01-08 03:00:00,AWS,aws-ec2-0558,compute,42.64,56.28,87.02,823.86,411.1,0.1661,running,normal,1,0,0.0875106712330004,LOW,No critical resource condition identified,Continue monitoring
2026-01-08 06:00:00,Azure,azure-sql-0559,storage,51.0,49.53,54.28,299.99,145.67,0.1239,running,normal,1,0,0.1037603061198815,LOW,No critical resource condition identified,Continue monitoring
2026-01-08 09:00:00,GCP,gcp-ce-0560,serverless,39.72,84.87,70.12,276.82,455.63,0.166,running,normal,1,0,0.0804390641164741,LOW,No critical resource condition identified,Continue monitoring
2026-01-08 12:00:00,AWS,aws-ebs-0561,storage,56.15,43.89,69.28,244.45,401.01,0.2012,running,normal,1,0,0.111631404984688,LOW,No critical resource condition identified,Continue monitoring
2026-01-08 15:00:00,Azure,azure-disk-0562,serverless,46.65,60.45,46.86,419.33,275.28,0.1687,running,normal,1,0,0.1524358539728343,LOW,No critical resource condition identified,Continue monitoring
2026-01-08 18:00:00,GCP,gcp-sql-0563,database,56.02,61.98,69.71,515.98,354.2,0.1878,running,normal,1,0,0.1462692328218504,LOW,No critical resource condition identified,Continue monitoring
2026-01-08 21:00:00,AWS,aws-rds-0564,storage,12.03,43.96,8.18,180.89,618.22,0.1126,running,normal,-1,1,-0.0070187442792246,LOW,No critical resource condition identified,Continue monitoring
2026-01-09 00:00:00,Azure,azure-vm-0565,storage,2.0,40.22,96.41,528.28,310.47,0.0889,running,normal,1,0,0.006333778171505,HIGH,Storage utilization exceeds 90%,Review storage usage and increase capacity if required
2026-01-09 03:00:00,GCP,gcp-sql-0566,serverless,46.79,48.45,63.82,512.04,506.93,0.149,running,normal,1,0,0.1465559990157542,LOW,No critical resource condition identified,Continue monitoring
2026-01-09 06:00:00,AWS,aws-lambda-0567,serverless,27.54,34.02,74.72,415.56,624.61,0.1127,running,normal,1,0,0.0841835014506208,LOW,No critical resource condition identified,Continue monitoring
2026-01-09 09:00:00,Azure,azure-function-0568,serverless,49.65,78.16,40.76,280.6,328.23,0.186,running,normal,1,0,0.1108662028881909,LOW,No critical resource condition identified,Continue monitoring
2026-01-09 12:00:00,GCP,gcp-sql-0569,compute,35.3,70.66,5.0,308.42,130.17,0.1359,running,normal,1,0,0.0109317962148665,LOW,No critical resource condition identified,Continue monitoring
2026-01-09 15:00:00,AWS,aws-ebs-0570,storage,40.44,47.13,52.07,268.46,513.1,0.1539,running,normal,1,0,0.1331575166841654,LOW,No critical resource condition identified,Continue monitoring
2026-01-09 18:00:00,Azure,azure-sql-0571,database,50.34,86.63,46.26,394.73,279.44,0.1728,running,normal,1,0,0.0982883560460453,LOW,No critical resource condition identified,Continue monitoring
2026-01-09 21:00:00,GCP,gcp-sql-0572,storage,35.75,34.0,46.59,510.17,408.18,0.1177,running,normal,1,0,0.1369141029711144,LOW,No critical resource condition identified,Continue monitoring
2026-01-10 00:00:00,AWS,aws-ec2-0573,database,42.13,38.25,58.97,483.84,168.3,0.1358,running,normal,1,0,0.126992591100382,LOW,No critical resource condition identified,Continue monitoring
2026-01-10 03:00:00,Azure,azure-disk-0574,compute,48.42,23.81,74.72,674.63,359.6,0.1478,running,normal,1,0,0.0937812077265448,LOW,No critical resource condition identified,Continue monitoring
2026-01-10 06:00:00,GCP,gcp-function-0575,database,39.71,30.7,62.29,809.51,211.74,0.122,running,normal,1,0,0.0809134372916002,LOW,No critical resource condition identified,Continue monitoring
2026-01-10 09:00:00,AWS,aws-lambda-0576,database,23.0,54.48,84.43,152.68,195.03,0.1087,running,normal,1,0,0.0523905997703292,LOW,No critical resource condition identified,Continue monitoring
2026-01-10 12:00:00,Azure,azure-function-0577,serverless,49.35,18.05,58.31,346.04,603.91,0.1281,running,normal,1,0,0.0811693838316316,LOW,No critical resource condition identified,Continue monitoring
2026-01-10 15:00:00,GCP,gcp-function-0578,database,58.73,58.07,14.29,546.85,234.51,0.1837,running,normal,1,0,0.0702563011601437,LOW,No critical resource condition identified,Continue monitoring
2026-01-10 18:00:00,AWS,aws-lambda-0579,storage,30.48,26.91,62.28,493.5,301.76,0.1349,running,normal,1,0,0.1236179665390721,LOW,No critical resource condition identified,Continue monitoring
2026-01-10 21:00:00,Azure,azure-vm-0580,database,49.84,38.85,57.42,353.98,334.14,0.17,running,normal,1,0,0.1443418272804511,LOW,No critical resource condition identified,Continue monitoring
2026-01-11 00:00:00,GCP,gcp-function-0581,database,74.0,95.89,39.89,101.37,350.32,0.2224,running,normal,-1,1,-0.0126159761098199,LOW,No critical resource condition identified,Continue monitoring
2026-01-11 03:00:00,AWS,aws-ec2-0582,serverless,55.43,59.44,18.11,575.86,728.43,0.1894,running,normal,1,0,0.0524475302919639,LOW,No critical resource condition identified,Continue monitoring
2026-01-11 06:00:00,Azure,azure-vm-0583,storage,56.07,18.85,51.29,379.72,695.65,0.1481,running,normal,1,0,0.0772379197081439,LOW,No critical resource condition identified,Continue monitoring
2026-01-11 09:00:00,GCP,gcp-ce-0584,compute,55.57,55.75,30.62,481.93,594.0,0.1746,running,normal,1,0,0.1235026425181999,LOW,No critical resource condition identified,Continue monitoring
2026-01-11 12:00:00,AWS,aws-lambda-0585,serverless,28.76,43.84,46.37,142.98,141.49,0.1211,running,normal,1,0,0.0891739410925726,LOW,No critical resource condition identified,Continue monitoring
2026-01-11 15:00:00,Azure,azure-disk-0586,serverless,59.13,54.9,33.72,212.97,533.73,0.1828,running,normal,1,0,0.1046312199169554,LOW,No critical resource condition identified,Continue monitoring
2026-01-11 18:00:00,GCP,gcp-sql-0587,compute,52.56,56.98,44.66,597.02,500.01,0.1951,running,normal,1,0,0.1459328053175487,LOW,No critical resource condition identified,Continue monitoring
2026-01-11 21:00:00,AWS,aws-lambda-0588,database,35.98,42.16,38.42,592.34,639.74,0.1355,running,normal,1,0,0.1075901854823678,LOW,No critical resource condition identified,Continue monitoring
2026-01-12 00:00:00,Azure,azure-disk-0589,serverless,40.58,67.14,5.0,301.19,274.81,0.1213,running,normal,1,0,0.0318364170165428,LOW,No critical resource condition identified,Continue monitoring
2026-01-12 03:00:00,GCP,gcp-sql-0590,serverless,41.38,70.03,43.1,264.45,390.89,0.1769,running,normal,1,0,0.1243785048433346,LOW,No critical resource condition identified,Continue monitoring
2026-01-12 06:00:00,AWS,aws-ec2-0591,database,96.56,79.69,60.95,1333.17,1301.93,0.1531,running,high_cpu_and_traffic,-1,1,-0.1336771804204224,HIGH,High CPU and network traffic,Investigate workload and consider scaling resources
2026-01-12 09:00:00,Azure,azure-function-0592,storage,26.6,48.27,70.56,39.47,160.54,0.0987,running,normal,1,0,0.0432630987551705,LOW,No critical resource condition identified,Continue monitoring
2026-01-12 12:00:00,GCP,gcp-sql-0593,storage,58.81,29.48,25.61,530.61,409.32,0.1688,running,normal,1,0,0.110535522735888,LOW,No critical resource condition identified,Continue monitoring
2026-01-12 15:00:00,AWS,aws-lambda-0594,compute,47.85,64.0,64.14,158.42,40.44,0.172,running,normal,1,0,0.0581126199389488,LOW,No critical resource condition identified,Continue monitoring
2026-01-12 18:00:00,Azure,azure-disk-0595,compute,11.52,51.78,66.62,773.57,482.61,0.1083,running,normal,1,0,0.0719455038634393,LOW,No critical resource condition identified,Continue monitoring
2026-01-12 21:00:00,GCP,gcp-sql-0596,database,39.61,31.73,88.98,771.33,581.77,0.1281,running,normal,1,0,0.0464931310299588,LOW,No critical resource condition identified,Continue monitoring
2026-01-13 00:00:00,AWS,aws-lambda-0597,storage,52.97,72.49,60.71,583.2,501.91,0.1943,running,normal,1,0,0.1344730655641184,LOW,No critical resource condition identified,Continue monitoring
2026-01-13 03:00:00,Azure,azure-vm-0598,database,34.99,26.96,81.64,761.22,617.48,0.1355,running,normal,1,0,0.0427913761056389,LOW,No critical resource condition identified,Continue monitoring
2026-01-13 06:00:00,GCP,gcp-ce-0599,compute,7.95,12.6,55.94,460.87,191.58,0.1395,running,underutilized,1,0,0.0584538989050196,MEDIUM,Resource has very low CPU and memory utilization,Consider right-sizing or reducing allocated capacity
2026-01-13 09:00:00,AWS,aws-ec2-0600,database,49.48,50.8,43.94,255.16,375.83,0.1463,running,normal,1,0,0.1390744848348754,LOW,No critical resource condition identified,Continue monitoring
2026-01-13 12:00:00,Azure,azure-sql-0601,compute,52.04,17.84,45.55,629.23,569.48,0.1617,running,normal,1,0,0.0858575478446347,LOW,No critical resource condition identified,Continue monitoring
2026-01-13 15:00:00,GCP,gcp-disk-0602,storage,25.49,56.2,55.59,681.72,576.0,0.1364,running,normal,1,0,0.1093545530669716,LOW,No critical resource condition identified,Continue monitoring
2026-01-13 18:00:00,AWS,aws-rds-0603,compute,48.91,46.36,36.44,495.52,319.37,0.1473,running,normal,1,0,0.1456552945470647,LOW,No critical resource condition identified,Continue monitoring
2026-01-13 21:00:00,Azure,azure-sql-0604,storage,49.39,54.92,25.21,363.38,630.04,0.1505,running,normal,1,0,0.1015228716969969,LOW,No critical resource condition identified,Continue monitoring
2026-01-14 00:00:00,GCP,gcp-disk-0605,serverless,45.52,50.56,45.65,668.55,20.0,0.1584,running,normal,1,0,0.0699497973247832,LOW,No critical resource condition identified,Continue monitoring
2026-01-14 03:00:00,AWS,aws-ec2-0606,database,4.9,3.77,30.11,391.27,628.4,0.9193,stopped,stopped_with_cost,-1,1,-0.1273319515411209,HIGH,Resource is stopped but still generating cost,Investigate billing and remove or right-size unused resources
2026-01-14 06:00:00,Azure,azure-function-0607,serverless,47.36,56.58,98.0,603.23,286.84,0.1786,running,normal,1,0,0.0769094330124392,HIGH,Storage utilization exceeds 90%,Review storage usage and increase capacity if required
2026-01-14 09:00:00,GCP,gcp-sql-0608,storage,61.35,50.56,53.57,452.52,453.85,0.187,running,normal,1,0,0.1486212402416557,LOW,No critical resource condition identified,Continue monitoring
2026-01-14 12:00:00,AWS,aws-lambda-0609,compute,27.32,24.04,46.83,465.12,289.04,0.1178,running,normal,1,0,0.1189171830821428,LOW,No critical resource condition identified,Continue monitoring
2026-01-14 15:00:00,Azure,azure-disk-0610,database,34.47,49.16,53.58,268.58,515.89,0.1377,running,normal,1,0,0.1304215001745566,LOW,No critical resource condition identified,Continue monitoring
2026-01-14 18:00:00,GCP,gcp-ce-0611,serverless,44.78,46.02,45.93,444.96,436.09,0.1658,running,normal,1,0,0.1574896525793157,LOW,No critical resource condition identified,Continue monitoring
2026-01-14 21:00:00,AWS,aws-lambda-0612,database,25.32,55.2,72.9,372.36,20.0,0.0944,running,normal,1,0,0.0458642561834962,LOW,No critical resource condition identified,Continue monitoring
2026-01-15 00:00:00,Azure,azure-disk-0613,database,37.65,50.69,41.77,638.88,291.84,0.1327,running,normal,1,0,0.127641124365927,LOW,No critical resource condition identified,Continue monitoring
2026-01-15 03:00:00,GCP,gcp-sql-0614,serverless,52.01,51.85,45.05,735.89,300.45,0.2011,running,normal,1,0,0.123033174503511,LOW,No critical resource condition identified,Continue monitoring
2026-01-15 06:00:00,AWS,aws-ec2-0615,storage,46.26,30.63,32.96,521.47,488.89,0.1348,running,normal,1,0,0.1229918612108356,LOW,No critical resource condition identified,Continue monitoring
2026-01-15 09:00:00,Azure,azure-function-0616,compute,70.85,59.53,75.27,111.46,349.13,0.1801,running,normal,1,0,0.080837204198731,LOW,No critical resource condition identified,Continue monitoring
2026-01-15 12:00:00,GCP,gcp-function-0617,compute,42.01,83.88,44.61,524.48,362.84,0.179,running,normal,1,0,0.1150355946807033,LOW,No critical resource condition identified,Continue monitoring
2026-01-15 15:00:00,AWS,aws-lambda-0618,compute,0.59,9.17,54.19,556.12,215.86,0.5215,stopped,stopped_with_cost,-1,1,-0.0667504832855017,HIGH,Resource is stopped but still generating cost,Investigate billing and remove or right-size unused resources
2026-01-15 18:00:00,Azure,azure-disk-0619,serverless,66.61,55.21,40.89,510.45,20.0,0.1904,running,normal,1,0,0.0521786039891468,LOW,No critical resource condition identified,Continue monitoring
2026-01-15 21:00:00,GCP,gcp-sql-0620,database,53.13,58.6,24.75,321.82,619.29,0.1681,running,normal,1,0,0.0964819259185884,LOW,No critical resource condition identified,Continue monitoring
2026-01-16 00:00:00,AWS,aws-lambda-0621,compute,52.34,79.1,50.62,269.58,382.44,0.1843,running,normal,1,0,0.1159961075358328,LOW,No critical resource condition identified,Continue monitoring
2026-01-16 03:00:00,Azure,azure-sql-0622,database,31.64,66.64,48.69,399.1,383.01,0.1498,running,normal,1,0,0.1445128960449908,LOW,No critical resource condition identified,Continue monitoring
2026-01-16 06:00:00,GCP,gcp-sql-0623,storage,26.25,69.88,39.75,194.97,471.01,0.1456,running,normal,1,0,0.1015550137970824,LOW,No critical resource condition identified,Continue monitoring
2026-01-16 09:00:00,AWS,aws-ec2-0624,storage,58.24,56.74,60.64,197.23,452.97,0.1712,running,normal,1,0,0.1222735805971173,LOW,No critical resource condition identified,Continue monitoring
2026-01-16 12:00:00,Azure,azure-sql-0625,compute,71.63,82.3,74.3,430.25,456.44,0.2325,running,normal,1,0,0.0532325720620839,LOW,No critical resource condition identified,Continue monitoring
2026-01-16 15:00:00,GCP,gcp-function-0626,storage,59.83,48.93,33.41,375.39,501.43,0.1765,running,normal,1,0,0.1258328964677286,LOW,No critical resource condition identified,Continue monitoring
2026-01-16 18:00:00,AWS,aws-ebs-0627,database,38.25,63.61,55.58,227.73,630.77,0.1479,running,normal,1,0,0.1015575220602443,LOW,No critical resource condition identified,Continue monitoring
2026-01-16 21:00:00,Azure,azure-vm-0628,serverless,26.62,50.94,42.52,389.37,499.15,0.1336,running,normal,1,0,0.1338211240220427,LOW,No critical resource condition identified,Continue monitoring
2026-01-17 00:00:00,GCP,gcp-ce-0629,storage,56.09,12.06,40.71,57.56,405.77,0.133,running,normal,1,0,0.0526843153831808,LOW,No critical resource condition identified,Continue monitoring
2026-01-17 03:00:00,AWS,aws-lambda-0630,storage,48.65,40.99,57.7,354.97,399.78,0.1657,running,normal,1,0,0.1490835066288256,LOW,No critical resource condition identified,Continue monitoring
2026-01-17 06:00:00,Azure,azure-function-0631,compute,57.19,32.81,67.48,575.74,416.31,0.1504,running,normal,1,0,0.1293250108085095,LOW,No critical resource condition identified,Continue monitoring
2026-01-17 09:00:00,GCP,gcp-function-0632,database,54.77,32.8,56.75,226.48,367.35,0.1519,running,normal,1,0,0.127166031037085,LOW,No critical resource condition identified,Continue monitoring
2026-01-17 12:00:00,AWS,aws-rds-0633,storage,71.5,52.7,56.22,471.3,471.16,0.1959,running,normal,1,0,0.1296739001725503,LOW,No critical resource condition identified,Continue monitoring
2026-01-17 15:00:00,Azure,azure-function-0634,storage,65.38,38.4,46.79,257.05,472.8,0.1951,running,normal,1,0,0.1107191871828393,LOW,No critical resource condition identified,Continue monitoring
2026-01-17 18:00:00,GCP,gcp-function-0635,storage,24.94,45.87,16.14,285.68,436.29,0.1383,running,normal,1,0,0.0846894216745292,LOW,No critical resource condition identified,Continue monitoring
2026-01-17 21:00:00,AWS,aws-lambda-0636,serverless,70.84,54.39,44.98,527.87,409.91,0.2002,running,normal,1,0,0.1236021821324186,LOW,No critical resource condition identified,Continue monitoring
2026-01-18 00:00:00,Azure,azure-vm-0637,database,17.21,61.76,42.47,342.7,401.36,0.132,running,normal,1,0,0.1187285974160235,LOW,No critical resource condition identified,Continue monitoring
2026-01-18 03:00:00,GCP,gcp-function-0638,compute,67.07,78.43,57.89,625.26,598.71,0.2348,running,normal,1,0,0.0579624409409923,LOW,No critical resource condition identified,Continue monitoring
2026-01-18 06:00:00,AWS,aws-ec2-0639,compute,54.35,30.25,62.01,205.95,272.86,0.1649,running,normal,1,0,0.1072658694913932,LOW,No critical resource condition identified,Continue monitoring
2026-01-18 09:00:00,Azure,azure-disk-0640,compute,40.11,29.26,43.19,468.37,412.64,0.1482,running,normal,1,0,0.1391200417255055,LOW,No critical resource condition identified,Continue monitoring
2026-01-18 12:00:00,GCP,gcp-disk-0641,database,27.2,58.11,48.06,315.03,362.27,0.1281,running,normal,1,0,0.1361588935109849,LOW,No critical resource condition identified,Continue monitoring
2026-01-18 15:00:00,AWS,aws-lambda-0642,storage,43.23,45.61,6.05,289.04,357.91,0.134,running,normal,1,0,0.0615374218654624,LOW,No critical resource condition identified,Continue monitoring
2026-01-18 18:00:00,Azure,azure-sql-0643,database,68.19,51.11,48.74,434.02,400.61,0.2157,running,normal,1,0,0.1212747537141305,LOW,No critical resource condition identified,Continue monitoring
2026-01-18 21:00:00,GCP,gcp-ce-0644,database,35.22,50.26,61.8,535.16,338.52,0.1558,running,normal,1,0,0.1545476663647265,LOW,No critical resource condition identified,Continue monitoring
2026-01-19 00:00:00,AWS,aws-rds-0645,compute,62.33,54.91,36.77,575.61,417.7,0.1873,running,normal,1,0,0.1341367621795968,LOW,No critical resource condition identified,Continue monitoring
2026-01-19 03:00:00,Azure,azure-function-0646,serverless,19.48,28.63,40.73,404.17,158.83,0.0786,running,normal,1,0,0.0679948899777164,LOW,No critical resource condition identified,Continue monitoring
2026-01-19 06:00:00,GCP,gcp-function-0647,database,77.43,42.59,40.73,243.14,94.7,0.1852,running,normal,1,0,0.0451617912759148,LOW,No critical resource condition identified,Continue monitoring
2026-01-19 09:00:00,AWS,aws-lambda-0648,database,16.2,36.28,50.97,515.92,466.8,0.0832,running,normal,1,0,0.0945142075497196,LOW,No critical resource condition identified,Continue monitoring
2026-01-19 12:00:00,Azure,azure-disk-0649,storage,56.39,49.81,20.47,393.08,458.46,0.1807,running,normal,1,0,0.1140588481469331,LOW,No critical resource condition identified,Continue monitoring
2026-01-19 15:00:00,GCP,gcp-sql-0650,compute,63.14,45.38,63.0,798.08,713.68,0.1728,running,normal,1,0,0.0771350434749639,LOW,No critical resource condition identified,Continue monitoring
2026-01-19 18:00:00,AWS,aws-ec2-0651,compute,25.95,26.19,38.28,525.64,383.62,0.0983,running,normal,1,0,0.09302971596206,LOW,No critical resource condition identified,Continue monitoring
2026-01-19 21:00:00,Azure,azure-sql-0652,database,29.17,91.07,53.95,609.62,321.75,0.1624,running,normal,1,0,0.0588759136468535,LOW,No critical resource condition identified,Continue monitoring
2026-01-20 00:00:00,GCP,gcp-ce-0653,storage,20.2,17.41,5.0,234.84,611.99,0.0905,running,normal,-1,1,-0.037964035727275,LOW,No critical resource condition identified,Continue monitoring
2026-01-20 03:00:00,AWS,aws-ebs-0654,storage,59.09,33.78,58.48,581.17,307.74,0.1718,running,normal,1,0,0.1358775695818952,LOW,No critical resource condition identified,Continue monitoring
2026-01-20 06:00:00,Azure,azure-vm-0655,serverless,24.79,28.69,49.73,508.86,273.2,0.1062,running,normal,1,0,0.1089511777159432,LOW,No critical resource condition identified,Continue monitoring
2026-01-20 09:00:00,GCP,gcp-ce-0656,compute,72.93,72.99,27.97,753.05,315.04,0.2348,running,normal,1,0,0.0279165034771599,LOW,No critical resource condition identified,Continue monitoring
2026-01-20 12:00:00,AWS,aws-lambda-0657,database,12.46,46.91,16.81,624.11,642.69,0.0996,running,normal,1,0,0.0092188507728252,LOW,No critical resource condition identified,Continue monitoring
2026-01-20 15:00:00,Azure,azure-disk-0658,database,33.69,63.94,47.23,763.14,322.84,0.1684,running,normal,1,0,0.1169814753454777,LOW,No critical resource condition identified,Continue monitoring
2026-01-20 18:00:00,GCP,gcp-ce-0659,serverless,36.95,49.11,45.69,299.51,505.93,0.1506,running,normal,1,0,0.1386459414332477,LOW,No critical resource condition identified,Continue monitoring
2026-01-20 21:00:00,AWS,aws-ec2-0660,serverless,71.09,43.25,55.46,337.75,403.74,0.1771,running,normal,1,0,0.121257262183454,LOW,No critical resource condition identified,Continue monitoring
2026-01-21 00:00:00,Azure,azure-disk-0661,serverless,41.08,71.49,5.0,87.46,527.33,0.162,running,normal,1,0,0.0067284711798701,LOW,No critical resource condition identified,Continue monitoring
2026-01-21 03:00:00,GCP,gcp-sql-0662,serverless,44.58,86.06,64.48,480.55,329.75,0.176,running,normal,1,0,0.1085934639883306,LOW,No critical resource condition identified,Continue monitoring
2026-01-21 06:00:00,AWS,aws-ebs-0663,compute,60.22,21.64,34.77,241.66,245.54,0.1482,running,normal,1,0,0.0769487348518082,LOW,No critical resource condition identified,Continue monitoring
2026-01-21 09:00:00,Azure,azure-vm-0664,compute,56.06,63.57,42.98,20.0,240.57,0.1886,running,normal,1,0,0.083126539755432,LOW,No critical resource condition identified,Continue monitoring
2026-01-21 12:00:00,GCP,gcp-sql-0665,compute,2.6,4.64,34.5,522.71,490.47,0.8901,stopped,stopped_with_cost,-1,1,-0.119473641866462,HIGH,Resource is stopped but still generating cost,Investigate billing and remove or right-size unused resources
2026-01-21 15:00:00,AWS,aws-ec2-0666,storage,34.91,49.6,16.74,491.18,554.79,0.1474,running,normal,1,0,0.0991554036857538,LOW,No critical resource condition identified,Continue monitoring
2026-01-21 18:00:00,Azure,azure-vm-0667,database,58.36,16.2,26.5,607.78,443.22,0.1577,running,normal,1,0,0.0750238373354309,LOW,No critical resource condition identified,Continue monitoring
2026-01-21 21:00:00,GCP,gcp-ce-0668,compute,56.84,98.0,43.72,306.38,468.45,0.2157,running,normal,1,0,0.0456948503539655,LOW,No critical resource condition identified,Continue monitoring
2026-01-22 00:00:00,AWS,aws-lambda-0669,database,86.58,55.88,33.35,614.87,382.54,0.2207,running,normal,1,0,0.0349959350801293,LOW,No critical resource condition identified,Continue monitoring
2026-01-22 03:00:00,Azure,azure-function-0670,serverless,51.35,84.43,57.32,382.28,318.86,0.1824,running,normal,1,0,0.1106467333119267,LOW,No critical resource condition identified,Continue monitoring
2026-01-22 06:00:00,GCP,gcp-sql-0671,serverless,61.49,18.8,65.24,381.66,460.31,0.1372,running,normal,1,0,0.0942662099978926,LOW,No critical resource condition identified,Continue monitoring
2026-01-22 09:00:00,AWS,aws-lambda-0672,storage,62.27,22.73,64.58,522.87,143.16,0.1546,running,normal,1,0,0.0791880452100747,LOW,No critical resource condition identified,Continue monitoring
2026-01-22 12:00:00,Azure,azure-disk-0673,database,48.19,55.24,77.47,670.69,20.0,0.1555,running,normal,1,0,0.0556646188855944,LOW,No critical resource condition identified,Continue monitoring
2026-01-22 15:00:00,GCP,gcp-sql-0674,database,46.7,72.48,26.27,510.55,253.47,0.1632,running,normal,1,0,0.1066678664873801,LOW,No critical resource condition identified,Continue monitoring
2026-01-22 18:00:00,AWS,aws-ec2-0675,compute,53.32,16.32,85.25,558.48,370.8,0.1503,running,normal,1,0,0.0680742869480615,LOW,No critical resource condition identified,Continue monitoring
2026-01-22 21:00:00,Azure,azure-vm-0676,compute,39.17,46.33,38.17,345.48,511.15,0.1468,running,normal,1,0,0.1391757562768531,LOW,No critical resource condition identified,Continue monitoring
2026-01-23 00:00:00,GCP,gcp-disk-0677,storage,54.24,42.46,92.59,167.77,601.75,0.1812,running,normal,1,0,0.0433482937485664,HIGH,Storage utilization exceeds 90%,Review storage usage and increase capacity if required
2026-01-23 03:00:00,AWS,aws-ec2-0678,database,62.92,67.48,48.56,410.9,366.49,0.1998,running,normal,1,0,0.136190843405486,LOW,No critical resource condition identified,Continue monitoring
2026-01-23 06:00:00,Azure,azure-disk-0679,compute,28.59,64.84,66.42,567.84,519.28,0.1424,running,normal,1,0,0.1320212832769612,LOW,No critical resource condition identified,Continue monitoring
2026-01-23 09:00:00,GCP,gcp-ce-0680,serverless,15.56,54.27,46.33,370.8,20.0,0.0859,running,normal,1,0,0.0463613182616378,LOW,No critical resource condition identified,Continue monitoring
2026-01-23 12:00:00,AWS,aws-rds-0681,serverless,51.49,24.97,76.77,424.08,446.41,0.1795,running,normal,1,0,0.1119140900515636,LOW,No critical resource condition identified,Continue monitoring
2026-01-23 15:00:00,Azure,azure-function-0682,database,34.32,44.14,58.2,431.06,336.76,0.1542,running,normal,1,0,0.1487664569889557,LOW,No critical resource condition identified,Continue monitoring
2026-01-23 18:00:00,GCP,gcp-function-0683,compute,46.63,82.14,55.15,623.33,284.06,0.171,running,normal,1,0,0.1029429971303133,LOW,No critical resource condition identified,Continue monitoring
2026-01-23 21:00:00,AWS,aws-lambda-0684,storage,45.72,26.84,20.79,193.12,117.18,0.1279,running,normal,1,0,0.0460838889860854,LOW,No critical resource condition identified,Continue monitoring
2026-01-24 00:00:00,Azure,azure-disk-0685,database,4.31,46.57,44.74,827.28,166.86,0.0877,running,normal,1,0,0.0224109092875427,LOW,No critical resource condition identified,Continue monitoring
2026-01-24 03:00:00,GCP,gcp-sql-0686,database,55.14,52.06,54.6,589.97,270.48,0.1847,running,normal,1,0,0.1444605400481549,LOW,No critical resource condition identified,Continue monitoring
2026-01-24 06:00:00,AWS,aws-ec2-0687,serverless,48.22,38.91,47.55,337.94,228.53,0.1395,running,normal,1,0,0.1342910579685025,LOW,No critical resource condition identified,Continue monitoring
2026-01-24 09:00:00,Azure,azure-function-0688,compute,24.3,62.82,24.37,348.07,300.06,0.1495,running,normal,1,0,0.1009394269910521,LOW,No critical resource condition identified,Continue monitoring
2026-01-24 12:00:00,GCP,gcp-sql-0689,compute,53.98,12.07,47.14,809.55,421.18,0.1463,running,normal,1,0,0.0581577560198546,LOW,No critical resource condition identified,Continue monitoring
2026-01-24 15:00:00,AWS,aws-rds-0690,storage,9.05,19.72,52.21,321.32,609.92,0.0732,running,normal,1,0,0.0329993833086583,MEDIUM,Very low resource utilization,Consider right-sizing the resource
2026-01-24 18:00:00,Azure,azure-function-0691,storage,4.34,11.43,44.23,373.6,572.62,0.1065,running,underutilized,1,0,0.0245003526512352,MEDIUM,Resource has very low CPU and memory utilization,Consider right-sizing or reducing allocated capacity
2026-01-24 21:00:00,GCP,gcp-sql-0692,database,50.57,67.67,24.7,811.58,246.49,0.1924,running,normal,1,0,0.0621680097757251,LOW,No critical resource condition identified,Continue monitoring
2026-01-25 00:00:00,AWS,aws-lambda-0693,serverless,72.29,45.3,64.8,492.65,383.21,0.2127,running,normal,1,0,0.1124561760625837,LOW,No critical resource condition identified,Continue monitoring
2026-01-25 03:00:00,Azure,azure-sql-0694,database,30.54,59.92,55.91,167.93,284.11,0.1241,running,normal,1,0,0.1098626746437422,LOW,No critical resource condition identified,Continue monitoring
2026-01-25 06:00:00,GCP,gcp-function-0695,compute,33.69,36.89,63.43,595.64,376.67,0.1236,running,normal,1,0,0.1313421167466515,LOW,No critical resource condition identified,Continue monitoring
2026-01-25 09:00:00,AWS,aws-ebs-0696,database,24.36,33.08,35.3,240.57,425.93,0.1173,running,normal,1,0,0.0930024482174564,LOW,No critical resource condition identified,Continue monitoring
2026-01-25 12:00:00,Azure,azure-sql-0697,storage,41.04,56.15,47.74,188.35,198.02,0.1446,running,normal,1,0,0.1180179405499759,LOW,No critical resource condition identified,Continue monitoring
2026-01-25 15:00:00,GCP,gcp-function-0698,database,51.22,71.41,44.94,549.04,287.51,0.1789,running,normal,1,0,0.1400433064739017,LOW,No critical resource condition identified,Continue monitoring
2026-01-25 18:00:00,AWS,aws-rds-0699,compute,61.97,32.27,38.89,200.44,174.4,0.1537,running,normal,1,0,0.0823782028851754,LOW,No critical resource condition identified,Continue monitoring
2026-01-25 21:00:00,Azure,azure-function-0700,compute,53.15,55.78,52.77,734.0,229.18,0.1728,running,normal,1,0,0.1201387325703199,LOW,No critical resource condition identified,Continue monitoring
2026-01-26 00:00:00,GCP,gcp-sql-0701,database,19.41,44.38,75.16,541.45,431.24,0.1108,running,normal,1,0,0.0984886960131618,LOW,No critical resource condition identified,Continue monitoring
2026-01-26 03:00:00,AWS,aws-rds-0702,storage,40.46,49.23,49.57,327.95,485.14,0.19,running,normal,1,0,0.1437144817176117,LOW,No critical resource condition identified,Continue monitoring
2026-01-26 06:00:00,Azure,azure-sql-0703,storage,31.32,60.39,48.93,587.13,588.08,0.1517,running,normal,1,0,0.1276378183299759,LOW,No critical resource condition identified,Continue monitoring
2026-01-26 09:00:00,GCP,gcp-function-0704,compute,73.63,56.75,69.56,230.42,267.08,0.198,running,normal,1,0,0.0834043031353614,LOW,No critical resource condition identified,Continue monitoring
2026-01-26 12:00:00,AWS,aws-lambda-0705,compute,64.52,18.23,67.48,451.49,367.39,0.1357,running,normal,1,0,0.0826203237344813,LOW,No critical resource condition identified,Continue monitoring
2026-01-26 15:00:00,Azure,azure-disk-0706,compute,36.7,61.67,18.16,459.62,380.93,0.1687,running,normal,1,0,0.1156175300044158,LOW,No critical resource condition identified,Continue monitoring
2026-01-26 18:00:00,GCP,gcp-function-0707,serverless,35.88,72.91,58.73,380.59,362.17,0.1335,running,normal,1,0,0.1329491231866773,LOW,No critical resource condition identified,Continue monitoring
2026-01-26 21:00:00,AWS,aws-lambda-0708,database,58.53,52.32,95.74,251.98,383.57,0.1993,running,normal,1,0,0.0616314321685766,HIGH,Storage utilization exceeds 90%,Review storage usage and increase capacity if required
2026-01-27 00:00:00,Azure,azure-vm-0709,compute,49.03,50.04,53.64,324.24,385.71,0.1338,running,normal,1,0,0.1480507808426711,LOW,No critical resource condition identified,Continue monitoring
2026-01-27 03:00:00,GCP,gcp-sql-0710,serverless,40.91,20.93,67.77,515.61,283.84,0.1199,running,normal,1,0,0.0993525389198416,LOW,No critical resource condition identified,Continue monitoring
2026-01-27 06:00:00,AWS,aws-ebs-0711,serverless,35.32,72.11,35.21,565.24,313.87,0.162,running,normal,1,0,0.1269075541037204,LOW,No critical resource condition identified,Continue monitoring
2026-01-27 09:00:00,Azure,azure-function-0712,database,35.37,21.69,20.36,354.26,200.15,0.1177,running,normal,1,0,0.0632206379712082,LOW,No critical resource condition identified,Continue monitoring
2026-01-27 12:00:00,GCP,gcp-ce-0713,serverless,13.72,53.67,25.44,361.19,422.63,0.0743,running,normal,1,0,0.0651678046796884,LOW,No critical resource condition identified,Continue monitoring
2026-01-27 15:00:00,AWS,aws-rds-0714,compute,36.84,54.68,68.5,420.49,307.05,0.1094,running,normal,1,0,0.1341721683961646,LOW,No critical resource condition identified,Continue monitoring
2026-01-27 18:00:00,Azure,azure-vm-0715,compute,26.77,52.28,36.33,354.88,497.01,0.1089,running,normal,1,0,0.1171066388806448,LOW,No critical resource condition identified,Continue monitoring
2026-01-27 21:00:00,GCP,gcp-ce-0716,compute,33.07,84.61,70.55,467.57,249.52,0.1537,running,normal,1,0,0.0815802215139281,LOW,No critical resource condition identified,Continue monitoring
2026-01-28 00:00:00,AWS,aws-ebs-0717,compute,43.36,49.45,43.71,190.44,317.36,0.1585,running,normal,1,0,0.1270941831287562,LOW,No critical resource condition identified,Continue monitoring
2026-01-28 03:00:00,Azure,azure-vm-0718,compute,30.24,52.0,40.23,715.93,481.05,0.1212,running,normal,1,0,0.1081937222465121,LOW,No critical resource condition identified,Continue monitoring
2026-01-28 06:00:00,GCP,gcp-function-0719,storage,34.61,55.65,38.17,610.71,276.08,0.1349,running,normal,1,0,0.1288012080523136,LOW,No critical resource condition identified,Continue monitoring
2026-01-28 09:00:00,AWS,aws-ebs-0720,serverless,64.79,61.32,82.2,858.18,235.09,0.1992,running,normal,1,0,0.0551240069638613,LOW,No critical resource condition identified,Continue monitoring
2026-01-28 12:00:00,Azure,azure-disk-0721,storage,33.66,30.97,26.96,424.03,205.33,0.1305,running,normal,1,0,0.099296167072678,LOW,No critical resource condition identified,Continue monitoring
2026-01-28 15:00:00,GCP,gcp-disk-0722,serverless,36.88,51.3,22.09,757.1,579.12,0.1575,running,normal,1,0,0.0777061848264558,LOW,No critical resource condition identified,Continue monitoring
2026-01-28 18:00:00,AWS,aws-ebs-0723,serverless,24.81,76.32,64.18,467.18,20.0,0.1233,running,normal,1,0,0.039714137838516,LOW,No critical resource condition identified,Continue monitoring
2026-01-28 21:00:00,Azure,azure-sql-0724,storage,64.97,21.34,54.03,632.79,134.67,0.1598,running,normal,1,0,0.0681084535073858,LOW,No critical resource condition identified,Continue monitoring
2026-01-29 00:00:00,GCP,gcp-function-0725,database,11.66,44.14,41.45,423.35,309.84,0.0908,running,normal,1,0,0.1000136380842668,LOW,No critical resource condition identified,Continue monitoring
2026-01-29 03:00:00,AWS,aws-rds-0726,compute,39.52,42.63,49.85,104.24,476.33,0.135,running,normal,1,0,0.1053063002107834,LOW,No critical resource condition identified,Continue monitoring
2026-01-29 06:00:00,Azure,azure-function-0727,database,9.85,14.47,53.48,448.72,427.23,0.0669,running,normal,1,0,0.0498731796252194,MEDIUM,Very low resource utilization,Consider right-sizing the resource
2026-01-29 09:00:00,GCP,gcp-function-0728,compute,53.71,45.31,5.85,588.46,595.48,0.1802,running,normal,1,0,0.0454554982038744,LOW,No critical resource condition identified,Continue monitoring
2026-01-29 12:00:00,AWS,aws-rds-0729,compute,60.49,78.06,30.48,409.24,519.56,0.2026,running,normal,1,0,0.0954319714551263,LOW,No critical resource condition identified,Continue monitoring
2026-01-29 15:00:00,Azure,azure-disk-0730,storage,55.42,51.58,52.39,403.43,636.52,0.1617,running,normal,1,0,0.1303914960040267,LOW,No critical resource condition identified,Continue monitoring
2026-01-29 18:00:00,GCP,gcp-ce-0731,storage,3.21,7.3,21.79,83.21,405.23,0.1327,running,underutilized,-1,1,-0.011327580333914,MEDIUM,Resource has very low CPU and memory utilization,Consider right-sizing or reducing allocated capacity
2026-01-29 21:00:00,AWS,aws-ebs-0732,database,39.61,62.1,57.5,325.45,373.02,0.1687,running,normal,1,0,0.1515907961813061,LOW,No critical resource condition identified,Continue monitoring
2026-01-30 00:00:00,Azure,azure-disk-0733,storage,56.8,30.48,76.25,634.34,446.38,0.1636,running,normal,1,0,0.1068012995544507,LOW,No critical resource condition identified,Continue monitoring
2026-01-30 03:00:00,GCP,gcp-function-0734,storage,38.33,54.24,65.44,348.87,301.41,0.126,running,normal,1,0,0.1433345305909566,LOW,No critical resource condition identified,Continue monitoring
2026-01-30 06:00:00,AWS,aws-rds-0735,serverless,58.14,82.56,76.51,157.3,515.98,0.2181,running,normal,1,0,0.0359220046972333,LOW,No critical resource condition identified,Continue monitoring
2026-01-30 09:00:00,Azure,azure-vm-0736,database,8.86,54.8,26.73,485.93,150.21,0.108,running,normal,1,0,0.0533337031107669,LOW,No critical resource condition identified,Continue monitoring
2026-01-30 12:00:00,GCP,gcp-sql-0737,serverless,24.54,11.19,42.67,345.31,151.84,0.0925,running,normal,1,0,0.0516806490059749,LOW,No critical resource condition identified,Continue monitoring
2026-01-30 15:00:00,AWS,aws-lambda-0738,compute,6.34,17.61,60.06,426.6,499.06,0.1391,running,underutilized,1,0,0.0728586748356022,MEDIUM,Resource has very low CPU and memory utilization,Consider right-sizing or reducing allocated capacity
2026-01-30 18:00:00,Azure,azure-function-0739,compute,30.95,59.18,59.04,20.0,590.45,0.0903,running,normal,1,0,0.045366420927183,LOW,No critical resource condition identified,Continue monitoring
2026-01-30 21:00:00,GCP,gcp-disk-0740,storage,39.29,23.61,26.13,634.84,92.56,0.1393,running,normal,1,0,0.0436757871295802,LOW,No critical resource condition identified,Continue monitoring
2026-01-31 00:00:00,AWS,aws-rds-0741,storage,34.5,31.69,65.32,581.84,124.93,0.1152,running,normal,1,0,0.0937144126415718,LOW,No critical resource condition identified,Continue monitoring
2026-01-31 03:00:00,Azure,azure-disk-0742,storage,20.7,78.88,47.33,240.85,291.64,0.1228,running,normal,1,0,0.0666264413951096,LOW,No critical resource condition identified,Continue monitoring
2026-01-31 06:00:00,GCP,gcp-sql-0743,compute,22.9,10.75,40.41,125.49,279.65,0.0674,running,normal,1,0,0.0173581170453643,LOW,No critical resource condition identified,Continue monitoring
2026-01-31 09:00:00,AWS,aws-rds-0744,database,46.02,54.42,12.47,332.29,434.45,0.1425,running,normal,1,0,0.0903517647736193,LOW,No critical resource condition identified,Continue monitoring
2026-01-31 12:00:00,Azure,azure-function-0745,serverless,39.85,39.45,51.29,334.71,356.66,0.1316,running,normal,1,0,0.1419006689487028,LOW,No critical resource condition identified,Continue monitoring
2026-01-31 15:00:00,GCP,gcp-ce-0746,compute,49.29,48.4,96.92,593.38,362.27,0.1572,running,storage_pressure,1,0,0.082715845542894,HIGH,Storage utilization is critically high,Clean up unused storage or increase storage capacity
2026-01-31 18:00:00,AWS,aws-rds-0747,database,58.86,15.92,52.35,733.51,478.19,0.1578,running,normal,1,0,0.0779998510280234,LOW,No critical resource condition identified,Continue monitoring
2026-01-31 21:00:00,Azure,azure-sql-0748,compute,40.46,35.85,42.2,485.71,277.25,0.1225,running,normal,1,0,0.1330945440846198,LOW,No critical resource condition identified,Continue monitoring
2026-02-01 00:00:00,GCP,gcp-function-0749,compute,54.82,54.17,67.3,465.82,462.72,0.1787,running,normal,1,0,0.1542082954692737,LOW,No critical resource condition identified,Continue monitoring
2026-02-01 03:00:00,AWS,aws-lambda-0750,database,84.85,41.86,34.68,528.12,440.3,0.1891,running,normal,1,0,0.060626609057684,LOW,No critical resource condition identified,Continue monitoring
2026-02-01 06:00:00,Azure,azure-vm-0751,compute,25.0,71.4,60.51,222.38,684.35,0.1526,running,normal,1,0,0.0618066057481945,LOW,No critical resource condition identified,Continue monitoring
2026-02-01 09:00:00,GCP,gcp-ce-0752,compute,73.62,52.87,47.44,331.15,493.1,0.2064,running,normal,1,0,0.1100503216814484,LOW,No critical resource condition identified,Continue monitoring
2026-02-01 12:00:00,AWS,aws-lambda-0753,serverless,47.34,48.74,21.33,185.07,490.42,0.1145,running,normal,1,0,0.0821418385461021,LOW,No critical resource condition identified,Continue monitoring
2026-02-01 15:00:00,Azure,azure-disk-0754,database,68.55,41.12,61.19,378.56,418.2,0.1927,running,normal,1,0,0.1178926336374623,LOW,No critical resource condition identified,Continue monitoring
2026-02-01 18:00:00,GCP,gcp-ce-0755,database,27.11,55.3,66.45,568.81,706.63,0.129,running,normal,1,0,0.0879258799491506,LOW,No critical resource condition identified,Continue monitoring
2026-02-01 21:00:00,AWS,aws-lambda-0756,compute,56.89,58.96,50.05,247.87,522.7,0.1595,running,normal,1,0,0.1281445032676408,LOW,No critical resource condition identified,Continue monitoring
2026-02-02 00:00:00,Azure,azure-vm-0757,serverless,51.6,60.5,38.14,124.16,303.56,0.148,running,normal,1,0,0.1036186678747216,LOW,No critical resource condition identified,Continue monitoring
2026-02-02 03:00:00,GCP,gcp-sql-0758,database,49.91,56.83,41.82,418.88,554.33,0.1693,running,normal,1,0,0.1463553565823826,LOW,No critical resource condition identified,Continue monitoring
2026-02-02 06:00:00,AWS,aws-rds-0759,storage,38.84,24.68,8.45,402.92,409.04,0.1049,running,normal,1,0,0.0453507030714072,LOW,No critical resource condition identified,Continue monitoring
2026-02-02 09:00:00,Azure,azure-sql-0760,database,6.19,33.53,56.15,519.67,215.41,0.0832,running,normal,1,0,0.0707050390855678,LOW,No critical resource condition identified,Continue monitoring
2026-02-02 12:00:00,GCP,gcp-function-0761,database,43.28,41.58,35.41,534.21,431.22,0.1569,running,normal,1,0,0.1433922852604669,LOW,No critical resource condition identified,Continue monitoring
2026-02-02 15:00:00,AWS,aws-rds-0762,compute,46.7,64.12,65.42,305.19,110.7,0.1828,running,normal,1,0,0.0964644875453797,LOW,No critical resource condition identified,Continue monitoring
2026-02-02 18:00:00,Azure,azure-vm-0763,compute,32.15,63.89,42.41,357.83,624.14,0.1333,running,normal,1,0,0.1061307613819311,LOW,No critical resource condition identified,Continue monitoring
2026-02-02 21:00:00,GCP,gcp-sql-0764,serverless,52.03,58.93,66.22,485.74,478.3,0.1706,running,normal,1,0,0.15858944323368,LOW,No critical resource condition identified,Continue monitoring
2026-02-03 00:00:00,AWS,aws-rds-0765,compute,48.87,63.91,59.1,457.96,270.54,0.17,running,normal,1,0,0.1512350633390709,LOW,No critical resource condition identified,Continue monitoring
2026-02-03 03:00:00,Azure,azure-vm-0766,compute,84.72,40.57,56.45,642.32,415.68,0.2458,running,normal,1,0,0.0253602485276801,LOW,No critical resource condition identified,Continue monitoring
2026-02-03 06:00:00,GCP,gcp-function-0767,database,30.62,43.67,52.98,602.33,451.06,0.1508,running,normal,1,0,0.1428236192266905,LOW,No critical resource condition identified,Continue monitoring
2026-02-03 09:00:00,AWS,aws-lambda-0768,compute,93.67,57.1,33.61,325.03,249.17,0.2417,running,normal,1,0,0.0130438250683647,LOW,No critical resource condition identified,Continue monitoring
2026-02-03 12:00:00,Azure,azure-disk-0769,storage,43.86,63.17,31.07,256.4,435.89,0.1692,running,normal,1,0,0.1212600825421995,LOW,No critical resource condition identified,Continue monitoring
2026-02-03 15:00:00,GCP,gcp-disk-0770,compute,57.19,36.61,37.57,280.09,608.19,0.1723,running,normal,1,0,0.1035113312556875,LOW,No critical resource condition identified,Continue monitoring
2026-02-03 18:00:00,AWS,aws-ec2-0771,serverless,95.63,19.23,33.23,339.09,263.87,0.1847,running,normal,-1,1,-0.0104784572276408,LOW,No critical resource condition identified,Continue monitoring
2026-02-03 21:00:00,Azure,azure-vm-0772,database,51.03,50.93,57.62,541.39,496.48,0.1624,running,normal,1,0,0.1566692059654634,LOW,No critical resource condition identified,Continue monitoring
2026-02-04 00:00:00,GCP,gcp-disk-0773,storage,11.48,31.96,13.19,453.12,380.51,0.0824,running,normal,1,0,0.0352494640226146,LOW,No critical resource condition identified,Continue monitoring
2026-02-04 03:00:00,AWS,aws-ebs-0774,serverless,58.07,33.24,28.02,456.62,427.68,0.1335,running,normal,1,0,0.1160481663885007,LOW,No critical resource condition identified,Continue monitoring
2026-02-04 06:00:00,Azure,azure-disk-0775,database,41.13,35.36,37.21,418.17,414.53,0.1457,running,normal,1,0,0.1409437748571028,LOW,No critical resource condition identified,Continue monitoring
2026-02-04 09:00:00,GCP,gcp-disk-0776,database,36.79,57.88,60.22,371.84,526.46,0.1641,running,normal,1,0,0.1444561350930346,LOW,No critical resource condition identified,Continue monitoring
2026-02-04 12:00:00,AWS,aws-ec2-0777,compute,29.4,50.25,48.23,432.35,296.12,0.1066,running,normal,1,0,0.1364725830430119,LOW,No critical resource condition identified,Continue monitoring
2026-02-04 15:00:00,Azure,azure-disk-0778,serverless,46.55,35.71,26.01,492.17,424.15,0.1554,running,normal,1,0,0.1291231972681889,LOW,No critical resource condition identified,Continue monitoring
2026-02-04 18:00:00,GCP,gcp-disk-0779,serverless,53.73,30.6,22.26,734.91,252.24,0.1392,running,normal,1,0,0.0633042144217824,LOW,No critical resource condition identified,Continue monitoring
2026-02-04 21:00:00,AWS,aws-lambda-0780,storage,28.75,44.51,72.59,304.92,177.01,0.1325,running,normal,1,0,0.0999329958305213,LOW,No critical resource condition identified,Continue monitoring
2026-02-05 00:00:00,Azure,azure-vm-0781,storage,16.52,36.6,46.91,659.82,234.15,0.1007,running,normal,1,0,0.0817882715281229,LOW,No critical resource condition identified,Continue monitoring
2026-02-05 03:00:00,GCP,gcp-sql-0782,compute,63.61,28.72,54.64,494.4,573.53,0.178,running,normal,1,0,0.1146496717424719,LOW,No critical resource condition identified,Continue monitoring
2026-02-05 06:00:00,AWS,aws-ec2-0783,serverless,47.49,46.49,57.55,592.09,497.35,0.157,running,normal,1,0,0.1480623774300933,LOW,No critical resource condition identified,Continue monitoring
2026-02-05 09:00:00,Azure,azure-function-0784,storage,52.49,30.37,60.63,613.51,420.3,0.1078,running,normal,1,0,0.1119571634342924,LOW,No critical resource condition identified,Continue monitoring
2026-02-05 12:00:00,GCP,gcp-ce-0785,compute,35.16,14.29,72.7,452.4,576.79,0.1189,running,normal,1,0,0.0690853129492001,LOW,No critical resource condition identified,Continue monitoring
2026-02-05 15:00:00,AWS,aws-ebs-0786,compute,57.55,90.99,67.42,165.54,471.47,0.219,running,normal,1,0,0.0232661291555826,LOW,No critical resource condition identified,Continue monitoring
2026-02-05 18:00:00,Azure,azure-sql-0787,serverless,65.97,66.7,98.0,315.0,318.82,0.1904,running,normal,1,0,0.0542057503629839,HIGH,Storage utilization exceeds 90%,Review storage usage and increase capacity if required
2026-02-05 21:00:00,GCP,gcp-function-0788,storage,2.0,42.18,55.39,361.22,709.66,0.0884,running,normal,1,0,0.0211943573603158,LOW,No critical resource condition identified,Continue monitoring
2026-02-06 00:00:00,AWS,aws-ec2-0789,database,59.88,55.03,75.38,460.07,479.38,0.1881,running,normal,1,0,0.1309181940217763,LOW,No critical resource condition identified,Continue monitoring
2026-02-06 03:00:00,Azure,azure-sql-0790,serverless,85.22,45.13,56.39,676.4,582.44,0.2193,running,normal,1,0,0.0322513403312789,LOW,No critical resource condition identified,Continue monitoring
2026-02-06 06:00:00,GCP,gcp-ce-0791,compute,5.05,76.46,51.39,629.94,255.66,0.0932,running,normal,1,0,0.0325621083010578,LOW,No critical resource condition identified,Continue monitoring
2026-02-06 09:00:00,AWS,aws-ec2-0792,storage,36.15,51.52,98.0,600.21,567.92,0.1615,running,normal,1,0,0.0742395909198833,HIGH,Storage utilization exceeds 90%,Review storage usage and increase capacity if required
2026-02-06 12:00:00,Azure,azure-function-0793,database,8.01,46.61,64.23,275.44,371.78,0.0819,running,normal,1,0,0.0763199536782312,LOW,No critical resource condition identified,Continue monitoring
2026-02-06 15:00:00,GCP,gcp-disk-0794,database,56.73,61.19,47.26,485.56,210.37,0.1452,running,normal,1,0,0.1286427607579467,LOW,No critical resource condition identified,Continue monitoring
2026-02-06 18:00:00,AWS,aws-rds-0795,storage,66.77,78.28,79.4,270.36,343.64,0.2123,running,normal,1,0,0.0650820136389055,LOW,No critical resource condition identified,Continue monitoring
2026-02-06 21:00:00,Azure,azure-vm-0796,database,65.15,43.02,30.34,592.0,223.89,0.1749,running,normal,1,0,0.095706306627716,LOW,No critical resource condition identified,Continue monitoring
2026-02-07 00:00:00,GCP,gcp-ce-0797,serverless,38.62,6.09,58.09,324.18,406.82,0.1061,running,normal,1,0,0.0645003770264839,LOW,No critical resource condition identified,Continue monitoring
2026-02-07 03:00:00,AWS,aws-ebs-0798,serverless,17.41,40.69,61.68,339.46,142.59,0.1083,running,normal,1,0,0.0837153314960796,LOW,No critical resource condition identified,Continue monitoring
2026-02-07 06:00:00,Azure,azure-function-0799,storage,9.7,62.71,14.8,505.58,258.01,0.0926,running,normal,1,0,0.0263092644302831,LOW,No critical resource condition identified,Continue monitoring
2026-02-07 09:00:00,GCP,gcp-sql-0800,database,33.4,60.6,39.08,626.43,444.99,0.1395,running,normal,1,0,0.131786321640341,LOW,No critical resource condition identified,Continue monitoring
2026-02-07 12:00:00,AWS,aws-ebs-0801,serverless,29.41,20.35,53.81,386.17,20.45,0.0905,running,normal,1,0,0.047025343717962,LOW,No critical resource condition identified,Continue monitoring
2026-02-07 15:00:00,Azure,azure-disk-0802,database,14.35,24.06,70.2,694.22,280.8,0.0808,running,normal,1,0,0.0377188575230982,LOW,No critical resource condition identified,Continue monitoring
2026-02-07 18:00:00,GCP,gcp-function-0803,serverless,11.5,44.95,79.0,371.57,416.15,0.116,running,normal,1,0,0.0893160148466228,LOW,No critical resource condition identified,Continue monitoring
2026-02-07 21:00:00,AWS,aws-lambda-0804,serverless,44.7,82.8,17.56,634.96,237.07,0.1823,running,normal,1,0,0.0439811553142499,LOW,No critical resource condition identified,Continue monitoring
2026-02-08 00:00:00,Azure,azure-function-0805,serverless,27.3,54.98,67.91,426.65,411.22,0.1403,running,normal,1,0,0.1466935320853347,LOW,No critical resource condition identified,Continue monitoring
2026-02-08 03:00:00,GCP,gcp-ce-0806,storage,59.75,96.87,40.48,367.55,523.03,0.2272,running,normal,1,0,0.0231023098962983,LOW,No critical resource condition identified,Continue monitoring
2026-02-08 06:00:00,AWS,aws-ec2-0807,serverless,54.74,35.1,39.79,466.13,559.35,0.1516,running,normal,1,0,0.1374307208278052,LOW,No critical resource condition identified,Continue monitoring
2026-02-08 09:00:00,Azure,azure-vm-0808,database,22.33,26.36,44.91,236.0,287.56,0.0834,running,normal,1,0,0.0823777562906517,LOW,No critical resource condition identified,Continue monitoring
2026-02-08 12:00:00,GCP,gcp-disk-0809,database,56.92,50.29,38.78,372.02,452.44,0.1809,running,normal,1,0,0.1421205148850957,LOW,No critical resource condition identified,Continue monitoring
2026-02-08 15:00:00,AWS,aws-ebs-0810,database,8.43,53.81,63.24,399.59,690.64,0.0943,running,normal,1,0,0.0432243024941704,LOW,No critical resource condition identified,Continue monitoring
2026-02-08 18:00:00,Azure,azure-sql-0811,compute,43.19,47.94,50.14,602.63,620.44,0.1576,running,normal,1,0,0.1256091676441608,LOW,No critical resource condition identified,Continue monitoring
2026-02-08 21:00:00,GCP,gcp-ce-0812,database,58.79,36.28,69.81,847.92,380.47,0.1389,running,normal,1,0,0.0853776475695482,LOW,No critical resource condition identified,Continue monitoring
2026-02-09 00:00:00,AWS,aws-ebs-0813,storage,54.96,54.48,68.17,537.2,594.84,0.1924,running,normal,1,0,0.1297166182072724,LOW,No critical resource condition identified,Continue monitoring
2026-02-09 03:00:00,Azure,azure-disk-0814,compute,4.9,14.76,35.97,757.22,434.59,0.1934,running,underutilized,1,0,0.0132114281162185,MEDIUM,Resource has very low CPU and memory utilization,Consider right-sizing or reducing allocated capacity
2026-02-09 06:00:00,GCP,gcp-function-0815,database,54.99,19.19,43.7,770.81,365.79,0.1236,running,normal,1,0,0.0694906063816289,LOW,No critical resource condition identified,Continue monitoring
2026-02-09 09:00:00,AWS,aws-ec2-0816,storage,43.74,43.31,69.65,352.44,583.72,0.1571,running,normal,1,0,0.1183613133034732,LOW,No critical resource condition identified,Continue monitoring
2026-02-09 12:00:00,Azure,azure-function-0817,storage,41.85,68.82,30.69,158.05,498.31,0.1704,running,normal,1,0,0.098443655465828,LOW,No critical resource condition identified,Continue monitoring
2026-02-09 15:00:00,GCP,gcp-sql-0818,database,39.23,64.17,47.09,362.32,350.1,0.1847,running,normal,1,0,0.1468475226118413,LOW,No critical resource condition identified,Continue monitoring
2026-02-09 18:00:00,AWS,aws-ebs-0819,serverless,14.78,48.05,39.33,74.69,462.25,0.0956,running,normal,1,0,0.0579568747803002,LOW,No critical resource condition identified,Continue monitoring
2026-02-09 21:00:00,Azure,azure-vm-0820,database,70.83,76.82,55.18,458.29,612.51,0.2444,running,normal,1,0,0.0540687799740142,LOW,No critical resource condition identified,Continue monitoring
2026-02-10 00:00:00,GCP,gcp-disk-0821,serverless,48.62,57.91,11.81,534.48,763.68,0.1848,running,normal,1,0,0.0279668566739188,LOW,No critical resource condition identified,Continue monitoring
2026-02-10 03:00:00,AWS,aws-lambda-0822,serverless,43.68,56.86,31.68,276.52,602.61,0.1792,running,normal,1,0,0.1025494742884909,LOW,No critical resource condition identified,Continue monitoring
2026-02-10 06:00:00,Azure,azure-disk-0823,storage,43.43,56.12,57.2,628.98,413.23,0.182,running,normal,1,0,0.1487199420572847,LOW,No critical resource condition identified,Continue monitoring
2026-02-10 09:00:00,GCP,gcp-disk-0824,compute,30.0,88.86,57.4,578.34,142.69,0.1482,running,normal,1,0,0.0516230048389736,LOW,No critical resource condition identified,Continue monitoring
2026-02-10 12:00:00,AWS,aws-rds-0825,compute,10.55,68.69,37.12,704.04,385.95,0.1256,running,normal,1,0,0.0659412600405061,LOW,No critical resource condition identified,Continue monitoring
2026-02-10 15:00:00,Azure,azure-sql-0826,compute,27.13,46.46,64.54,210.44,133.11,0.1271,running,normal,1,0,0.0975890407806613,LOW,No critical resource condition identified,Continue monitoring
2026-02-10 18:00:00,GCP,gcp-sql-0827,database,11.58,37.78,47.85,617.47,276.6,0.1203,running,normal,1,0,0.0897830638508244,LOW,No critical resource condition identified,Continue monitoring
2026-02-10 21:00:00,AWS,aws-lambda-0828,storage,72.67,53.81,36.96,422.08,616.49,0.2248,running,normal,1,0,0.0740087969821051,LOW,No critical resource condition identified,Continue monitoring
2026-02-11 00:00:00,Azure,azure-sql-0829,compute,46.62,32.25,95.15,450.96,582.43,0.1645,running,storage_pressure,1,0,0.0664087849454787,HIGH,Storage utilization is critically high,Clean up unused storage or increase storage capacity
2026-02-11 03:00:00,GCP,gcp-function-0830,serverless,34.47,60.6,46.24,275.51,246.91,0.1623,running,normal,1,0,0.1274366273868001,LOW,No critical resource condition identified,Continue monitoring
2026-02-11 06:00:00,AWS,aws-ec2-0831,database,35.75,55.24,95.85,259.67,96.35,0.1542,running,normal,1,0,0.0324802821387918,HIGH,Storage utilization exceeds 90%,Review storage usage and increase capacity if required
2026-02-11 09:00:00,Azure,azure-disk-0832,database,34.45,54.83,28.99,417.61,471.97,0.1282,running,normal,1,0,0.1289776823942583,LOW,No critical resource condition identified,Continue monitoring
2026-02-11 12:00:00,GCP,gcp-ce-0833,database,19.28,42.39,50.38,378.08,356.58,0.1072,running,normal,1,0,0.1178542882122766,LOW,No critical resource condition identified,Continue monitoring
2026-02-11 15:00:00,AWS,aws-ebs-0834,compute,70.85,41.64,57.7,406.87,458.48,0.2104,running,normal,1,0,0.1140413454476544,LOW,No critical resource condition identified,Continue monitoring
2026-02-11 18:00:00,Azure,azure-vm-0835,serverless,53.17,72.19,43.57,629.21,289.58,0.1636,running,normal,1,0,0.1276734213622342,LOW,No critical resource condition identified,Continue monitoring
2026-02-11 21:00:00,GCP,gcp-sql-0836,serverless,40.68,73.16,9.8,219.69,234.87,0.1577,running,normal,1,0,0.0361775360219843,LOW,No critical resource condition identified,Continue monitoring
2026-02-12 00:00:00,AWS,aws-lambda-0837,serverless,62.18,58.91,50.91,520.78,262.08,0.1989,running,normal,1,0,0.1343546324716585,LOW,No critical resource condition identified,Continue monitoring
2026-02-12 03:00:00,Azure,azure-vm-0838,compute,66.35,53.8,44.48,522.06,20.0,0.1879,running,normal,1,0,0.054607140650166,LOW,No critical resource condition identified,Continue monitoring
2026-02-12 06:00:00,GCP,gcp-function-0839,compute,57.72,48.65,25.2,424.55,410.81,0.1739,running,normal,1,0,0.1251518605723215,LOW,No critical resource condition identified,Continue monitoring
2026-02-12 09:00:00,AWS,aws-ec2-0840,database,25.45,53.16,73.8,137.77,428.74,0.1133,running,normal,1,0,0.0944012359210062,LOW,No critical resource condition identified,Continue monitoring
2026-02-12 12:00:00,Azure,azure-function-0841,storage,41.95,83.14,22.71,239.47,191.69,0.194,running,normal,1,0,0.0374361307876472,LOW,No critical resource condition identified,Continue monitoring
2026-02-12 15:00:00,GCP,gcp-disk-0842,storage,37.75,33.0,43.3,892.48,622.73,0.1305,running,normal,1,0,0.0644688369975697,LOW,No critical resource condition identified,Continue monitoring
2026-02-12 18:00:00,AWS,aws-ec2-0843,storage,13.03,68.35,71.2,638.29,324.82,0.121,running,normal,1,0,0.0708049215149705,LOW,No critical resource condition identified,Continue monitoring
2026-02-12 21:00:00,Azure,azure-disk-0844,compute,52.05,42.91,15.62,470.5,572.64,0.1453,running,normal,1,0,0.09024468407719,LOW,No critical resource condition identified,Continue monitoring
2026-02-13 00:00:00,GCP,gcp-sql-0845,serverless,58.5,65.7,34.11,158.95,314.64,0.1931,running,normal,1,0,0.0941555706284485,LOW,No critical resource condition identified,Continue monitoring
2026-02-13 03:00:00,AWS,aws-lambda-0846,serverless,12.22,81.55,64.51,588.58,554.84,0.1451,running,normal,1,0,0.062333605446497,LOW,No critical resource condition identified,Continue monitoring
2026-02-13 06:00:00,Azure,azure-disk-0847,serverless,37.3,97.43,59.12,366.52,474.48,0.1656,running,normal,1,0,0.0571496772517751,LOW,No critical resource condition identified,Continue monitoring
2026-02-13 09:00:00,GCP,gcp-ce-0848,serverless,54.02,69.19,55.7,467.0,401.73,0.1829,running,normal,1,0,0.1509208032963542,LOW,No critical resource condition identified,Continue monitoring
2026-02-13 12:00:00,AWS,aws-lambda-0849,database,71.63,48.05,32.28,357.07,576.06,0.2047,running,normal,1,0,0.0936793234707635,LOW,No critical resource condition identified,Continue monitoring
2026-02-13 15:00:00,Azure,azure-disk-0850,storage,55.32,38.42,42.81,624.56,539.88,0.1523,running,normal,1,0,0.1256429388329438,LOW,No critical resource condition identified,Continue monitoring
2026-02-13 18:00:00,GCP,gcp-ce-0851,compute,76.07,15.52,53.57,202.31,298.51,0.1611,running,normal,1,0,0.0518008081053409,LOW,No critical resource condition identified,Continue monitoring
2026-02-13 21:00:00,AWS,aws-ebs-0852,database,45.13,40.37,18.75,590.38,520.46,0.1649,running,normal,1,0,0.1015100749856406,LOW,No critical resource condition identified,Continue monitoring
2026-02-14 00:00:00,Azure,azure-vm-0853,database,57.17,31.44,48.18,429.07,694.74,0.1922,running,normal,1,0,0.0954410806914745,LOW,No critical resource condition identified,Continue monitoring
2026-02-14 03:00:00,GCP,gcp-function-0854,storage,28.53,67.65,67.41,270.78,478.92,0.1403,running,normal,1,0,0.1126398417686139,LOW,No critical resource condition identified,Continue monitoring
2026-02-14 06:00:00,AWS,aws-ec2-0855,database,66.53,51.36,44.64,647.29,492.86,0.2047,running,normal,1,0,0.1148636275808869,LOW,No critical resource condition identified,Continue monitoring
2026-02-14 09:00:00,Azure,azure-disk-0856,storage,34.78,38.83,63.72,625.68,375.18,0.1547,running,normal,1,0,0.1358971352069302,LOW,No critical resource condition identified,Continue monitoring
2026-02-14 12:00:00,GCP,gcp-ce-0857,serverless,30.21,78.36,46.78,472.71,345.66,0.141,running,normal,1,0,0.1161914259099431,LOW,No critical resource condition identified,Continue monitoring
2026-02-14 15:00:00,AWS,aws-ebs-0858,database,30.9,98.0,26.28,223.67,481.62,0.1918,running,normal,1,0,0.0060460293028641,LOW,No critical resource condition identified,Continue monitoring
2026-02-14 18:00:00,Azure,azure-disk-0859,serverless,11.82,37.8,26.53,108.89,418.72,0.0549,running,normal,1,0,0.0227241897328948,LOW,No critical resource condition identified,Continue monitoring
2026-02-14 21:00:00,GCP,gcp-function-0860,compute,30.04,57.14,54.11,610.88,520.38,0.1605,running,normal,1,0,0.1371448452541203,LOW,No critical resource condition identified,Continue monitoring
2026-02-15 00:00:00,AWS,aws-ec2-0861,serverless,94.74,92.42,40.06,1658.08,1678.86,0.1729,running,high_cpu_and_traffic,-1,1,-0.182824301287084,HIGH,High CPU and network traffic,Investigate workload and consider scaling resources
2026-02-15 03:00:00,Azure,azure-vm-0862,serverless,62.62,51.42,30.74,595.54,310.33,0.1621,running,normal,1,0,0.1225205335910452,LOW,No critical resource condition identified,Continue monitoring
2026-02-15 06:00:00,GCP,gcp-sql-0863,database,37.64,50.74,70.85,453.61,208.14,0.1484,running,normal,1,0,0.1297036683661453,LOW,No critical resource condition identified,Continue monitoring
2026-02-15 09:00:00,AWS,aws-ebs-0864,compute,44.98,9.77,55.15,800.03,652.15,0.1618,running,normal,1,0,0.0419437574809212,LOW,No critical resource condition identified,Continue monitoring
2026-02-15 12:00:00,Azure,azure-vm-0865,database,32.0,54.04,22.54,334.0,291.8,0.1472,running,normal,1,0,0.1173140799941293,LOW,No critical resource condition identified,Continue monitoring
2026-02-15 15:00:00,GCP,gcp-disk-0866,serverless,20.69,44.39,33.08,606.54,588.51,0.1363,running,normal,1,0,0.0902463360817094,LOW,No critical resource condition identified,Continue monitoring
2026-02-15 18:00:00,AWS,aws-ec2-0867,database,13.19,75.59,39.97,314.87,662.83,0.1488,running,normal,1,0,0.0472564268660614,LOW,No critical resource condition identified,Continue monitoring
2026-02-15 21:00:00,Azure,azure-sql-0868,database,42.62,54.09,80.0,526.04,516.16,0.1756,running,normal,1,0,0.131173174445764,LOW,No critical resource condition identified,Continue monitoring
2026-02-16 00:00:00,GCP,gcp-sql-0869,storage,39.7,5.0,5.44,266.74,485.0,0.1103,running,normal,-1,1,-0.0194437908438372,LOW,No critical resource condition identified,Continue monitoring
2026-02-16 03:00:00,AWS,aws-lambda-0870,serverless,22.16,49.51,54.09,317.47,404.53,0.0933,running,normal,1,0,0.117798998406311,LOW,No critical resource condition identified,Continue monitoring
2026-02-16 06:00:00,Azure,azure-disk-0871,compute,81.57,49.42,68.56,440.41,395.08,0.1998,running,normal,1,0,0.0752149801057439,LOW,No critical resource condition identified,Continue monitoring
2026-02-16 09:00:00,GCP,gcp-sql-0872,database,30.88,47.75,35.8,863.94,385.64,0.1627,running,normal,1,0,0.1029038057722813,LOW,No critical resource condition identified,Continue monitoring
2026-02-16 12:00:00,AWS,aws-lambda-0873,compute,21.22,41.95,52.21,735.48,435.52,0.1396,running,normal,1,0,0.1059874423847336,LOW,No critical resource condition identified,Continue monitoring
2026-02-16 15:00:00,Azure,azure-vm-0874,compute,43.94,93.02,38.29,312.04,206.39,0.2157,running,normal,1,0,0.0369427444442531,LOW,No critical resource condition identified,Continue monitoring
2026-02-16 18:00:00,GCP,gcp-ce-0875,database,67.48,62.38,87.32,171.39,357.54,0.1848,running,normal,1,0,0.0701606072631587,LOW,No critical resource condition identified,Continue monitoring
2026-02-16 21:00:00,AWS,aws-ebs-0876,compute,40.13,63.31,95.2,386.42,332.62,0.157,running,normal,1,0,0.0851724845194836,HIGH,Storage utilization exceeds 90%,Review storage usage and increase capacity if required
2026-02-17 00:00:00,Azure,azure-vm-0877,serverless,33.64,69.03,55.57,81.95,203.94,0.1639,running,normal,1,0,0.0850399490069527,LOW,No critical resource condition identified,Continue monitoring
2026-02-17 03:00:00,GCP,gcp-ce-0878,database,41.93,50.24,62.71,205.51,265.45,0.1466,running,normal,1,0,0.1253241866218821,LOW,No critical resource condition identified,Continue monitoring
2026-02-17 06:00:00,AWS,aws-ebs-0879,compute,22.87,56.43,69.83,537.63,422.26,0.1272,running,normal,1,0,0.1289477958833645,LOW,No critical resource condition identified,Continue monitoring
2026-02-17 09:00:00,Azure,azure-disk-0880,storage,67.67,47.86,30.2,361.4,432.14,0.1801,running,normal,1,0,0.1127471931805497,LOW,No critical resource condition identified,Continue monitoring
2026-02-17 12:00:00,GCP,gcp-sql-0881,serverless,61.0,75.62,67.92,281.84,255.43,0.1916,running,normal,1,0,0.0921767221775169,LOW,No critical resource condition identified,Continue monitoring
2026-02-17 15:00:00,AWS,aws-lambda-0882,storage,37.05,41.46,34.56,393.16,588.55,0.1414,running,normal,1,0,0.1256355520676901,LOW,No critical resource condition identified,Continue monitoring
2026-02-17 18:00:00,Azure,azure-vm-0883,storage,39.78,50.07,53.13,528.35,732.27,0.1423,running,normal,1,0,0.0972921274547151,LOW,No critical resource condition identified,Continue monitoring
2026-02-17 21:00:00,GCP,gcp-disk-0884,database,16.72,63.87,73.35,295.71,398.57,0.0942,running,normal,1,0,0.084921329440933,LOW,No critical resource condition identified,Continue monitoring
2026-02-18 00:00:00,AWS,aws-ec2-0885,serverless,36.6,30.04,52.59,355.97,324.67,0.1336,running,normal,1,0,0.1360574044420917,LOW,No critical resource condition identified,Continue monitoring
2026-02-18 03:00:00,Azure,azure-function-0886,compute,47.77,67.45,72.76,330.29,549.98,0.1615,running,normal,1,0,0.1276415429469111,LOW,No critical resource condition identified,Continue monitoring
2026-02-18 06:00:00,GCP,gcp-disk-0887,serverless,68.91,38.18,88.26,556.44,237.44,0.172,running,normal,1,0,0.0688185766339112,LOW,No critical resource condition identified,Continue monitoring
2026-02-18 09:00:00,AWS,aws-rds-0888,storage,43.73,50.8,63.17,473.72,193.04,0.1374,running,normal,1,0,0.1364340128051174,LOW,No critical resource condition identified,Continue monitoring
2026-02-18 12:00:00,Azure,azure-vm-0889,serverless,74.09,64.03,53.75,584.79,293.32,0.2076,running,normal,1,0,0.1041161112894237,LOW,No critical resource condition identified,Continue monitoring
2026-02-18 15:00:00,GCP,gcp-disk-0890,database,51.0,53.34,61.75,548.3,438.82,0.1773,running,normal,1,0,0.159086682040442,LOW,No critical resource condition identified,Continue monitoring
2026-02-18 18:00:00,AWS,aws-lambda-0891,database,31.93,56.65,61.37,329.46,408.29,0.1286,running,normal,1,0,0.1475078213509802,LOW,No critical resource condition identified,Continue monitoring
2026-02-18 21:00:00,Azure,azure-vm-0892,serverless,2.96,9.3,58.75,805.0,369.72,0.256,running,underutilized,-1,1,-0.0181191742098136,MEDIUM,Resource has very low CPU and memory utilization,Consider right-sizing or reducing allocated capacity
2026-02-19 00:00:00,GCP,gcp-sql-0893,serverless,60.04,47.95,83.53,493.05,443.28,0.1635,running,normal,1,0,0.1177353195298991,LOW,No critical resource condition identified,Continue monitoring
2026-02-19 03:00:00,AWS,aws-ebs-0894,database,34.05,36.02,98.0,402.57,166.88,0.1108,running,normal,1,0,0.0391142141998117,HIGH,Storage utilization exceeds 90%,Review storage usage and increase capacity if required
2026-02-19 06:00:00,Azure,azure-function-0895,database,54.99,62.18,35.1,511.28,259.83,0.1684,running,normal,1,0,0.1333191844045394,LOW,No critical resource condition identified,Continue monitoring
2026-02-19 09:00:00,GCP,gcp-ce-0896,compute,64.16,62.4,67.53,457.08,524.29,0.1694,running,normal,1,0,0.1306056809478247,LOW,No critical resource condition identified,Continue monitoring
2026-02-19 12:00:00,AWS,aws-rds-0897,database,56.29,56.84,28.26,180.35,286.07,0.1777,running,normal,1,0,0.1020798759363039,LOW,No critical resource condition identified,Continue monitoring
2026-02-19 15:00:00,Azure,azure-vm-0898,compute,27.34,36.98,40.85,204.83,172.47,0.0958,running,normal,1,0,0.0747569912333815,LOW,No critical resource condition identified,Continue monitoring
2026-02-19 18:00:00,GCP,gcp-function-0899,database,42.92,69.05,21.96,412.84,563.96,0.1629,running,normal,1,0,0.105831372222218,LOW,No critical resource condition identified,Continue monitoring
2026-02-19 21:00:00,AWS,aws-rds-0900,compute,39.49,69.88,56.58,388.29,476.75,0.1672,running,normal,1,0,0.1416369030876848,LOW,No critical resource condition identified,Continue monitoring
2026-02-20 00:00:00,Azure,azure-vm-0901,compute,45.74,48.89,62.08,265.47,562.72,0.1613,running,normal,1,0,0.1317872883217767,LOW,No critical resource condition identified,Continue monitoring
2026-02-20 03:00:00,GCP,gcp-disk-0902,storage,4.71,3.19,76.54,465.37,134.16,0.4559,stopped,stopped_with_cost,-1,1,-0.0705911212511218,HIGH,Resource is stopped but still generating cost,Investigate billing and remove or right-size unused resources
2026-02-20 06:00:00,AWS,aws-lambda-0903,serverless,21.64,61.08,18.94,369.2,641.58,0.1154,running,normal,1,0,0.049305985289654,LOW,No critical resource condition identified,Continue monitoring
2026-02-20 09:00:00,Azure,azure-function-0904,serverless,54.82,69.75,62.83,613.65,215.75,0.2013,running,normal,1,0,0.1119224633782864,LOW,No critical resource condition identified,Continue monitoring
2026-02-20 12:00:00,GCP,gcp-sql-0905,serverless,49.65,58.73,54.74,298.11,184.02,0.1742,running,normal,1,0,0.1244445840091414,LOW,No critical resource condition identified,Continue monitoring
2026-02-20 15:00:00,AWS,aws-lambda-0906,compute,44.19,24.71,67.32,383.33,454.72,0.1231,running,normal,1,0,0.1149195456950155,LOW,No critical resource condition identified,Continue monitoring
2026-02-20 18:00:00,Azure,azure-sql-0907,compute,38.93,51.93,26.16,509.49,657.91,0.1459,running,normal,1,0,0.0910423921989438,LOW,No critical resource condition identified,Continue monitoring
2026-02-20 21:00:00,GCP,gcp-ce-0908,compute,44.3,44.37,92.93,644.66,347.8,0.1491,running,storage_pressure,1,0,0.0830822807791071,HIGH,Storage utilization is critically high,Clean up unused storage or increase storage capacity
2026-02-21 00:00:00,AWS,aws-ec2-0909,serverless,62.3,12.02,32.67,378.05,678.98,0.1657,running,normal,1,0,0.0383532078952861,LOW,No critical resource condition identified,Continue monitoring
2026-02-21 03:00:00,Azure,azure-sql-0910,serverless,31.67,68.16,20.82,643.19,335.02,0.1362,running,normal,1,0,0.0799283845028515,LOW,No critical resource condition identified,Continue monitoring
2026-02-21 06:00:00,GCP,gcp-ce-0911,database,36.09,59.97,36.34,561.67,470.76,0.1519,running,normal,1,0,0.1439331439444035,LOW,No critical resource condition identified,Continue monitoring
2026-02-21 09:00:00,AWS,aws-ec2-0912,storage,54.9,87.11,66.79,625.68,894.16,0.2202,running,normal,1,0,0.0052045161694903,LOW,No critical resource condition identified,Continue monitoring
2026-02-21 12:00:00,Azure,azure-vm-0913,storage,26.84,42.01,37.88,566.57,372.13,0.1247,running,normal,1,0,0.1260508631347505,LOW,No critical resource condition identified,Continue monitoring
2026-02-21 15:00:00,GCP,gcp-function-0914,compute,42.09,37.94,70.71,589.3,143.0,0.1334,running,normal,1,0,0.0926386235587903,LOW,No critical resource condition identified,Continue monitoring
2026-02-21 18:00:00,AWS,aws-ec2-0915,serverless,61.38,55.11,59.7,461.54,292.18,0.1773,running,normal,1,0,0.1460163902154061,LOW,No critical resource condition identified,Continue monitoring
2026-02-21 21:00:00,Azure,azure-disk-0916,serverless,11.06,42.85,49.12,399.35,360.51,0.1034,running,normal,1,0,0.1060148184436947,LOW,No critical resource condition identified,Continue monitoring
2026-02-22 00:00:00,GCP,gcp-disk-0917,database,38.73,63.75,81.75,590.78,165.08,0.1507,running,normal,1,0,0.0874646252921992,LOW,No critical resource condition identified,Continue monitoring
2026-02-22 03:00:00,AWS,aws-ec2-0918,database,54.71,33.49,49.3,525.66,532.11,0.1479,running,normal,1,0,0.1378117077648292,LOW,No critical resource condition identified,Continue monitoring
2026-02-22 06:00:00,Azure,azure-function-0919,serverless,33.81,40.56,27.61,479.81,391.05,0.0967,running,normal,1,0,0.1078640927041586,LOW,No critical resource condition identified,Continue monitoring
2026-02-22 09:00:00,GCP,gcp-ce-0920,serverless,53.74,26.93,48.6,399.03,448.5,0.151,running,normal,1,0,0.1371195665064034,LOW,No critical resource condition identified,Continue monitoring
2026-02-22 12:00:00,AWS,aws-lambda-0921,serverless,18.41,39.49,47.83,340.52,500.03,0.1018,running,normal,1,0,0.1055788799091482,LOW,No critical resource condition identified,Continue monitoring
2026-02-22 15:00:00,Azure,azure-function-0922,compute,49.07,55.85,85.57,329.6,388.24,0.169,running,normal,1,0,0.12029580575908,LOW,No critical resource condition identified,Continue monitoring
2026-02-22 18:00:00,GCP,gcp-function-0923,compute,17.11,40.8,26.53,139.21,272.69,0.0808,running,normal,1,0,0.0483105622361192,LOW,No critical resource condition identified,Continue monitoring
2026-02-22 21:00:00,AWS,aws-rds-0924,database,28.73,45.32,10.84,361.02,463.84,0.1382,running,normal,1,0,0.0824993829647456,LOW,No critical resource condition identified,Continue monitoring
2026-02-23 00:00:00,Azure,azure-disk-0925,database,17.72,27.54,62.19,750.8,478.95,0.1026,running,normal,1,0,0.0639069808302206,LOW,No critical resource condition identified,Continue monitoring
2026-02-23 03:00:00,GCP,gcp-disk-0926,storage,47.33,43.55,25.88,461.8,418.42,0.1676,running,normal,1,0,0.1359229314890153,LOW,No critical resource condition identified,Continue monitoring
2026-02-23 06:00:00,AWS,aws-ebs-0927,serverless,45.14,47.92,69.29,273.88,850.31,0.1642,running,normal,1,0,0.0568193752464499,LOW,No critical resource condition identified,Continue monitoring
2026-02-23 09:00:00,Azure,azure-sql-0928,database,78.79,64.27,15.9,702.62,345.46,0.2222,running,normal,1,0,0.0160842646952685,LOW,No critical resource condition identified,Continue monitoring
2026-02-23 12:00:00,GCP,gcp-ce-0929,serverless,33.28,51.8,42.32,796.5,717.16,0.1523,running,normal,1,0,0.068414653417353,LOW,No critical resource condition identified,Continue monitoring
2026-02-23 15:00:00,AWS,aws-rds-0930,serverless,64.91,44.08,39.57,626.15,313.87,0.1809,running,normal,1,0,0.1186916497352968,LOW,No critical resource condition identified,Continue monitoring
2026-02-23 18:00:00,Azure,azure-vm-0931,compute,79.94,62.98,77.24,297.7,437.81,0.2009,running,normal,1,0,0.0636027403572284,LOW,No critical resource condition identified,Continue monitoring
2026-02-23 21:00:00,GCP,gcp-disk-0932,storage,46.83,24.57,21.7,201.39,478.63,0.1645,running,normal,1,0,0.0781395752579824,LOW,No critical resource condition identified,Continue monitoring
2026-02-24 00:00:00,AWS,aws-lambda-0933,compute,70.58,66.86,17.09,395.42,575.28,0.217,running,normal,1,0,0.0521407906034818,LOW,No critical resource condition identified,Continue monitoring
2026-02-24 03:00:00,Azure,azure-function-0934,storage,6.52,45.99,70.76,453.31,320.17,0.1054,running,normal,1,0,0.0892575832000142,LOW,No critical resource condition identified,Continue monitoring
2026-02-24 06:00:00,GCP,gcp-function-0935,database,60.74,69.46,62.66,497.8,414.32,0.1914,running,normal,1,0,0.1390313102013652,LOW,No critical resource condition identified,Continue monitoring
2026-02-24 09:00:00,AWS,aws-rds-0936,serverless,39.92,54.35,76.82,442.48,560.56,0.1696,running,normal,1,0,0.1327028653697667,LOW,No critical resource condition identified,Continue monitoring
2026-02-24 12:00:00,Azure,azure-function-0937,storage,40.62,73.8,60.72,235.71,425.84,0.1879,running,normal,1,0,0.1130154004191102,LOW,No critical resource condition identified,Continue monitoring
2026-02-24 15:00:00,GCP,gcp-sql-0938,database,54.83,31.34,58.21,199.11,299.9,0.1634,running,normal,1,0,0.1162217952665526,LOW,No critical resource condition identified,Continue monitoring
2026-02-24 18:00:00,AWS,aws-lambda-0939,storage,51.42,44.52,56.93,439.18,402.01,0.1694,running,normal,1,0,0.1548994344806824,LOW,No critical resource condition identified,Continue monitoring
2026-02-24 21:00:00,Azure,azure-vm-0940,serverless,39.38,21.46,29.59,732.28,461.56,0.1103,running,normal,1,0,0.0613917206363016,LOW,No critical resource condition identified,Continue monitoring
2026-02-25 00:00:00,GCP,gcp-function-0941,compute,73.1,46.64,74.14,513.35,475.4,0.1767,running,normal,1,0,0.1033930598655158,LOW,No critical resource condition identified,Continue monitoring
2026-02-25 03:00:00,AWS,aws-rds-0942,compute,60.54,35.34,51.54,513.36,375.35,0.1729,running,normal,1,0,0.1365470872552858,LOW,No critical resource condition identified,Continue monitoring
2026-02-25 06:00:00,Azure,azure-vm-0943,compute,73.9,68.88,32.78,552.32,281.17,0.1949,running,normal,1,0,0.0874057589066189,LOW,No critical resource condition identified,Continue monitoring
2026-02-25 09:00:00,GCP,gcp-ce-0944,compute,61.68,45.45,43.77,523.76,492.99,0.1668,running,normal,1,0,0.1407397387974667,LOW,No critical resource condition identified,Continue monitoring
2026-02-25 12:00:00,AWS,aws-lambda-0945,storage,22.39,46.94,75.63,751.79,514.78,0.1086,running,normal,1,0,0.0656437353729939,LOW,No critical resource condition identified,Continue monitoring
2026-02-25 15:00:00,Azure,azure-vm-0946,storage,58.06,64.13,55.27,436.97,302.66,0.1547,running,normal,1,0,0.1429143968758898,LOW,No critical resource condition identified,Continue monitoring
2026-02-25 18:00:00,GCP,gcp-function-0947,database,55.04,25.92,60.9,819.82,412.55,0.157,running,normal,1,0,0.0969851056186447,LOW,No critical resource condition identified,Continue monitoring
2026-02-25 21:00:00,AWS,aws-rds-0948,serverless,26.57,53.66,32.01,351.54,392.07,0.1479,running,normal,1,0,0.1318659240269405,LOW,No critical resource condition identified,Continue monitoring
2026-02-26 00:00:00,Azure,azure-sql-0949,database,38.22,94.87,39.45,347.2,116.01,0.1934,running,normal,1,0,0.0163457272344292,LOW,No critical resource condition identified,Continue monitoring
2026-02-26 03:00:00,GCP,gcp-sql-0950,storage,19.99,76.25,49.4,595.1,136.36,0.1576,running,normal,1,0,0.0687893969467646,LOW,No critical resource condition identified,Continue monitoring
2026-02-26 06:00:00,AWS,aws-lambda-0951,compute,56.61,36.22,36.41,366.58,103.56,0.1662,running,normal,1,0,0.0870285172264286,LOW,No critical resource condition identified,Continue monitoring
2026-02-26 09:00:00,Azure,azure-vm-0952,storage,51.27,45.22,54.57,337.04,258.65,0.1708,running,normal,1,0,0.1458468314666649,LOW,No critical resource condition identified,Continue monitoring
2026-02-26 12:00:00,GCP,gcp-function-0953,serverless,45.83,33.33,72.54,563.54,516.3,0.1649,running,normal,1,0,0.1285947613725118,LOW,No critical resource condition identified,Continue monitoring
2026-02-26 15:00:00,AWS,aws-ebs-0954,compute,41.91,26.77,42.73,690.55,437.97,0.1167,running,normal,1,0,0.0987984933545724,LOW,No critical resource condition identified,Continue monitoring
2026-02-26 18:00:00,Azure,azure-disk-0955,storage,43.37,38.35,42.52,184.08,627.7,0.1361,running,normal,1,0,0.0923231612912663,LOW,No critical resource condition identified,Continue monitoring
2026-02-26 21:00:00,GCP,gcp-sql-0956,compute,70.73,54.62,65.06,579.44,499.73,0.2066,running,normal,1,0,0.1199475768802122,LOW,No critical resource condition identified,Continue monitoring
2026-02-27 00:00:00,AWS,aws-ec2-0957,compute,28.68,50.08,48.3,522.44,331.28,0.1349,running,normal,1,0,0.1458590054867153,LOW,No critical resource condition identified,Continue monitoring
2026-02-27 03:00:00,Azure,azure-sql-0958,serverless,45.17,30.19,13.31,474.64,478.06,0.1489,running,normal,1,0,0.0892348396224635,LOW,No critical resource condition identified,Continue monitoring
2026-02-27 06:00:00,GCP,gcp-function-0959,compute,20.5,85.52,27.06,559.95,290.09,0.1474,running,normal,1,0,0.0531464109054157,LOW,No critical resource condition identified,Continue monitoring
2026-02-27 09:00:00,AWS,aws-ebs-0960,compute,47.46,41.93,27.0,498.2,205.96,0.1552,running,normal,1,0,0.1137823356700674,LOW,No critical resource condition identified,Continue monitoring
2026-02-27 12:00:00,Azure,azure-disk-0961,database,57.93,48.46,9.22,211.99,605.25,0.1602,running,normal,1,0,0.0432154190750198,LOW,No critical resource condition identified,Continue monitoring
2026-02-27 15:00:00,GCP,gcp-disk-0962,database,25.88,27.92,46.99,289.52,281.44,0.0909,running,normal,1,0,0.1018572715409114,LOW,No critical resource condition identified,Continue monitoring
2026-02-27 18:00:00,AWS,aws-ec2-0963,compute,41.79,60.75,45.16,399.91,475.27,0.1688,running,normal,1,0,0.1531867113119626,LOW,No critical resource condition identified,Continue monitoring
2026-02-27 21:00:00,Azure,azure-vm-0964,compute,30.93,34.51,63.38,530.09,472.85,0.1283,running,normal,1,0,0.1319065518972438,LOW,No critical resource condition identified,Continue monitoring
2026-02-28 00:00:00,GCP,gcp-function-0965,storage,61.83,66.4,45.98,699.66,436.55,0.2081,running,normal,1,0,0.1123329925017019,LOW,No critical resource condition identified,Continue monitoring
2026-02-28 03:00:00,AWS,aws-rds-0966,serverless,3.61,5.45,98.0,382.54,411.36,0.4707,stopped,stopped_with_cost,-1,1,-0.0889035938816156,HIGH,Resource is stopped but still generating cost,Investigate billing and remove or right-size unused resources
2026-02-28 06:00:00,Azure,azure-sql-0967,compute,31.36,19.25,60.64,953.95,341.33,0.0933,running,normal,1,0,0.0222380699634864,LOW,No critical resource condition identified,Continue monitoring
2026-02-28 09:00:00,GCP,gcp-sql-0968,compute,68.39,44.92,35.36,417.97,521.24,0.1839,running,normal,1,0,0.1152078745197096,LOW,No critical resource condition identified,Continue monitoring
2026-02-28 12:00:00,AWS,aws-ebs-0969,compute,42.39,27.11,55.94,128.39,328.94,0.1358,running,normal,1,0,0.104252952313269,LOW,No critical resource condition identified,Continue monitoring
2026-02-28 15:00:00,Azure,azure-sql-0970,serverless,43.83,71.06,66.49,530.31,548.41,0.1854,running,normal,1,0,0.133083405858758,LOW,No critical resource condition identified,Continue monitoring
2026-02-28 18:00:00,GCP,gcp-sql-0971,compute,52.57,59.83,69.81,281.46,254.97,0.1743,running,normal,1,0,0.1239674012702429,LOW,No critical resource condition identified,Continue monitoring
2026-02-28 21:00:00,AWS,aws-ebs-0972,compute,51.75,16.66,29.09,693.3,691.98,0.1304,running,normal,1,0,0.0216029747763976,LOW,No critical resource condition identified,Continue monitoring
2026-03-01 00:00:00,Azure,azure-vm-0973,compute,77.06,41.13,38.46,728.77,340.03,0.2107,running,normal,1,0,0.0666391035178731,LOW,No critical resource condition identified,Continue monitoring
2026-03-01 03:00:00,GCP,gcp-function-0974,database,56.16,20.13,26.89,601.06,392.02,0.1454,running,normal,1,0,0.0883554557098365,LOW,No critical resource condition identified,Continue monitoring
2026-03-01 06:00:00,AWS,aws-ebs-0975,database,50.42,67.69,5.0,300.28,425.46,0.1728,running,normal,1,0,0.0478077615359641,LOW,No critical resource condition identified,Continue monitoring
2026-03-01 09:00:00,Azure,azure-vm-0976,database,39.51,40.52,43.09,656.77,282.88,0.1395,running,normal,1,0,0.1225222102617793,LOW,No critical resource condition identified,Continue monitoring
2026-03-01 12:00:00,GCP,gcp-function-0977,storage,39.59,67.26,72.64,438.52,366.28,0.1544,running,normal,1,0,0.1390652064652898,LOW,No critical resource condition identified,Continue monitoring
2026-03-01 15:00:00,AWS,aws-ebs-0978,serverless,49.16,54.24,25.5,275.85,742.95,0.1648,running,normal,1,0,0.0679906890287309,LOW,No critical resource condition identified,Continue monitoring
2026-03-01 18:00:00,Azure,azure-disk-0979,database,50.07,60.41,45.24,392.64,372.87,0.148,running,normal,1,0,0.1508972281716584,LOW,No critical resource condition identified,Continue monitoring
2026-03-01 21:00:00,GCP,gcp-ce-0980,storage,78.31,51.55,5.0,433.08,838.32,0.2271,running,normal,-1,1,-0.0457378760260979,LOW,No critical resource condition identified,Continue monitoring
2026-03-02 00:00:00,AWS,aws-ec2-0981,serverless,31.64,25.63,41.03,466.47,100.46,0.0921,running,normal,1,0,0.0744936060820459,LOW,No critical resource condition identified,Continue monitoring
2026-03-02 03:00:00,Azure,azure-sql-0982,serverless,52.11,28.14,62.28,236.92,662.84,0.1229,running,normal,1,0,0.0713319757986392,LOW,No critical resource condition identified,Continue monitoring
2026-03-02 06:00:00,GCP,gcp-function-0983,compute,74.96,55.67,59.26,453.16,235.78,0.1934,running,normal,1,0,0.1031995118037295,LOW,No critical resource condition identified,Continue monitoring
2026-03-02 09:00:00,AWS,aws-ec2-0984,database,52.23,29.78,54.39,215.67,447.42,0.1381,running,normal,1,0,0.1177317195684691,LOW,No critical resource condition identified,Continue monitoring
2026-03-02 12:00:00,Azure,azure-vm-0985,storage,67.24,36.4,49.12,273.4,333.82,0.1682,running,normal,1,0,0.117225298644745,LOW,No critical resource condition identified,Continue monitoring
2026-03-02 15:00:00,GCP,gcp-disk-0986,compute,19.56,7.88,26.87,562.95,144.24,0.0593,running,normal,-1,1,-0.0166773064116322,LOW,No critical resource condition identified,Continue monitoring
2026-03-02 18:00:00,AWS,aws-lambda-0987,serverless,50.78,61.56,61.25,175.98,363.03,0.1419,running,normal,1,0,0.1229775556671705,LOW,No critical resource condition identified,Continue monitoring
2026-03-02 21:00:00,Azure,azure-sql-0988,storage,26.14,31.27,18.07,693.47,787.59,0.1167,running,normal,-1,1,-0.0051984506415934,LOW,No critical resource condition identified,Continue monitoring
2026-03-03 00:00:00,GCP,gcp-sql-0989,compute,40.61,44.31,34.97,489.85,463.23,0.1503,running,normal,1,0,0.1469764286165264,LOW,No critical resource condition identified,Continue monitoring
2026-03-03 03:00:00,AWS,aws-ebs-0990,database,56.98,50.23,65.77,592.21,172.52,0.1494,running,normal,1,0,0.1147638752853046,LOW,No critical resource condition identified,Continue monitoring
2026-03-03 06:00:00,Azure,azure-sql-0991,database,58.59,56.32,69.98,521.37,433.38,0.2,running,normal,1,0,0.1378146631466325,LOW,No critical resource condition identified,Continue monitoring
2026-03-03 09:00:00,GCP,gcp-disk-0992,database,71.65,52.07,41.91,299.19,512.48,0.2139,running,normal,1,0,0.0993496741303914,LOW,No critical resource condition identified,Continue monitoring
2026-03-03 12:00:00,AWS,aws-lambda-0993,compute,9.54,49.0,47.2,319.14,781.42,0.1045,running,normal,1,0,0.0301468120839141,LOW,No critical resource condition identified,Continue monitoring
2026-03-03 15:00:00,Azure,azure-sql-0994,database,62.79,13.95,32.8,626.98,299.37,0.1414,running,normal,1,0,0.0527906099070234,LOW,No critical resource condition identified,Continue monitoring
2026-03-03 18:00:00,GCP,gcp-function-0995,database,54.31,41.81,43.21,305.25,240.84,0.1402,running,normal,1,0,0.1273058987435802,LOW,No critical resource condition identified,Continue monitoring
2026-03-03 21:00:00,AWS,aws-ebs-0996,database,16.85,53.95,52.69,756.14,293.07,0.1239,running,normal,1,0,0.0905966282777038,LOW,No critical resource condition identified,Continue monitoring
2026-03-04 00:00:00,Azure,azure-disk-0997,database,58.4,63.95,54.55,403.98,342.8,0.1632,running,normal,1,0,0.1471090158315559,LOW,No critical resource condition identified,Continue monitoring
2026-03-04 03:00:00,GCP,gcp-sql-0998,serverless,24.77,57.92,71.93,286.55,445.35,0.1126,running,normal,1,0,0.1075262032442211,LOW,No critical resource condition identified,Continue monitoring
2026-03-04 06:00:00,AWS,aws-ebs-0999,compute,55.83,37.78,68.23,405.77,296.06,0.1392,running,normal,1,0,0.1253450446456562,LOW,No critical resource condition identified,Continue monitoring
2026-03-04 09:00:00,Azure,azure-sql-1000,compute,49.92,90.3,76.6,394.65,349.12,0.199,running,normal,1,0,0.0680088731197487,LOW,No critical resource condition identified,Continue monitoring
2026-03-04 12:00:00,GCP,gcp-sql-1001,database,51.51,54.62,61.74,760.11,427.35,0.173,running,normal,1,0,0.1336677129086778,LOW,No critical resource condition identified,Continue monitoring
2026-03-04 15:00:00,AWS,aws-lambda-1002,storage,39.22,50.09,51.91,515.13,182.94,0.1197,running,normal,1,0,0.123790544183502,LOW,No critical resource condition identified,Continue monitoring
2026-03-04 18:00:00,Azure,azure-sql-1003,storage,33.41,61.42,44.62,485.35,204.11,0.1361,running,normal,1,0,0.1310057371826699,LOW,No critical resource condition identified,Continue monitoring
2026-03-04 21:00:00,GCP,gcp-sql-1004,serverless,31.96,52.91,91.98,446.83,289.09,0.1324,running,normal,1,0,0.0900557399501716,HIGH,Storage utilization exceeds 90%,Review storage usage and increase capacity if required
2026-03-05 00:00:00,AWS,aws-ec2-1005,database,44.44,24.02,95.06,423.12,373.56,0.1233,running,storage_pressure,1,0,0.0670906580339941,HIGH,Storage utilization is critically high,Clean up unused storage or increase storage capacity
2026-03-05 03:00:00,Azure,azure-sql-1006,storage,43.21,57.18,37.17,552.98,460.12,0.1738,running,normal,1,0,0.150649048669942,LOW,No critical resource condition identified,Continue monitoring
2026-03-05 06:00:00,GCP,gcp-disk-1007,storage,43.23,54.41,69.27,332.63,299.45,0.1537,running,normal,1,0,0.1416923963690354,LOW,No critical resource condition identified,Continue monitoring
2026-03-05 09:00:00,AWS,aws-lambda-1008,storage,43.65,48.31,5.0,410.47,374.83,0.1474,running,normal,1,0,0.073680747107886,LOW,No critical resource condition identified,Continue monitoring
2026-03-05 12:00:00,Azure,azure-function-1009,serverless,30.16,5.0,38.38,378.78,318.4,0.1098,running,normal,1,0,0.063224148737411,LOW,No critical resource condition identified,Continue monitoring
2026-03-05 15:00:00,GCP,gcp-disk-1010,serverless,38.33,68.47,47.6,302.71,125.4,0.1442,running,normal,1,0,0.097393210709793,LOW,No critical resource condition identified,Continue monitoring
2026-03-05 18:00:00,AWS,aws-ec2-1011,storage,46.11,36.22,24.3,549.35,117.66,0.1497,running,normal,1,0,0.0840266259290196,LOW,No critical resource condition identified,Continue monitoring
2026-03-05 21:00:00,Azure,azure-sql-1012,serverless,41.05,60.17,51.42,309.94,696.07,0.1545,running,normal,1,0,0.1030450295802227,LOW,No critical resource condition identified,Continue monitoring
2026-03-06 00:00:00,GCP,gcp-ce-1013,serverless,67.98,76.44,48.6,550.58,489.36,0.2043,running,normal,1,0,0.1064235499368159,LOW,No critical resource condition identified,Continue monitoring
2026-03-06 03:00:00,AWS,aws-ebs-1014,serverless,34.04,70.28,67.49,322.85,282.63,0.1397,running,normal,1,0,0.1170431346732556,LOW,No critical resource condition identified,Continue monitoring
2026-03-06 06:00:00,Azure,azure-function-1015,compute,51.42,63.44,46.24,631.81,351.31,0.1743,running,normal,1,0,0.1433754675600995,LOW,No critical resource condition identified,Continue monitoring
2026-03-06 09:00:00,GCP,gcp-disk-1016,storage,31.2,56.3,46.57,260.5,302.54,0.1538,running,normal,1,0,0.1310540880858626,LOW,No critical resource condition identified,Continue monitoring
2026-03-06 12:00:00,AWS,aws-ec2-1017,storage,50.5,47.37,98.0,501.32,339.1,0.1817,running,normal,1,0,0.0886844388209276,HIGH,Storage utilization exceeds 90%,Review storage usage and increase capacity if required
2026-03-06 15:00:00,Azure,azure-disk-1018,database,80.9,47.91,13.33,378.73,632.72,0.2155,running,normal,1,0,0.0061693058302126,LOW,No critical resource condition identified,Continue monitoring
2026-03-06 18:00:00,GCP,gcp-ce-1019,database,34.93,56.5,74.76,639.44,472.96,0.1299,running,normal,1,0,0.1248033906324229,LOW,No critical resource condition identified,Continue monitoring
2026-03-06 21:00:00,AWS,aws-rds-1020,serverless,20.78,45.94,54.08,245.23,236.12,0.1061,running,normal,1,0,0.1015563691986914,LOW,No critical resource condition identified,Continue monitoring
2026-03-07 00:00:00,Azure,azure-function-1021,database,55.93,51.33,33.08,257.24,318.26,0.1726,running,normal,1,0,0.127169118917152,LOW,No critical resource condition identified,Continue monitoring
2026-03-07 03:00:00,GCP,gcp-function-1022,serverless,30.86,71.68,49.58,194.94,776.93,0.1526,running,normal,1,0,0.0388471972312151,LOW,No critical resource condition identified,Continue monitoring
2026-03-07 06:00:00,AWS,aws-ec2-1023,serverless,38.38,36.9,90.43,630.58,531.51,0.149,running,normal,1,0,0.0788955204845849,HIGH,Storage utilization exceeds 90%,Review storage usage and increase capacity if required
2026-03-07 09:00:00,Azure,azure-disk-1024,serverless,29.82,55.1,15.21,82.65,450.93,0.1173,running,normal,1,0,0.0476109863011453,LOW,No critical resource condition identified,Continue monitoring
2026-03-07 12:00:00,GCP,gcp-disk-1025,database,83.16,75.01,42.85,451.59,542.03,0.2515,running,normal,1,0,0.025298772002876,LOW,No critical resource condition identified,Continue monitoring
2026-03-07 15:00:00,AWS,aws-ebs-1026,compute,50.41,59.97,45.34,428.38,620.77,0.1927,running,normal,1,0,0.130412225600653,LOW,No critical resource condition identified,Continue monitoring
2026-03-07 18:00:00,Azure,azure-function-1027,compute,38.04,79.21,58.85,1038.78,209.2,0.1651,running,normal,1,0,0.0236680153675554,LOW,No critical resource condition identified,Continue monitoring
2026-03-07 21:00:00,GCP,gcp-ce-1028,database,80.1,37.97,66.1,659.24,512.74,0.1896,running,normal,1,0,0.0625877313066533,LOW,No critical resource condition identified,Continue monitoring
2026-03-08 00:00:00,AWS,aws-lambda-1029,compute,55.79,53.68,52.52,435.83,502.53,0.1759,running,normal,1,0,0.1514237872753663,LOW,No critical resource condition identified,Continue monitoring
2026-03-08 03:00:00,Azure,azure-disk-1030,storage,29.73,31.13,32.96,489.98,395.69,0.1204,running,normal,1,0,0.1194609610839678,LOW,No critical resource condition identified,Continue monitoring
2026-03-08 06:00:00,GCP,gcp-ce-1031,storage,71.38,45.18,39.33,536.83,106.16,0.1742,running,normal,1,0,0.0742308462103823,LOW,No critical resource condition identified,Continue monitoring
2026-03-08 09:00:00,AWS,aws-rds-1032,storage,65.12,77.2,40.61,502.53,579.05,0.2041,running,normal,1,0,0.0928503827189466,LOW,No critical resource condition identified,Continue monitoring
2026-03-08 12:00:00,Azure,azure-disk-1033,serverless,36.4,35.61,54.85,658.43,370.54,0.1146,running,normal,1,0,0.1251906369935398,LOW,No critical resource condition identified,Continue monitoring
2026-03-08 15:00:00,GCP,gcp-ce-1034,compute,78.19,57.09,40.26,587.91,361.68,0.2063,running,normal,1,0,0.0927448686942506,LOW,No critical resource condition identified,Continue monitoring
2026-03-08 18:00:00,AWS,aws-rds-1035,compute,2.0,64.36,38.73,376.14,670.77,0.0947,running,normal,1,0,0.012752519244867,LOW,No critical resource condition identified,Continue monitoring
2026-03-08 21:00:00,Azure,azure-function-1036,compute,52.45,42.05,16.52,294.17,605.01,0.1614,running,normal,1,0,0.0752761145383567,LOW,No critical resource condition identified,Continue monitoring
2026-03-09 00:00:00,GCP,gcp-function-1037,serverless,33.13,80.2,44.24,370.19,575.38,0.1519,running,normal,1,0,0.0945838782700573,LOW,No critical resource condition identified,Continue monitoring
2026-03-09 03:00:00,AWS,aws-rds-1038,database,45.0,54.67,89.83,510.52,20.0,0.1568,running,normal,1,0,0.0414377466951144,LOW,No critical resource condition identified,Continue monitoring
2026-03-09 06:00:00,Azure,azure-function-1039,serverless,51.67,54.43,47.43,440.53,498.09,0.1617,running,normal,1,0,0.1565799747257023,LOW,No critical resource condition identified,Continue monitoring
2026-03-09 09:00:00,GCP,gcp-ce-1040,compute,32.11,51.8,18.09,470.96,250.68,0.1274,running,normal,1,0,0.0974271056625017,LOW,No critical resource condition identified,Continue monitoring
2026-03-09 12:00:00,AWS,aws-lambda-1041,serverless,55.23,18.12,84.74,235.46,644.57,0.1603,running,normal,1,0,0.0344486125651779,LOW,No critical resource condition identified,Continue monitoring
2026-03-09 15:00:00,Azure,azure-sql-1042,database,47.73,41.52,48.58,405.02,73.82,0.1612,running,normal,1,0,0.1011560436575189,LOW,No critical resource condition identified,Continue monitoring
2026-03-09 18:00:00,GCP,gcp-sql-1043,database,34.91,56.45,30.12,44.07,465.14,0.1455,running,normal,1,0,0.0850660057104597,LOW,No critical resource condition identified,Continue monitoring
2026-03-09 21:00:00,AWS,aws-rds-1044,compute,46.6,23.64,27.46,314.87,535.03,0.1304,running,normal,1,0,0.0918302852056976,LOW,No critical resource condition identified,Continue monitoring
2026-03-10 00:00:00,Azure,azure-function-1045,compute,51.34,56.1,40.61,342.65,50.17,0.1743,running,normal,1,0,0.0803286026545391,LOW,No critical resource condition identified,Continue monitoring
2026-03-10 03:00:00,GCP,gcp-sql-1046,serverless,42.53,63.25,16.91,343.82,218.19,0.1822,running,normal,1,0,0.0767998982879515,LOW,No critical resource condition identified,Continue monitoring
2026-03-10 06:00:00,AWS,aws-lambda-1047,database,17.75,47.62,38.55,211.61,711.16,0.1179,running,normal,1,0,0.0476648634693637,LOW,No critical resource condition identified,Continue monitoring
2026-03-10 09:00:00,Azure,azure-vm-1048,compute,58.0,43.15,42.33,559.98,139.36,0.1895,running,normal,1,0,0.0987164233961184,LOW,No critical resource condition identified,Continue monitoring
2026-03-10 12:00:00,GCP,gcp-sql-1049,compute,25.64,33.38,24.76,495.05,410.56,0.1063,running,normal,1,0,0.0978956981491157,LOW,No critical resource condition identified,Continue monitoring
2026-03-10 15:00:00,AWS,aws-rds-1050,serverless,44.13,41.62,34.29,728.48,386.83,0.1708,running,normal,1,0,0.1153071957645012,LOW,No critical resource condition identified,Continue monitoring
2026-03-10 18:00:00,Azure,azure-disk-1051,serverless,44.0,19.44,76.57,425.67,519.43,0.1192,running,normal,1,0,0.0837530261720403,LOW,No critical resource condition identified,Continue monitoring
2026-03-10 21:00:00,GCP,gcp-ce-1052,serverless,67.25,55.61,55.34,694.47,585.01,0.2124,running,normal,1,0,0.0993660817238126,LOW,No critical resource condition identified,Continue monitoring
2026-03-11 00:00:00,AWS,aws-ebs-1053,serverless,26.93,63.1,51.41,199.71,369.8,0.1098,running,normal,1,0,0.1042343599107715,LOW,No critical resource condition identified,Continue monitoring
2026-03-11 03:00:00,Azure,azure-vm-1054,compute,54.52,56.8,86.16,602.62,332.33,0.1882,running,normal,1,0,0.1112136826102535,LOW,No critical resource condition identified,Continue monitoring
2026-03-11 06:00:00,GCP,gcp-sql-1055,compute,51.0,11.15,47.26,266.35,416.21,0.1129,running,normal,1,0,0.0723507697651987,LOW,No critical resource condition identified,Continue monitoring
2026-03-11 09:00:00,AWS,aws-ec2-1056,compute,70.21,50.12,32.63,405.56,184.92,0.1933,running,normal,1,0,0.0890422209615494,LOW,No critical resource condition identified,Continue monitoring
2026-03-11 12:00:00,Azure,azure-function-1057,storage,33.81,45.18,96.43,488.18,461.07,0.135,running,storage_pressure,1,0,0.0774771554174451,HIGH,Storage utilization is critically high,Clean up unused storage or increase storage capacity
2026-03-11 15:00:00,GCP,gcp-disk-1058,serverless,54.69,49.78,41.7,886.8,269.28,0.1795,running,normal,1,0,0.0885824766775658,LOW,No critical resource condition identified,Continue monitoring
2026-03-11 18:00:00,AWS,aws-ec2-1059,serverless,60.96,37.79,58.25,496.39,317.34,0.1793,running,normal,1,0,0.1357619172458348,LOW,No critical resource condition identified,Continue monitoring
2026-03-11 21:00:00,Azure,azure-function-1060,storage,44.25,57.76,52.59,460.64,297.44,0.1831,running,normal,1,0,0.1565664173220698,LOW,No critical resource condition identified,Continue monitoring
2026-03-12 00:00:00,GCP,gcp-ce-1061,compute,39.24,81.67,29.93,317.65,244.83,0.1703,running,normal,1,0,0.0757956420958161,LOW,No critical resource condition identified,Continue monitoring
2026-03-12 03:00:00,AWS,aws-lambda-1062,database,6.26,54.33,38.0,182.15,573.7,0.0784,running,normal,1,0,0.0304053880101944,LOW,No critical resource condition identified,Continue monitoring
2026-03-12 06:00:00,Azure,azure-function-1063,compute,73.83,63.49,27.84,284.93,496.88,0.2032,running,normal,1,0,0.0753151854066397,LOW,No critical resource condition identified,Continue monitoring
2026-03-12 09:00:00,GCP,gcp-disk-1064,database,31.52,51.64,67.09,595.64,374.46,0.1337,running,normal,1,0,0.1361932094724433,LOW,No critical resource condition identified,Continue monitoring
2026-03-12 12:00:00,AWS,aws-ebs-1065,storage,59.14,30.99,54.37,425.18,411.99,0.1758,running,normal,1,0,0.1381107602132986,LOW,No critical resource condition identified,Continue monitoring
2026-03-12 15:00:00,Azure,azure-sql-1066,storage,48.4,37.33,76.63,613.55,446.42,0.1806,running,normal,1,0,0.1238104206070254,LOW,No critical resource condition identified,Continue monitoring
2026-03-12 18:00:00,GCP,gcp-ce-1067,compute,51.59,33.54,54.01,250.82,510.49,0.1653,running,normal,1,0,0.1262487887495447,LOW,No critical resource condition identified,Continue monitoring
2026-03-12 21:00:00,AWS,aws-rds-1068,serverless,27.6,60.16,48.42,20.0,598.85,0.134,running,normal,1,0,0.0643618001648151,LOW,No critical resource condition identified,Continue monitoring
2026-03-13 00:00:00,Azure,azure-disk-1069,serverless,32.8,37.61,55.17,770.59,659.77,0.1433,running,normal,1,0,0.0906737635012313,LOW,No critical resource condition identified,Continue monitoring
2026-03-13 03:00:00,GCP,gcp-function-1070,storage,22.37,61.59,33.32,507.33,363.61,0.1378,running,normal,1,0,0.1212972766465479,LOW,No critical resource condition identified,Continue monitoring
2026-03-13 06:00:00,AWS,aws-ec2-1071,compute,48.22,61.56,56.92,431.53,662.75,0.1781,running,normal,1,0,0.1233085965675804,LOW,No critical resource condition identified,Continue monitoring
2026-03-13 09:00:00,Azure,azure-function-1072,database,51.53,33.84,5.0,364.12,521.75,0.1468,running,normal,1,0,0.0552244189283265,LOW,No critical resource condition identified,Continue monitoring
2026-03-13 12:00:00,GCP,gcp-sql-1073,database,68.19,44.69,57.35,541.06,640.26,0.1661,running,normal,1,0,0.1055508977609543,LOW,No critical resource condition identified,Continue monitoring
2026-03-13 15:00:00,AWS,aws-ec2-1074,database,60.27,77.83,52.8,397.31,521.14,0.2141,running,normal,1,0,0.1062999006186584,LOW,No critical resource condition identified,Continue monitoring
2026-03-13 18:00:00,Azure,azure-disk-1075,database,66.25,84.03,62.85,457.95,391.35,0.2219,running,normal,1,0,0.0815654493438767,LOW,No critical resource condition identified,Continue monitoring
2026-03-13 21:00:00,GCP,gcp-sql-1076,storage,25.96,73.35,25.2,372.22,415.61,0.1732,running,normal,1,0,0.0976185094265087,LOW,No critical resource condition identified,Continue monitoring
2026-03-14 00:00:00,AWS,aws-rds-1077,compute,35.09,79.86,5.0,269.51,837.01,0.1775,running,normal,-1,1,-0.0473138130647111,LOW,No critical resource condition identified,Continue monitoring
2026-03-14 03:00:00,Azure,azure-vm-1078,database,46.21,65.23,95.55,519.94,313.63,0.18,running,storage_pressure,1,0,0.0904266408557166,HIGH,Storage utilization is critically high,Clean up unused storage or increase storage capacity
2026-03-14 06:00:00,GCP,gcp-disk-1079,storage,16.83,33.86,24.44,506.38,208.1,0.0495,running,normal,1,0,0.0332302381007848,LOW,No critical resource condition identified,Continue monitoring
2026-03-14 09:00:00,AWS,aws-ebs-1080,compute,34.1,77.35,35.73,608.57,396.96,0.1625,running,normal,1,0,0.1116247901814171,LOW,No critical resource condition identified,Continue monitoring
2026-03-14 12:00:00,Azure,azure-disk-1081,serverless,31.23,53.06,43.28,279.97,558.7,0.1425,running,normal,1,0,0.1216496320482841,LOW,No critical resource condition identified,Continue monitoring
2026-03-14 15:00:00,GCP,gcp-sql-1082,database,43.49,34.38,49.41,338.22,248.81,0.1101,running,normal,1,0,0.1216751309297626,LOW,No critical resource condition identified,Continue monitoring
2026-03-14 18:00:00,AWS,aws-ebs-1083,serverless,32.5,95.37,65.71,684.78,527.24,0.2071,running,normal,1,0,0.0361502438514176,LOW,No critical resource condition identified,Continue monitoring
2026-03-14 21:00:00,Azure,azure-disk-1084,storage,43.16,41.97,59.16,477.27,444.08,0.1666,running,normal,1,0,0.1547064142602595,LOW,No critical resource condition identified,Continue monitoring
2026-03-15 00:00:00,GCP,gcp-ce-1085,compute,28.09,30.28,80.28,468.16,300.28,0.1024,running,normal,1,0,0.0849929240434171,LOW,No critical resource condition identified,Continue monitoring
2026-03-15 03:00:00,AWS,aws-rds-1086,database,21.9,22.99,44.1,343.27,577.15,0.1041,running,normal,1,0,0.0759046382581959,LOW,No critical resource condition identified,Continue monitoring
2026-03-15 06:00:00,Azure,azure-disk-1087,compute,42.82,56.5,62.32,433.1,572.66,0.1597,running,normal,1,0,0.1450738031254144,LOW,No critical resource condition identified,Continue monitoring
2026-03-15 09:00:00,GCP,gcp-disk-1088,serverless,12.37,54.83,62.51,553.56,467.55,0.1076,running,normal,1,0,0.1051186642920858,LOW,No critical resource condition identified,Continue monitoring
2026-03-15 12:00:00,AWS,aws-rds-1089,serverless,52.68,39.9,70.19,291.08,306.64,0.1774,running,normal,1,0,0.1240211376934726,LOW,No critical resource condition identified,Continue monitoring
2026-03-15 15:00:00,Azure,azure-function-1090,storage,50.17,52.79,5.0,286.83,391.86,0.1557,running,normal,1,0,0.0590469615452691,LOW,No critical resource condition identified,Continue monitoring
2026-03-15 18:00:00,GCP,gcp-sql-1091,storage,39.21,30.96,54.5,391.21,375.03,0.1245,running,normal,1,0,0.1435139214970288,LOW,No critical resource condition identified,Continue monitoring
2026-03-15 21:00:00,AWS,aws-ebs-1092,database,1.39,5.05,32.38,611.97,530.12,1.0862,stopped,stopped_with_cost,-1,1,-0.1356812437137909,HIGH,Resource is stopped but still generating cost,Investigate billing and remove or right-size unused resources
2026-03-16 00:00:00,Azure,azure-sql-1093,database,49.54,63.56,23.39,260.88,120.24,0.1758,running,normal,1,0,0.0753392535260008,LOW,No critical resource condition identified,Continue monitoring
2026-03-16 03:00:00,GCP,gcp-sql-1094,database,19.27,82.13,35.82,480.28,536.7,0.1301,running,normal,1,0,0.0673174272091717,LOW,No critical resource condition identified,Continue monitoring
2026-03-16 06:00:00,AWS,aws-rds-1095,database,96.43,55.42,80.13,667.02,458.88,0.2267,running,normal,1,0,0.0100478132857664,LOW,No critical resource condition identified,Continue monitoring
2026-03-16 09:00:00,Azure,azure-vm-1096,serverless,73.82,53.6,5.0,388.71,504.63,0.1979,running,normal,1,0,0.0220732721324561,LOW,No critical resource condition identified,Continue monitoring
2026-03-16 12:00:00,GCP,gcp-sql-1097,compute,21.49,48.71,48.63,387.29,596.37,0.1081,running,normal,1,0,0.0967942967851488,LOW,No critical resource condition identified,Continue monitoring
2026-03-16 15:00:00,AWS,aws-lambda-1098,serverless,16.98,26.26,48.24,806.62,492.68,0.0766,running,normal,1,0,0.0423471918930412,LOW,No critical resource condition identified,Continue monitoring
2026-03-16 18:00:00,Azure,azure-sql-1099,compute,43.27,70.54,30.39,513.04,535.39,0.1656,running,normal,1,0,0.1230506102496255,LOW,No critical resource condition identified,Continue monitoring
2026-03-16 21:00:00,GCP,gcp-sql-1100,serverless,52.36,59.77,47.71,625.32,326.09,0.1555,running,normal,1,0,0.1451662256409888,LOW,No critical resource condition identified,Continue monitoring
2026-03-17 00:00:00,AWS,aws-ebs-1101,database,34.77,48.82,49.34,380.4,397.21,0.1362,running,normal,1,0,0.154482974570746,LOW,No critical resource condition identified,Continue monitoring
2026-03-17 03:00:00,Azure,azure-sql-1102,serverless,78.86,47.35,59.61,201.94,324.64,0.1866,running,normal,1,0,0.072030436200532,LOW,No critical resource condition identified,Continue monitoring
2026-03-17 06:00:00,GCP,gcp-disk-1103,serverless,58.65,38.29,38.95,405.8,605.42,0.1405,running,normal,1,0,0.1118951892189231,LOW,No critical resource condition identified,Continue monitoring
2026-03-17 09:00:00,AWS,aws-ec2-1104,storage,25.42,35.39,15.71,317.85,77.65,0.0891,running,normal,1,0,0.0215363154408028,LOW,No critical resource condition identified,Continue monitoring
2026-03-17 12:00:00,Azure,azure-vm-1105,compute,48.37,31.95,17.28,244.95,393.09,0.1539,running,normal,1,0,0.0876849588971,LOW,No critical resource condition identified,Continue monitoring
2026-03-17 15:00:00,GCP,gcp-ce-1106,storage,31.72,50.44,41.57,413.79,725.94,0.1143,running,normal,1,0,0.0783513785842907,LOW,No critical resource condition identified,Continue monitoring
2026-03-17 18:00:00,AWS,aws-rds-1107,compute,18.61,38.41,37.42,409.81,144.65,0.1087,running,normal,1,0,0.0749086384834278,LOW,No critical resource condition identified,Continue monitoring
2026-03-17 21:00:00,Azure,azure-sql-1108,compute,29.33,51.56,30.01,390.13,744.55,0.1394,running,normal,1,0,0.0764219475956016,LOW,No critical resource condition identified,Continue monitoring
2026-03-18 00:00:00,GCP,gcp-disk-1109,database,20.67,28.42,27.18,370.02,549.92,0.1108,running,normal,1,0,0.0775180633721082,LOW,No critical resource condition identified,Continue monitoring
2026-03-18 03:00:00,AWS,aws-ec2-1110,database,35.26,54.9,35.43,399.89,470.62,0.139,running,normal,1,0,0.1443834064529239,LOW,No critical resource condition identified,Continue monitoring
2026-03-18 06:00:00,Azure,azure-disk-1111,serverless,41.91,71.23,59.19,185.9,223.66,0.1455,running,normal,1,0,0.1029847599734956,LOW,No critical resource condition identified,Continue monitoring
2026-03-18 09:00:00,GCP,gcp-disk-1112,serverless,56.06,72.59,54.16,369.78,66.84,0.182,running,normal,1,0,0.0718591854680853,LOW,No critical resource condition identified,Continue monitoring
2026-03-18 12:00:00,AWS,aws-ebs-1113,database,82.91,72.33,63.7,276.83,317.92,0.2227,running,normal,1,0,0.0464373906441716,LOW,No critical resource condition identified,Continue monitoring
2026-03-18 15:00:00,Azure,azure-vm-1114,compute,51.42,30.41,71.94,468.42,123.35,0.1425,running,normal,1,0,0.0833323257701253,LOW,No critical resource condition identified,Continue monitoring
2026-03-18 18:00:00,GCP,gcp-ce-1115,compute,38.93,64.9,51.74,213.29,173.57,0.1649,running,normal,1,0,0.1089767011620735,LOW,No critical resource condition identified,Continue monitoring
2026-03-18 21:00:00,AWS,aws-ec2-1116,serverless,71.92,69.02,61.67,285.96,677.03,0.2204,running,normal,1,0,0.0527470668706259,LOW,No critical resource condition identified,Continue monitoring
2026-03-19 00:00:00,Azure,azure-disk-1117,compute,49.62,19.92,61.99,278.36,459.3,0.1273,running,normal,1,0,0.100508243238494,LOW,No critical resource condition identified,Continue monitoring
2026-03-19 03:00:00,GCP,gcp-function-1118,compute,42.1,84.01,75.7,513.81,395.95,0.1912,running,normal,1,0,0.0945028485985604,LOW,No critical resource condition identified,Continue monitoring
2026-03-19 06:00:00,AWS,aws-rds-1119,compute,43.61,17.2,70.46,821.7,412.81,0.102,running,normal,1,0,0.0463404416527143,LOW,No critical resource condition identified,Continue monitoring
2026-03-19 09:00:00,Azure,azure-vm-1120,serverless,33.06,61.28,53.09,362.14,296.06,0.1437,running,normal,1,0,0.1458925761210198,LOW,No critical resource condition identified,Continue monitoring
2026-03-19 12:00:00,GCP,gcp-function-1121,storage,39.01,56.11,44.44,195.57,558.25,0.1074,running,normal,1,0,0.103275997225292,LOW,No critical resource condition identified,Continue monitoring
2026-03-19 15:00:00,AWS,aws-ebs-1122,compute,47.67,60.11,70.54,321.77,493.85,0.1688,running,normal,1,0,0.140611852180453,LOW,No critical resource condition identified,Continue monitoring
2026-03-19 18:00:00,Azure,azure-function-1123,storage,19.1,57.55,55.8,499.61,320.87,0.1335,running,normal,1,0,0.125465133422005,LOW,No critical resource condition identified,Continue monitoring
2026-03-19 21:00:00,GCP,gcp-function-1124,serverless,34.85,37.81,56.57,643.95,345.08,0.144,running,normal,1,0,0.1353412838235723,LOW,No critical resource condition identified,Continue monitoring
2026-03-20 00:00:00,AWS,aws-ebs-1125,storage,40.36,44.61,34.07,527.13,437.54,0.1217,running,normal,1,0,0.1289062566370898,LOW,No critical resource condition identified,Continue monitoring
2026-03-20 03:00:00,Azure,azure-function-1126,serverless,30.32,55.44,63.62,221.23,174.15,0.1529,running,normal,1,0,0.1092131075648739,LOW,No critical resource condition identified,Continue monitoring
2026-03-20 06:00:00,GCP,gcp-ce-1127,compute,28.19,40.81,24.19,609.01,275.72,0.139,running,normal,1,0,0.1008287041327164,LOW,No critical resource condition identified,Continue monitoring
2026-03-20 09:00:00,AWS,aws-lambda-1128,database,37.33,5.0,45.58,419.38,531.96,0.0807,running,normal,1,0,0.0518165603044517,LOW,No critical resource condition identified,Continue monitoring
2026-03-20 12:00:00,Azure,azure-vm-1129,storage,67.54,49.05,68.28,185.18,514.09,0.173,running,normal,1,0,0.0962540417180967,LOW,No critical resource condition identified,Continue monitoring
2026-03-20 15:00:00,GCP,gcp-function-1130,database,45.1,35.16,55.52,124.52,59.66,0.15,running,normal,1,0,0.0680183644139673,LOW,No critical resource condition identified,Continue monitoring
2026-03-20 18:00:00,AWS,aws-rds-1131,serverless,26.11,49.95,68.39,525.46,423.72,0.1445,running,normal,1,0,0.1404078642471045,LOW,No critical resource condition identified,Continue monitoring
2026-03-20 21:00:00,Azure,azure-vm-1132,storage,44.68,45.09,40.2,463.12,405.51,0.1347,running,normal,1,0,0.1482969567390318,LOW,No critical resource condition identified,Continue monitoring
2026-03-21 00:00:00,GCP,gcp-function-1133,compute,41.07,44.68,55.16,68.56,542.55,0.1294,running,normal,1,0,0.0948367506038785,LOW,No critical resource condition identified,Continue monitoring
2026-03-21 03:00:00,AWS,aws-ebs-1134,compute,44.12,84.45,42.45,672.99,406.25,0.1916,running,normal,1,0,0.0928368068723936,LOW,No critical resource condition identified,Continue monitoring
2026-03-21 06:00:00,Azure,azure-vm-1135,storage,32.66,32.29,35.23,467.95,364.67,0.1321,running,normal,1,0,0.1277348123911956,LOW,No critical resource condition identified,Continue monitoring
2026-03-21 09:00:00,GCP,gcp-ce-1136,storage,31.79,24.15,88.61,504.84,476.77,0.0965,running,normal,1,0,0.0558027875438943,LOW,No critical resource condition identified,Continue monitoring
2026-03-21 12:00:00,AWS,aws-ec2-1137,storage,40.45,69.36,94.24,279.53,236.47,0.1433,running,normal,1,0,0.0499852219404284,HIGH,Storage utilization exceeds 90%,Review storage usage and increase capacity if required
2026-03-21 15:00:00,Azure,azure-sql-1138,serverless,42.56,50.66,31.67,610.2,339.22,0.1495,running,normal,1,0,0.1338189895249384,LOW,No critical resource condition identified,Continue monitoring
2026-03-21 18:00:00,GCP,gcp-sql-1139,database,40.77,50.19,63.91,746.37,493.68,0.1682,running,normal,1,0,0.1300766127516375,LOW,No critical resource condition identified,Continue monitoring
2026-03-21 21:00:00,AWS,aws-rds-1140,serverless,56.77,53.08,19.55,390.95,386.74,0.1655,running,normal,1,0,0.1135593373078271,LOW,No critical resource condition identified,Continue monitoring
2026-03-22 00:00:00,Azure,azure-function-1141,storage,69.72,54.74,49.63,281.41,401.91,0.1922,running,normal,1,0,0.1199223011818607,LOW,No critical resource condition identified,Continue monitoring
2026-03-22 03:00:00,GCP,gcp-sql-1142,database,39.18,57.44,57.23,345.36,475.02,0.1484,running,normal,1,0,0.1512467815357785,LOW,No critical resource condition identified,Continue monitoring
2026-03-22 06:00:00,AWS,aws-ec2-1143,database,64.42,19.73,50.25,735.35,278.3,0.1627,running,normal,1,0,0.0721264080894731,LOW,No critical resource condition identified,Continue monitoring
2026-03-22 09:00:00,Azure,azure-function-1144,serverless,43.5,50.84,75.09,569.07,259.9,0.1428,running,normal,1,0,0.125503245329917,LOW,No critical resource condition identified,Continue monitoring
2026-03-22 12:00:00,GCP,gcp-sql-1145,database,6.89,49.04,18.4,740.93,428.29,0.0894,running,normal,1,0,0.0192581055743916,LOW,No critical resource condition identified,Continue monitoring
2026-03-22 15:00:00,AWS,aws-ebs-1146,storage,25.21,68.29,92.64,580.75,385.27,0.1353,running,normal,1,0,0.0784089800059402,HIGH,Storage utilization exceeds 90%,Review storage usage and increase capacity if required
2026-03-22 18:00:00,Azure,azure-vm-1147,storage,5.43,17.98,75.87,136.66,293.45,0.1614,running,underutilized,1,0,0.0372277879541486,MEDIUM,Resource has very low CPU and memory utilization,Consider right-sizing or reducing allocated capacity
2026-03-22 21:00:00,GCP,gcp-sql-1148,storage,25.61,54.12,60.33,449.72,417.63,0.1134,running,normal,1,0,0.1362963439143125,LOW,No critical resource condition identified,Continue monitoring
2026-03-23 00:00:00,AWS,aws-ec2-1149,storage,50.9,60.26,76.25,618.65,411.41,0.1576,running,normal,1,0,0.1338074185054227,LOW,No critical resource condition identified,Continue monitoring
2026-03-23 03:00:00,Azure,azure-vm-1150,database,49.54,41.39,29.29,236.12,135.81,0.1413,running,normal,1,0,0.088851384630215,LOW,No critical resource condition identified,Continue monitoring
2026-03-23 06:00:00,GCP,gcp-ce-1151,database,37.91,25.95,55.6,583.24,312.09,0.119,running,normal,1,0,0.1208918567955763,LOW,No critical resource condition identified,Continue monitoring
2026-03-23 09:00:00,AWS,aws-rds-1152,serverless,30.91,71.54,65.68,558.28,548.1,0.1261,running,normal,1,0,0.1151881801083402,LOW,No critical resource condition identified,Continue monitoring
2026-03-23 12:00:00,Azure,azure-disk-1153,compute,63.19,56.97,48.98,400.44,458.74,0.1829,running,normal,1,0,0.143692169404745,LOW,No critical resource condition identified,Continue monitoring
2026-03-23 15:00:00,GCP,gcp-disk-1154,storage,35.25,86.81,35.48,407.04,258.79,0.1707,running,normal,1,0,0.0812158571264383,LOW,No critical resource condition identified,Continue monitoring
2026-03-23 18:00:00,AWS,aws-lambda-1155,database,60.28,37.42,63.77,598.0,568.79,0.1758,running,normal,1,0,0.1240089018054796,LOW,No critical resource condition identified,Continue monitoring
2026-03-23 21:00:00,Azure,azure-vm-1156,serverless,63.98,55.85,30.48,432.53,628.21,0.2175,running,normal,1,0,0.0857915883204306,LOW,No critical resource condition identified,Continue monitoring
2026-03-24 00:00:00,GCP,gcp-ce-1157,compute,22.4,58.77,23.17,182.26,438.27,0.1309,running,normal,1,0,0.0874684472229876,LOW,No critical resource condition identified,Continue monitoring
2026-03-24 03:00:00,AWS,aws-rds-1158,database,54.57,32.28,45.9,178.72,79.46,0.1539,running,normal,1,0,0.0753014265807073,LOW,No critical resource condition identified,Continue monitoring
2026-03-24 06:00:00,Azure,azure-sql-1159,database,64.95,38.85,59.81,330.99,104.66,0.1691,running,normal,1,0,0.0848695089121479,LOW,No critical resource condition identified,Continue monitoring
2026-03-24 09:00:00,GCP,gcp-disk-1160,compute,80.56,22.53,55.66,270.93,545.32,0.1897,running,normal,1,0,0.0461724640795361,LOW,No critical resource condition identified,Continue monitoring
2026-03-24 12:00:00,AWS,aws-rds-1161,storage,31.22,66.69,83.42,536.46,256.41,0.1511,running,normal,1,0,0.0994700281522517,LOW,No critical resource condition identified,Continue monitoring
2026-03-24 15:00:00,Azure,azure-sql-1162,serverless,71.31,36.67,47.16,561.52,463.57,0.1753,running,normal,1,0,0.1217859702101106,LOW,No critical resource condition identified,Continue monitoring
2026-03-24 18:00:00,GCP,gcp-function-1163,storage,66.45,77.22,84.08,474.23,350.21,0.2282,running,normal,1,0,0.0660740962290042,LOW,No critical resource condition identified,Continue monitoring
2026-03-24 21:00:00,AWS,aws-lambda-1164,storage,26.39,58.85,44.45,445.24,571.61,0.1484,running,normal,1,0,0.1346297096873727,LOW,No critical resource condition identified,Continue monitoring
2026-03-25 00:00:00,Azure,azure-function-1165,database,49.56,62.5,17.47,332.12,265.52,0.1666,running,normal,1,0,0.0971081592197672,LOW,No critical resource condition identified,Continue monitoring
2026-03-25 03:00:00,GCP,gcp-disk-1166,storage,30.34,59.48,59.18,519.77,463.84,0.1473,running,normal,1,0,0.1478056825826837,LOW,No critical resource condition identified,Continue monitoring
2026-03-25 06:00:00,AWS,aws-ebs-1167,storage,25.92,64.32,65.85,506.69,581.03,0.1449,running,normal,1,0,0.1213576272659685,LOW,No critical resource condition identified,Continue monitoring
2026-03-25 09:00:00,Azure,azure-disk-1168,serverless,8.67,48.55,34.63,236.44,629.44,0.1067,running,normal,1,0,0.0469373684827179,LOW,No critical resource condition identified,Continue monitoring
2026-03-25 12:00:00,GCP,gcp-ce-1169,serverless,50.33,67.85,31.46,449.13,538.89,0.1505,running,normal,1,0,0.1263488343165038,LOW,No critical resource condition identified,Continue monitoring
2026-03-25 15:00:00,AWS,aws-lambda-1170,database,42.59,40.97,50.75,796.25,348.17,0.1539,running,normal,1,0,0.1200606765921762,LOW,No critical resource condition identified,Continue monitoring
2026-03-25 18:00:00,Azure,azure-sql-1171,serverless,77.66,50.1,83.64,585.04,449.14,0.2063,running,normal,1,0,0.0686619705542133,LOW,No critical resource condition identified,Continue monitoring
2026-03-25 21:00:00,GCP,gcp-disk-1172,storage,61.15,49.76,41.67,404.86,558.8,0.1992,running,normal,1,0,0.1314857017818438,LOW,No critical resource condition identified,Continue monitoring
2026-03-26 00:00:00,AWS,aws-ebs-1173,storage,51.83,77.5,70.92,224.67,357.75,0.1674,running,normal,1,0,0.0981330059126037,LOW,No critical resource condition identified,Continue monitoring
2026-03-26 03:00:00,Azure,azure-disk-1174,storage,19.39,20.86,31.43,501.72,499.32,0.1024,running,normal,1,0,0.0631283520912065,LOW,No critical resource condition identified,Continue monitoring
2026-03-26 06:00:00,GCP,gcp-function-1175,compute,66.16,18.26,71.77,393.82,517.04,0.1422,running,normal,1,0,0.0653541037462727,LOW,No critical resource condition identified,Continue monitoring
2026-03-26 09:00:00,AWS,aws-rds-1176,database,65.8,21.47,48.62,254.66,480.88,0.1722,running,normal,1,0,0.0951999237376321,LOW,No critical resource condition identified,Continue monitoring
2026-03-26 12:00:00,Azure,azure-disk-1177,compute,61.69,74.5,15.14,560.22,553.36,0.2005,running,normal,1,0,0.0663597864013297,LOW,No critical resource condition identified,Continue monitoring
2026-03-26 15:00:00,GCP,gcp-sql-1178,database,23.41,46.79,47.2,578.8,299.74,0.1098,running,normal,1,0,0.1139571854304011,LOW,No critical resource condition identified,Continue monitoring
2026-03-26 18:00:00,AWS,aws-lambda-1179,database,86.17,22.87,54.31,254.42,563.01,0.1798,running,normal,1,0,0.0292889240865563,LOW,No critical resource condition identified,Continue monitoring
2026-03-26 21:00:00,Azure,azure-vm-1180,storage,43.63,55.82,57.67,448.96,187.22,0.1637,running,normal,1,0,0.1397530444881919,LOW,No critical resource condition identified,Continue monitoring
2026-03-27 00:00:00,GCP,gcp-function-1181,compute,32.26,21.16,47.32,683.27,425.75,0.1145,running,normal,1,0,0.0956819647269492,LOW,No critical resource condition identified,Continue monitoring
2026-03-27 03:00:00,AWS,aws-ebs-1182,storage,26.47,36.94,59.4,115.92,603.93,0.123,running,normal,1,0,0.0735934696218543,LOW,No critical resource condition identified,Continue monitoring
2026-03-27 06:00:00,Azure,azure-disk-1183,database,42.1,30.86,45.2,274.46,477.78,0.145,running,normal,1,0,0.1263219697842248,LOW,No critical resource condition identified,Continue monitoring
2026-03-27 09:00:00,GCP,gcp-disk-1184,serverless,61.64,44.65,38.43,535.26,338.16,0.1797,running,normal,1,0,0.1300013293743122,LOW,No critical resource condition identified,Continue monitoring
2026-03-27 12:00:00,AWS,aws-rds-1185,storage,56.44,65.96,28.29,570.71,314.76,0.1854,running,normal,1,0,0.1214201864366028,LOW,No critical resource condition identified,Continue monitoring
2026-03-27 15:00:00,Azure,azure-sql-1186,compute,59.33,84.36,33.92,272.54,284.46,0.1938,running,normal,1,0,0.0686226817493868,LOW,No critical resource condition identified,Continue monitoring
2026-03-27 18:00:00,GCP,gcp-ce-1187,serverless,35.2,64.11,55.05,341.87,494.39,0.1617,running,normal,1,0,0.1482155088651165,LOW,No critical resource condition identified,Continue monitoring
2026-03-27 21:00:00,AWS,aws-rds-1188,serverless,4.94,30.37,33.15,463.35,248.74,0.0682,running,normal,1,0,0.042424309300768,LOW,No critical resource condition identified,Continue monitoring
2026-03-28 00:00:00,Azure,azure-sql-1189,compute,52.66,57.24,48.25,172.61,300.81,0.1581,running,normal,1,0,0.1256844598632945,LOW,No critical resource condition identified,Continue monitoring
2026-03-28 03:00:00,GCP,gcp-function-1190,serverless,70.66,64.62,28.25,572.11,502.45,0.1971,running,normal,1,0,0.0973209589430525,LOW,No critical resource condition identified,Continue monitoring
2026-03-28 06:00:00,AWS,aws-ec2-1191,compute,19.62,58.19,52.34,409.02,394.01,0.1113,running,normal,1,0,0.1240674459740034,LOW,No critical resource condition identified,Continue monitoring
2026-03-28 09:00:00,Azure,azure-sql-1192,serverless,48.0,56.43,24.91,289.03,46.41,0.1623,running,normal,1,0,0.0653587550933195,LOW,No critical resource condition identified,Continue monitoring
2026-03-28 12:00:00,GCP,gcp-disk-1193,compute,51.68,60.84,23.92,438.27,667.24,0.204,running,normal,1,0,0.0830046761712484,LOW,No critical resource condition identified,Continue monitoring
2026-03-28 15:00:00,AWS,aws-ec2-1194,serverless,26.91,62.94,44.84,550.9,298.75,0.1351,running,normal,1,0,0.1323472578282419,LOW,No critical resource condition identified,Continue monitoring
2026-03-28 18:00:00,Azure,azure-disk-1195,database,53.89,39.57,21.13,742.46,798.28,0.18,running,normal,1,0,0.0306314909109821,LOW,No critical resource condition identified,Continue monitoring
2026-03-28 21:00:00,GCP,gcp-ce-1196,storage,54.16,74.14,23.74,427.62,431.35,0.2007,running,normal,1,0,0.1065833627851956,LOW,No critical resource condition identified,Continue monitoring
2026-03-29 00:00:00,AWS,aws-lambda-1197,database,56.18,70.25,46.35,522.94,324.08,0.1747,running,normal,1,0,0.1436008680545363,LOW,No critical resource condition identified,Continue monitoring
2026-03-29 03:00:00,Azure,azure-vm-1198,database,53.83,77.04,26.9,350.64,425.27,0.1794,running,normal,1,0,0.1043479599397624,LOW,No critical resource condition identified,Continue monitoring
2026-03-29 06:00:00,GCP,gcp-function-1199,storage,27.13,51.18,51.41,618.24,462.9,0.1402,running,normal,1,0,0.1415662014039926,LOW,No critical resource condition identified,Continue monitoring
2026-03-29 09:00:00,AWS,aws-lambda-1200,storage,32.11,55.2,41.34,754.17,614.75,0.1592,running,normal,1,0,0.095198200166281,LOW,No critical resource condition identified,Continue monitoring
2026-03-29 12:00:00,Azure,azure-sql-1201,compute,22.3,46.11,50.03,491.3,475.13,0.1335,running,normal,1,0,0.132372884954835,LOW,No critical resource condition identified,Continue monitoring
2026-03-29 15:00:00,GCP,gcp-function-1202,serverless,71.12,63.88,40.18,430.7,383.57,0.2045,running,normal,1,0,0.1142218884229224,LOW,No critical resource condition identified,Continue monitoring
2026-03-29 18:00:00,AWS,aws-ebs-1203,database,48.42,61.93,14.27,362.72,596.61,0.1774,running,normal,1,0,0.0777526180431668,LOW,No critical resource condition identified,Continue monitoring
2026-03-29 21:00:00,Azure,azure-function-1204,database,13.02,62.13,86.36,90.74,643.1,0.0723,running,normal,-1,1,-0.0164893921235929,LOW,No critical resource condition identified,Continue monitoring
2026-03-30 00:00:00,GCP,gcp-function-1205,compute,2.7,58.03,71.02,515.5,493.57,0.0945,running,normal,1,0,0.0627986711408545,LOW,No critical resource condition identified,Continue monitoring
2026-03-30 03:00:00,AWS,aws-ec2-1206,serverless,76.5,70.33,8.24,177.32,264.65,0.186,running,normal,-1,1,-0.010625484494896,LOW,No critical resource condition identified,Continue monitoring
2026-03-30 06:00:00,Azure,azure-function-1207,serverless,19.26,63.99,60.02,351.33,372.4,0.0953,running,normal,1,0,0.0991112250623246,LOW,No critical resource condition identified,Continue monitoring
2026-03-30 09:00:00,GCP,gcp-disk-1208,compute,48.04,56.82,52.88,402.42,445.79,0.1795,running,normal,1,0,0.1584950664424596,LOW,No critical resource condition identified,Continue monitoring
2026-03-30 12:00:00,AWS,aws-ebs-1209,storage,41.65,38.36,58.46,350.06,461.78,0.1398,running,normal,1,0,0.1389965350396595,LOW,No critical resource condition identified,Continue monitoring
2026-03-30 15:00:00,Azure,azure-vm-1210,serverless,35.85,20.38,55.66,491.68,535.95,0.1127,running,normal,1,0,0.1023278791984459,LOW,No critical resource condition identified,Continue monitoring
2026-03-30 18:00:00,GCP,gcp-sql-1211,database,29.25,32.11,13.32,725.87,619.37,0.1355,running,normal,1,0,0.0335268918208401,LOW,No critical resource condition identified,Continue monitoring
2026-03-30 21:00:00,AWS,aws-ec2-1212,storage,38.67,45.16,76.75,568.6,752.18,0.1543,running,normal,1,0,0.0690674287791559,LOW,No critical resource condition identified,Continue monitoring
2026-03-31 00:00:00,Azure,azure-vm-1213,compute,11.75,44.99,70.89,557.79,403.25,0.0879,running,normal,1,0,0.0904328393157331,LOW,No critical resource condition identified,Continue monitoring
2026-03-31 03:00:00,GCP,gcp-disk-1214,storage,52.75,53.0,32.06,606.09,20.0,0.1698,running,normal,1,0,0.063968504259385,LOW,No critical resource condition identified,Continue monitoring
2026-03-31 06:00:00,AWS,aws-lambda-1215,serverless,40.66,49.86,38.75,636.55,475.59,0.1554,running,normal,1,0,0.1374580350658324,LOW,No critical resource condition identified,Continue monitoring
2026-03-31 09:00:00,Azure,azure-sql-1216,serverless,98.0,52.72,51.91,142.12,313.05,0.2455,running,normal,-1,1,-0.0030272426931573,LOW,No critical resource condition identified,Continue monitoring
2026-03-31 12:00:00,GCP,gcp-disk-1217,database,45.58,74.67,48.85,389.5,102.64,0.1747,running,normal,1,0,0.0961304710244437,LOW,No critical resource condition identified,Continue monitoring
2026-03-31 15:00:00,AWS,aws-rds-1218,compute,65.42,63.78,70.65,555.03,504.59,0.2082,running,normal,1,0,0.1193015932927104,LOW,No critical resource condition identified,Continue monitoring
2026-03-31 18:00:00,Azure,azure-function-1219,storage,17.98,36.75,45.4,519.86,451.95,0.1226,running,normal,1,0,0.1180810046583498,LOW,No critical resource condition identified,Continue monitoring
2026-03-31 21:00:00,GCP,gcp-disk-1220,serverless,49.29,34.74,44.24,507.92,20.0,0.1785,running,normal,1,0,0.0731066550520419,LOW,No critical resource condition identified,Continue monitoring
2026-04-01 00:00:00,AWS,aws-ec2-1221,serverless,79.69,43.75,50.65,362.32,664.32,0.2035,running,normal,1,0,0.0520660556886727,LOW,No critical resource condition identified,Continue monitoring
2026-04-01 03:00:00,Azure,azure-disk-1222,compute,55.53,49.02,70.21,906.93,450.79,0.1814,running,normal,1,0,0.0908289404139389,LOW,No critical resource condition identified,Continue monitoring
2026-04-01 06:00:00,GCP,gcp-disk-1223,storage,34.21,44.99,17.25,236.9,317.15,0.1276,running,normal,1,0,0.0867777371134357,LOW,No critical resource condition identified,Continue monitoring
2026-04-01 09:00:00,AWS,aws-rds-1224,serverless,28.58,36.9,75.49,652.79,404.5,0.1169,running,normal,1,0,0.1015972777199043,LOW,No critical resource condition identified,Continue monitoring
2026-04-01 12:00:00,Azure,azure-vm-1225,storage,52.06,90.91,52.11,310.39,465.66,0.1893,running,normal,1,0,0.0787431147244666,LOW,No critical resource condition identified,Continue monitoring
2026-04-01 15:00:00,GCP,gcp-disk-1226,compute,65.12,44.4,40.46,276.92,376.01,0.1678,running,normal,1,0,0.1207009218134308,LOW,No critical resource condition identified,Continue monitoring
2026-04-01 18:00:00,AWS,aws-rds-1227,storage,53.4,60.3,65.67,588.79,333.9,0.1809,running,normal,1,0,0.1510496100309162,LOW,No critical resource condition identified,Continue monitoring
2026-04-01 21:00:00,Azure,azure-disk-1228,serverless,51.15,43.11,21.41,476.32,367.32,0.1297,running,normal,1,0,0.1131902774479444,LOW,No critical resource condition identified,Continue monitoring
2026-04-02 00:00:00,GCP,gcp-disk-1229,serverless,90.51,42.96,37.23,250.3,433.38,0.2168,running,normal,1,0,0.027734891895743,LOW,No critical resource condition identified,Continue monitoring
2026-04-02 03:00:00,AWS,aws-ebs-1230,storage,9.38,66.67,32.59,443.76,171.73,0.101,running,normal,1,0,0.0523399509041409,LOW,No critical resource condition identified,Continue monitoring
2026-04-02 06:00:00,Azure,azure-disk-1231,serverless,53.64,75.9,62.65,623.19,631.38,0.2048,running,normal,1,0,0.0947273405825797,LOW,No critical resource condition identified,Continue monitoring
2026-04-02 09:00:00,GCP,gcp-function-1232,storage,64.31,61.67,18.91,298.54,356.02,0.2006,running,normal,1,0,0.0816363540272298,LOW,No critical resource condition identified,Continue monitoring
2026-04-02 12:00:00,AWS,aws-ebs-1233,serverless,68.67,71.59,72.11,263.34,477.22,0.196,running,normal,1,0,0.0875450334484544,LOW,No critical resource condition identified,Continue monitoring
2026-04-02 15:00:00,Azure,azure-disk-1234,storage,68.85,58.29,88.36,481.9,791.65,0.208,running,normal,1,0,0.0276491232827665,LOW,No critical resource condition identified,Continue monitoring
2026-04-02 18:00:00,GCP,gcp-ce-1235,storage,64.99,40.96,35.06,680.62,585.32,0.2026,running,normal,1,0,0.0945514154705529,LOW,No critical resource condition identified,Continue monitoring
2026-04-02 21:00:00,AWS,aws-ec2-1236,storage,43.92,64.09,79.07,516.27,715.98,0.1853,running,normal,1,0,0.0808375883278272,LOW,No critical resource condition identified,Continue monitoring
2026-04-03 00:00:00,Azure,azure-sql-1237,database,75.71,85.97,71.74,454.62,365.33,0.2374,running,normal,1,0,0.0351564358956339,LOW,No critical resource condition identified,Continue monitoring
2026-04-03 03:00:00,GCP,gcp-sql-1238,serverless,53.18,50.93,41.44,420.82,421.67,0.1931,running,normal,1,0,0.1516427510958128,LOW,No critical resource condition identified,Continue monitoring
2026-04-03 06:00:00,AWS,aws-ebs-1239,database,29.42,62.9,75.33,742.41,432.54,0.1566,running,normal,1,0,0.1068826706258248,LOW,No critical resource condition identified,Continue monitoring
2026-04-03 09:00:00,Azure,azure-disk-1240,storage,50.65,51.05,50.76,531.35,352.94,0.1609,running,normal,1,0,0.1554998516434284,LOW,No critical resource condition identified,Continue monitoring
2026-04-03 12:00:00,GCP,gcp-function-1241,serverless,2.28,15.54,28.86,431.41,543.32,0.1152,running,underutilized,1,0,0.0278759446856214,MEDIUM,Resource has very low CPU and memory utilization,Consider right-sizing or reducing allocated capacity
2026-04-03 15:00:00,AWS,aws-ebs-1242,compute,44.64,21.48,24.77,248.12,522.26,0.1332,running,normal,1,0,0.0755082533567709,LOW,No critical resource condition identified,Continue monitoring
2026-04-03 18:00:00,Azure,azure-vm-1243,storage,18.3,61.94,5.0,670.43,108.27,0.1352,running,normal,-1,1,-0.0178109776978041,LOW,No critical resource condition identified,Continue monitoring
2026-04-03 21:00:00,GCP,gcp-ce-1244,compute,98.0,9.08,61.91,124.53,468.28,0.193,running,normal,-1,1,-0.0322234607714136,LOW,No critical resource condition identified,Continue monitoring
2026-04-04 00:00:00,AWS,aws-ebs-1245,storage,59.05,23.93,72.83,376.33,175.57,0.1727,running,normal,1,0,0.0731350489183522,LOW,No critical resource condition identified,Continue monitoring
2026-04-04 03:00:00,Azure,azure-sql-1246,compute,66.98,35.63,46.3,471.79,644.21,0.1879,running,normal,1,0,0.0947991098901431,LOW,No critical resource condition identified,Continue monitoring
2026-04-04 06:00:00,GCP,gcp-sql-1247,database,44.09,73.48,48.07,378.9,309.68,0.1604,running,normal,1,0,0.1368476205626578,LOW,No critical resource condition identified,Continue monitoring
2026-04-04 09:00:00,AWS,aws-ec2-1248,serverless,71.97,46.28,62.09,20.0,490.93,0.1828,running,normal,1,0,0.0686310611199209,LOW,No critical resource condition identified,Continue monitoring
2026-04-04 12:00:00,Azure,azure-sql-1249,database,36.08,11.77,66.44,493.74,349.77,0.0959,running,normal,1,0,0.0753058443764048,LOW,No critical resource condition identified,Continue monitoring
2026-04-04 15:00:00,GCP,gcp-ce-1250,serverless,74.04,53.66,20.34,490.52,391.47,0.2146,running,normal,1,0,0.0718363981924278,LOW,No critical resource condition identified,Continue monitoring
2026-04-04 18:00:00,AWS,aws-ebs-1251,serverless,54.81,31.94,19.57,416.07,465.76,0.1308,running,normal,1,0,0.0974018469611689,LOW,No critical resource condition identified,Continue monitoring
2026-04-04 21:00:00,Azure,azure-vm-1252,storage,45.85,34.38,28.41,634.67,158.2,0.1581,running,normal,1,0,0.0914213454586487,LOW,No critical resource condition identified,Continue monitoring
2026-04-05 00:00:00,GCP,gcp-disk-1253,serverless,14.25,47.36,60.27,209.45,479.78,0.1044,running,normal,1,0,0.08292671140059,LOW,No critical resource condition identified,Continue monitoring
2026-04-05 03:00:00,AWS,aws-rds-1254,serverless,5.36,56.24,80.39,709.19,462.37,0.1019,running,normal,1,0,0.0435187572782815,LOW,No critical resource condition identified,Continue monitoring
2026-04-05 06:00:00,Azure,azure-function-1255,database,54.79,35.47,63.15,833.97,390.1,0.1449,running,normal,1,0,0.106292016953894,LOW,No critical resource condition identified,Continue monitoring
2026-04-05 09:00:00,GCP,gcp-function-1256,compute,43.92,65.78,37.33,599.51,374.67,0.157,running,normal,1,0,0.1391499649294222,LOW,No critical resource condition identified,Continue monitoring
2026-04-05 12:00:00,AWS,aws-rds-1257,serverless,80.81,48.27,60.89,353.36,231.69,0.198,running,normal,1,0,0.0719826641237348,LOW,No critical resource condition identified,Continue monitoring
2026-04-05 15:00:00,Azure,azure-vm-1258,serverless,29.33,52.8,57.98,745.71,456.6,0.1499,running,normal,1,0,0.1238344888331248,LOW,No critical resource condition identified,Continue monitoring
2026-04-05 18:00:00,GCP,gcp-ce-1259,database,27.66,30.49,21.36,593.18,446.41,0.1179,running,normal,1,0,0.0863572541163977,LOW,No critical resource condition identified,Continue monitoring
2026-04-05 21:00:00,AWS,aws-rds-1260,serverless,28.9,86.93,19.02,303.77,47.54,0.1554,running,normal,-1,1,-0.0031724253703134,LOW,No critical resource condition identified,Continue monitoring
2026-04-06 00:00:00,Azure,azure-sql-1261,database,20.29,63.99,62.23,776.17,290.29,0.1362,running,normal,1,0,0.0887390495828859,LOW,No critical resource condition identified,Continue monitoring
2026-04-06 03:00:00,GCP,gcp-ce-1262,database,35.66,58.36,68.34,628.39,265.15,0.163,running,normal,1,0,0.1323544106410334,LOW,No critical resource condition identified,Continue monitoring
2026-04-06 06:00:00,AWS,aws-lambda-1263,compute,32.25,39.92,82.85,505.33,427.94,0.125,running,normal,1,0,0.1083463627401991,LOW,No critical resource condition identified,Continue monitoring
2026-04-06 09:00:00,Azure,azure-sql-1264,serverless,32.02,45.07,43.72,476.26,287.8,0.136,running,normal,1,0,0.143936352687381,LOW,No critical resource condition identified,Continue monitoring
2026-04-06 12:00:00,GCP,gcp-ce-1265,compute,0.18,7.27,39.26,809.72,560.27,0.4102,stopped,stopped_with_cost,-1,1,-0.073422159573136,HIGH,Resource is stopped but still generating cost,Investigate billing and remove or right-size unused resources
2026-04-06 15:00:00,AWS,aws-ebs-1266,storage,68.15,46.21,45.16,480.61,542.7,0.1676,running,normal,1,0,0.1226570070465069,LOW,No critical resource condition identified,Continue monitoring
2026-04-06 18:00:00,Azure,azure-disk-1267,serverless,25.94,12.48,45.27,710.59,667.95,0.1118,running,normal,1,0,0.0176913812037348,LOW,No critical resource condition identified,Continue monitoring
2026-04-06 21:00:00,GCP,gcp-ce-1268,storage,62.16,41.88,37.71,328.05,70.32,0.184,running,normal,1,0,0.0750761216138502,LOW,No critical resource condition identified,Continue monitoring
2026-04-07 00:00:00,AWS,aws-ebs-1269,serverless,33.45,35.57,24.4,413.22,682.16,0.1619,running,normal,1,0,0.072939956495108,LOW,No critical resource condition identified,Continue monitoring
2026-04-07 03:00:00,Azure,azure-vm-1270,serverless,26.38,67.79,53.73,335.42,411.61,0.1316,running,normal,1,0,0.1268612875223383,LOW,No critical resource condition identified,Continue monitoring
2026-04-07 06:00:00,GCP,gcp-sql-1271,serverless,57.06,5.0,46.66,824.98,612.18,0.1206,running,normal,1,0,0.008855724928025,LOW,No critical resource condition identified,Continue monitoring
2026-04-07 09:00:00,AWS,aws-lambda-1272,serverless,75.8,54.4,32.64,456.15,20.0,0.1805,running,normal,1,0,0.0359483669709113,LOW,No critical resource condition identified,Continue monitoring
2026-04-07 12:00:00,Azure,azure-sql-1273,database,10.06,43.14,68.19,188.74,436.67,0.0931,running,normal,1,0,0.0631550051644819,LOW,No critical resource condition identified,Continue monitoring
2026-04-07 15:00:00,GCP,gcp-sql-1274,database,41.91,65.39,21.47,410.24,327.08,0.1578,running,normal,1,0,0.1141549344465254,LOW,No critical resource condition identified,Continue monitoring
2026-04-07 18:00:00,AWS,aws-rds-1275,serverless,31.52,52.46,77.81,300.35,423.23,0.1308,running,normal,1,0,0.1253222978263925,LOW,No critical resource condition identified,Continue monitoring
2026-04-07 21:00:00,Azure,azure-function-1276,serverless,70.39,36.06,68.52,338.15,299.92,0.1954,running,normal,1,0,0.0978620869012826,LOW,No critical resource condition identified,Continue monitoring
2026-04-08 00:00:00,GCP,gcp-sql-1277,serverless,58.7,44.81,47.83,330.91,544.65,0.161,running,normal,1,0,0.1349803132072328,LOW,No critical resource condition identified,Continue monitoring
2026-04-08 03:00:00,AWS,aws-ebs-1278,database,45.37,63.66,48.48,396.38,395.2,0.1782,running,normal,1,0,0.1563976809754378,LOW,No critical resource condition identified,Continue monitoring
2026-04-08 06:00:00,Azure,azure-vm-1279,database,45.19,65.56,46.0,775.49,374.95,0.1697,running,normal,1,0,0.1241482598336525,LOW,No critical resource condition identified,Continue monitoring
2026-04-08 09:00:00,GCP,gcp-disk-1280,compute,26.34,40.45,70.72,444.04,322.46,0.1356,running,normal,1,0,0.1293880307765246,LOW,No critical resource condition identified,Continue monitoring
2026-04-08 12:00:00,AWS,aws-lambda-1281,storage,29.64,41.09,84.27,493.41,357.18,0.1351,running,normal,1,0,0.1029902009781199,LOW,No critical resource condition identified,Continue monitoring
2026-04-08 15:00:00,Azure,azure-disk-1282,storage,48.95,66.68,24.79,452.22,221.7,0.1555,running,normal,1,0,0.1123284253080448,LOW,No critical resource condition identified,Continue monitoring
2026-04-08 18:00:00,GCP,gcp-disk-1283,storage,39.2,38.33,49.03,243.55,468.61,0.1507,running,normal,1,0,0.1279444635981361,LOW,No critical resource condition identified,Continue monitoring
2026-04-08 21:00:00,AWS,aws-rds-1284,serverless,51.72,13.49,58.74,1008.34,380.37,0.1444,running,normal,1,0,0.0190922049937171,LOW,No critical resource condition identified,Continue monitoring
2026-04-09 00:00:00,Azure,azure-function-1285,serverless,62.55,11.2,59.27,912.95,499.59,0.1437,running,normal,1,0,0.0170233729971825,LOW,No critical resource condition identified,Continue monitoring
2026-04-09 03:00:00,GCP,gcp-disk-1286,compute,67.19,32.79,49.48,295.6,312.57,0.1915,running,normal,1,0,0.1112448335079575,LOW,No critical resource condition identified,Continue monitoring
2026-04-09 06:00:00,AWS,aws-ebs-1287,database,24.39,16.31,22.97,470.15,556.84,0.0918,running,normal,1,0,0.0453163670402992,LOW,No critical resource condition identified,Continue monitoring
2026-04-09 09:00:00,Azure,azure-disk-1288,database,40.72,30.57,67.82,827.55,118.11,0.1292,running,normal,1,0,0.0404122562947559,LOW,No critical resource condition identified,Continue monitoring
2026-04-09 12:00:00,GCP,gcp-function-1289,serverless,55.2,71.99,49.56,549.05,681.74,0.2242,running,normal,1,0,0.0761919290389413,LOW,No critical resource condition identified,Continue monitoring
2026-04-09 15:00:00,AWS,aws-rds-1290,compute,7.94,8.39,20.56,404.54,416.43,0.1356,running,underutilized,1,0,0.0240327780552573,MEDIUM,Resource has very low CPU and memory utilization,Consider right-sizing or reducing allocated capacity
2026-04-09 18:00:00,Azure,azure-disk-1291,storage,63.28,54.31,76.79,479.64,360.25,0.1584,running,normal,1,0,0.1261220804024082,LOW,No critical resource condition identified,Continue monitoring
2026-04-09 21:00:00,GCP,gcp-disk-1292,compute,51.83,25.48,73.11,455.44,360.93,0.1318,running,normal,1,0,0.1094676831447659,LOW,No critical resource condition identified,Continue monitoring
2026-04-10 00:00:00,AWS,aws-ec2-1293,database,27.26,71.39,55.09,407.71,502.63,0.1463,running,normal,1,0,0.1313526336854024,LOW,No critical resource condition identified,Continue monitoring
2026-04-10 03:00:00,Azure,azure-sql-1294,compute,82.27,39.57,79.12,416.0,529.14,0.215,running,normal,1,0,0.0402260137913065,LOW,No critical resource condition identified,Continue monitoring
2026-04-10 06:00:00,GCP,gcp-ce-1295,serverless,64.36,83.24,42.83,456.25,316.25,0.2034,running,normal,1,0,0.0945790765693105,LOW,No critical resource condition identified,Continue monitoring
2026-04-10 09:00:00,AWS,aws-ebs-1296,database,28.04,79.0,60.49,831.67,327.93,0.1603,running,normal,1,0,0.0752742267070264,LOW,No critical resource condition identified,Continue monitoring
2026-04-10 12:00:00,Azure,azure-function-1297,database,13.07,62.33,54.47,439.64,337.54,0.1016,running,normal,1,0,0.098082504537076,LOW,No critical resource condition identified,Continue monitoring
2026-04-10 15:00:00,GCP,gcp-disk-1298,compute,54.21,87.34,77.71,179.08,314.12,0.1974,running,normal,1,0,0.0462040960891352,LOW,No critical resource condition identified,Continue monitoring
2026-04-10 18:00:00,AWS,aws-lambda-1299,database,51.94,49.82,86.29,404.42,586.88,0.1486,running,normal,1,0,0.1039866898343772,LOW,No critical resource condition identified,Continue monitoring
2026-04-10 21:00:00,Azure,azure-sql-1300,storage,64.51,32.77,48.48,201.32,371.0,0.177,running,normal,1,0,0.1088118246724537,LOW,No critical resource condition identified,Continue monitoring
2026-04-11 00:00:00,GCP,gcp-disk-1301,serverless,24.66,38.33,83.16,463.13,239.63,0.107,running,normal,1,0,0.0751197977003291,LOW,No critical resource condition identified,Continue monitoring
2026-04-11 03:00:00,AWS,aws-ebs-1302,serverless,69.49,47.44,85.81,432.84,394.24,0.1983,running,normal,1,0,0.0894838589906371,LOW,No critical resource condition identified,Continue monitoring
2026-04-11 06:00:00,Azure,azure-disk-1303,database,44.12,76.75,67.29,245.94,598.74,0.1705,running,normal,1,0,0.0812178088105558,LOW,No critical resource condition identified,Continue monitoring
2026-04-11 09:00:00,GCP,gcp-sql-1304,compute,41.35,77.69,54.81,487.02,544.1,0.1912,running,normal,1,0,0.1205329489924219,LOW,No critical resource condition identified,Continue monitoring
2026-04-11 12:00:00,AWS,aws-ec2-1305,compute,55.96,53.02,72.78,433.64,405.32,0.199,running,normal,1,0,0.1379829953619037,LOW,No critical resource condition identified,Continue monitoring
2026-04-11 15:00:00,Azure,azure-vm-1306,storage,96.0,65.38,64.01,1736.85,1449.27,0.1684,running,high_cpu_and_traffic,-1,1,-0.147020189299757,HIGH,High CPU and network traffic,Investigate workload and consider scaling resources
2026-04-11 18:00:00,GCP,gcp-disk-1307,storage,68.2,67.46,42.48,586.05,412.47,0.1877,running,normal,1,0,0.1201865033353383,LOW,No critical resource condition identified,Continue monitoring
2026-04-11 21:00:00,AWS,aws-rds-1308,database,91.68,76.23,62.22,494.85,426.2,0.2319,running,normal,1,0,0.0221252470400707,LOW,No critical resource condition identified,Continue monitoring
2026-04-12 00:00:00,Azure,azure-sql-1309,storage,44.14,12.1,37.11,405.43,365.53,0.1114,running,normal,1,0,0.0853587044800352,LOW,No critical resource condition identified,Continue monitoring
2026-04-12 03:00:00,GCP,gcp-function-1310,storage,56.92,39.91,46.63,444.9,277.13,0.1502,running,normal,1,0,0.1391833142586574,LOW,No critical resource condition identified,Continue monitoring
2026-04-12 06:00:00,AWS,aws-rds-1311,database,25.3,49.22,50.36,94.91,393.48,0.1301,running,normal,1,0,0.1061232625025966,LOW,No critical resource condition identified,Continue monitoring
2026-04-12 09:00:00,Azure,azure-sql-1312,serverless,67.52,76.08,98.0,586.47,426.09,0.227,running,normal,1,0,0.0237144723363167,HIGH,Storage utilization exceeds 90%,Review storage usage and increase capacity if required
2026-04-12 12:00:00,GCP,gcp-ce-1313,compute,33.34,57.16,34.96,326.35,466.16,0.1395,running,normal,1,0,0.1393356376503968,LOW,No critical resource condition identified,Continue monitoring
2026-04-12 15:00:00,AWS,aws-lambda-1314,compute,24.35,34.11,56.29,489.41,570.44,0.1263,running,normal,1,0,0.1152811554455826,LOW,No critical resource condition identified,Continue monitoring
2026-04-12 18:00:00,Azure,azure-vm-1315,serverless,48.77,69.79,66.39,517.7,603.37,0.1462,running,normal,1,0,0.1204048147820353,LOW,No critical resource condition identified,Continue monitoring
2026-04-12 21:00:00,GCP,gcp-disk-1316,storage,65.75,78.29,19.0,704.01,212.57,0.1925,running,normal,1,0,0.015355211616343,LOW,No critical resource condition identified,Continue monitoring
2026-04-13 00:00:00,AWS,aws-ebs-1317,database,16.95,61.7,61.59,639.73,330.65,0.1236,running,normal,1,0,0.1050422921540972,LOW,No critical resource condition identified,Continue monitoring
2026-04-13 03:00:00,Azure,azure-function-1318,database,2.0,32.78,48.11,254.6,358.67,0.0696,running,normal,1,0,0.0421161557253528,LOW,No critical resource condition identified,Continue monitoring
2026-04-13 06:00:00,GCP,gcp-ce-1319,compute,56.31,45.75,38.94,420.16,398.81,0.1413,running,normal,1,0,0.1447194623511355,LOW,No critical resource condition identified,Continue monitoring
2026-04-13 09:00:00,AWS,aws-ebs-1320,storage,67.71,60.64,71.4,268.02,340.58,0.1736,running,normal,1,0,0.1101267277036787,LOW,No critical resource condition identified,Continue monitoring
2026-04-13 12:00:00,Azure,azure-sql-1321,database,71.77,29.33,38.83,436.28,493.7,0.1533,running,normal,1,0,0.1014251213222035,LOW,No critical resource condition identified,Continue monitoring
2026-04-13 15:00:00,GCP,gcp-disk-1322,compute,9.92,41.96,51.24,524.82,377.33,0.091,running,normal,1,0,0.091491950513606,LOW,No critical resource condition identified,Continue monitoring
2026-04-13 18:00:00,AWS,aws-ec2-1323,serverless,33.35,50.68,55.66,759.28,525.81,0.1645,running,normal,1,0,0.1215169089303423,LOW,No critical resource condition identified,Continue monitoring
2026-04-13 21:00:00,Azure,azure-disk-1324,serverless,40.76,47.42,27.84,677.87,541.34,0.1489,running,normal,1,0,0.1067660599306997,LOW,No critical resource condition identified,Continue monitoring
2026-04-14 00:00:00,GCP,gcp-disk-1325,compute,57.96,25.8,45.09,439.55,499.78,0.1469,running,normal,1,0,0.1251658490750358,LOW,No critical resource condition identified,Continue monitoring
2026-04-14 03:00:00,AWS,aws-ebs-1326,storage,43.9,51.15,81.67,554.89,413.04,0.1556,running,normal,1,0,0.1335043329804403,LOW,No critical resource condition identified,Continue monitoring
2026-04-14 06:00:00,Azure,azure-disk-1327,storage,42.47,30.39,76.38,520.65,286.8,0.1325,running,normal,1,0,0.1050683475042258,LOW,No critical resource condition identified,Continue monitoring
2026-04-14 09:00:00,GCP,gcp-function-1328,storage,35.38,38.22,54.78,385.55,327.4,0.1079,running,normal,1,0,0.135731628436686,LOW,No critical resource condition identified,Continue monitoring
2026-04-14 12:00:00,AWS,aws-lambda-1329,compute,39.21,53.58,62.96,576.28,488.44,0.1494,running,normal,1,0,0.1527307228532743,LOW,No critical resource condition identified,Continue monitoring
2026-04-14 15:00:00,Azure,azure-sql-1330,compute,34.32,50.35,32.27,467.29,245.53,0.1111,running,normal,1,0,0.1153648061760698,LOW,No critical resource condition identified,Continue monitoring
2026-04-14 18:00:00,GCP,gcp-disk-1331,database,29.93,30.31,56.46,697.48,335.51,0.1166,running,normal,1,0,0.1088953725868526,LOW,No critical resource condition identified,Continue monitoring
2026-04-14 21:00:00,AWS,aws-ebs-1332,storage,80.4,93.99,5.0,432.45,284.97,0.2362,running,normal,-1,1,-0.061907696474308,LOW,No critical resource condition identified,Continue monitoring
2026-04-15 00:00:00,Azure,azure-vm-1333,database,42.97,33.6,44.56,542.66,210.6,0.1117,running,normal,1,0,0.1087222233327097,LOW,No critical resource condition identified,Continue monitoring
2026-04-15 03:00:00,GCP,gcp-disk-1334,database,42.53,42.84,58.96,769.1,492.79,0.1305,running,normal,1,0,0.1129700907299068,LOW,No critical resource condition identified,Continue monitoring
2026-04-15 06:00:00,AWS,aws-rds-1335,database,40.17,19.0,64.39,254.46,638.93,0.1506,running,normal,1,0,0.0667075496627518,LOW,No critical resource condition identified,Continue monitoring
2026-04-15 09:00:00,Azure,azure-function-1336,serverless,22.82,61.23,38.04,254.3,353.71,0.1184,running,normal,1,0,0.1037075855947695,LOW,No critical resource condition identified,Continue monitoring
2026-04-15 12:00:00,GCP,gcp-disk-1337,storage,1.64,6.78,21.5,740.78,237.36,0.3087,stopped,stopped_with_cost,-1,1,-0.0703893420909735,HIGH,Resource is stopped but still generating cost,Investigate billing and remove or right-size unused resources
2026-04-15 15:00:00,AWS,aws-ec2-1338,serverless,37.71,53.32,32.36,271.52,216.59,0.1324,running,normal,1,0,0.1112252793272564,LOW,No critical resource condition identified,Continue monitoring
2026-04-15 18:00:00,Azure,azure-disk-1339,serverless,44.17,77.29,70.44,344.67,176.5,0.1754,running,normal,1,0,0.0886016704509153,LOW,No critical resource condition identified,Continue monitoring
2026-04-15 21:00:00,GCP,gcp-function-1340,serverless,41.16,82.96,13.46,615.27,383.92,0.1731,running,normal,1,0,0.0560144866423046,LOW,No critical resource condition identified,Continue monitoring
2026-04-16 00:00:00,AWS,aws-rds-1341,compute,57.17,82.13,68.16,343.1,239.38,0.1726,running,normal,1,0,0.0874704722108961,LOW,No critical resource condition identified,Continue monitoring
2026-04-16 03:00:00,Azure,azure-disk-1342,storage,71.64,59.45,54.6,394.76,505.71,0.2028,running,normal,1,0,0.1181996154246896,LOW,No critical resource condition identified,Continue monitoring
2026-04-16 06:00:00,GCP,gcp-sql-1343,storage,42.41,35.63,60.0,438.48,478.23,0.1336,running,normal,1,0,0.1372450748564587,LOW,No critical resource condition identified,Continue monitoring
2026-04-16 09:00:00,AWS,aws-ec2-1344,storage,72.84,65.91,40.24,395.94,621.17,0.207,running,normal,1,0,0.08669095781451,LOW,No critical resource condition identified,Continue monitoring
2026-04-16 12:00:00,Azure,azure-vm-1345,storage,44.14,81.83,20.03,543.27,731.37,0.1876,running,normal,1,0,0.0220062858670634,LOW,No critical resource condition identified,Continue monitoring
2026-04-16 15:00:00,GCP,gcp-disk-1346,serverless,64.48,36.14,46.1,227.79,649.1,0.1905,running,normal,1,0,0.0733706463784652,LOW,No critical resource condition identified,Continue monitoring
2026-04-16 18:00:00,AWS,aws-ebs-1347,database,72.65,43.41,25.9,132.82,296.65,0.1605,running,normal,1,0,0.0634453358371765,LOW,No critical resource condition identified,Continue monitoring
2026-04-16 21:00:00,Azure,azure-disk-1348,serverless,38.24,56.4,33.53,461.73,707.34,0.1506,running,normal,1,0,0.0997148990878318,LOW,No critical resource condition identified,Continue monitoring
2026-04-17 00:00:00,GCP,gcp-sql-1349,serverless,72.36,41.41,69.01,427.83,497.85,0.2002,running,normal,1,0,0.1030987736361682,LOW,No critical resource condition identified,Continue monitoring
2026-04-17 03:00:00,AWS,aws-ebs-1350,compute,31.34,64.0,40.2,512.92,326.08,0.1457,running,normal,1,0,0.1355324567035768,LOW,No critical resource condition identified,Continue monitoring
2026-04-17 06:00:00,Azure,azure-vm-1351,serverless,45.8,40.28,46.9,474.12,301.38,0.1445,running,normal,1,0,0.1508221281874072,LOW,No critical resource condition identified,Continue monitoring
2026-04-17 09:00:00,GCP,gcp-function-1352,compute,64.06,54.92,71.44,93.73,20.0,0.1663,running,normal,1,0,0.0286413445152571,LOW,No critical resource condition identified,Continue monitoring
2026-04-17 12:00:00,AWS,aws-ebs-1353,compute,48.7,66.57,25.23,521.93,402.3,0.18,running,normal,1,0,0.1274223236953384,LOW,No critical resource condition identified,Continue monitoring
2026-04-17 15:00:00,Azure,azure-function-1354,serverless,2.77,9.87,32.19,583.71,390.45,1.1798,stopped,stopped_with_cost,-1,1,-0.1303831769023322,HIGH,Resource is stopped but still generating cost,Investigate billing and remove or right-size unused resources
2026-04-17 18:00:00,GCP,gcp-sql-1355,serverless,67.14,83.97,47.65,217.33,332.87,0.2091,running,normal,1,0,0.0603490349698305,LOW,No critical resource condition identified,Continue monitoring
2026-04-17 21:00:00,AWS,aws-ec2-1356,database,85.31,58.61,47.78,216.91,647.43,0.2233,running,normal,1,0,0.0245924556578348,LOW,No critical resource condition identified,Continue monitoring
2026-04-18 00:00:00,Azure,azure-disk-1357,compute,34.46,52.64,19.15,645.68,383.29,0.1618,running,normal,1,0,0.1007375614814131,LOW,No critical resource condition identified,Continue monitoring
2026-04-18 03:00:00,GCP,gcp-sql-1358,database,23.18,63.68,30.48,362.44,400.17,0.1328,running,normal,1,0,0.1163309619459811,LOW,No critical resource condition identified,Continue monitoring
2026-04-18 06:00:00,AWS,aws-ec2-1359,serverless,59.31,43.19,43.51,479.23,379.85,0.1552,running,normal,1,0,0.1426583053110905,LOW,No critical resource condition identified,Continue monitoring
2026-04-18 09:00:00,Azure,azure-function-1360,compute,26.08,43.26,20.37,619.45,385.22,0.1111,running,normal,1,0,0.0802871084151029,LOW,No critical resource condition identified,Continue monitoring
2026-04-18 12:00:00,GCP,gcp-disk-1361,database,23.34,31.4,18.8,257.98,617.17,0.0966,running,normal,1,0,0.0343184489351831,LOW,No critical resource condition identified,Continue monitoring
2026-04-18 15:00:00,AWS,aws-lambda-1362,database,58.67,31.53,48.78,459.51,772.45,0.1773,running,normal,1,0,0.077530429558823,LOW,No critical resource condition identified,Continue monitoring
2026-04-18 18:00:00,Azure,azure-sql-1363,serverless,83.49,20.67,31.15,407.36,333.27,0.1816,running,normal,1,0,0.0265265292233323,LOW,No critical resource condition identified,Continue monitoring
2026-04-18 21:00:00,GCP,gcp-sql-1364,database,19.39,46.4,68.92,444.57,243.3,0.0897,running,normal,1,0,0.0898709102605838,LOW,No critical resource condition identified,Continue monitoring
2026-04-19 00:00:00,AWS,aws-ec2-1365,database,48.69,24.77,64.26,470.8,430.37,0.1625,running,normal,1,0,0.1382654424920603,LOW,No critical resource condition identified,Continue monitoring
2026-04-19 03:00:00,Azure,azure-disk-1366,compute,35.14,46.53,46.18,300.47,76.31,0.1191,running,normal,1,0,0.093772550699303,LOW,No critical resource condition identified,Continue monitoring
2026-04-19 06:00:00,GCP,gcp-ce-1367,storage,66.59,85.2,63.19,698.85,522.68,0.2481,running,normal,1,0,0.0361340988810828,LOW,No critical resource condition identified,Continue monitoring
2026-04-19 09:00:00,AWS,aws-rds-1368,database,57.71,46.31,47.17,389.19,499.4,0.1606,running,normal,1,0,0.1450229223417056,LOW,No critical resource condition identified,Continue monitoring
2026-04-19 12:00:00,Azure,azure-vm-1369,database,76.02,46.03,57.11,712.4,448.05,0.2257,running,normal,1,0,0.0765303269770852,LOW,No critical resource condition identified,Continue monitoring
2026-04-19 15:00:00,GCP,gcp-disk-1370,storage,64.57,53.77,76.5,239.65,353.82,0.2034,running,normal,1,0,0.09589576487494,LOW,No critical resource condition identified,Continue monitoring
2026-04-19 18:00:00,AWS,aws-ebs-1371,serverless,54.58,85.45,16.34,739.73,310.48,0.1945,running,normal,1,0,0.0298172873684219,LOW,No critical resource condition identified,Continue monitoring
2026-04-19 21:00:00,Azure,azure-sql-1372,database,52.26,29.98,62.81,330.67,205.91,0.1352,running,normal,1,0,0.1113919023997284,LOW,No critical resource condition identified,Continue monitoring
2026-04-20 00:00:00,GCP,gcp-ce-1373,database,45.62,62.53,69.65,394.18,232.92,0.1621,running,normal,1,0,0.1340857498252852,LOW,No critical resource condition identified,Continue monitoring
2026-04-20 03:00:00,AWS,aws-lambda-1374,serverless,28.97,37.05,43.84,313.01,513.13,0.0955,running,normal,1,0,0.1016522937954904,LOW,No critical resource condition identified,Continue monitoring
2026-04-20 06:00:00,Azure,azure-sql-1375,compute,41.84,23.82,35.87,377.81,337.07,0.1284,running,normal,1,0,0.115232401324925,LOW,No critical resource condition identified,Continue monitoring
2026-04-20 09:00:00,GCP,gcp-sql-1376,compute,53.79,35.47,49.89,472.32,594.36,0.1514,running,normal,1,0,0.13339406259053,LOW,No critical resource condition identified,Continue monitoring
2026-04-20 12:00:00,AWS,aws-rds-1377,database,45.75,76.85,73.82,485.46,358.03,0.1846,running,normal,1,0,0.1249088223669651,LOW,No critical resource condition identified,Continue monitoring
2026-04-20 15:00:00,Azure,azure-disk-1378,database,46.41,42.7,38.81,231.65,489.05,0.1359,running,normal,1,0,0.123625903524862,LOW,No critical resource condition identified,Continue monitoring
2026-04-20 18:00:00,GCP,gcp-disk-1379,serverless,47.29,70.7,5.0,813.29,331.95,0.1825,running,normal,1,0,0.0228415844340506,LOW,No critical resource condition identified,Continue monitoring
2026-04-20 21:00:00,AWS,aws-ec2-1380,storage,49.93,67.95,58.38,766.96,483.57,0.2137,running,normal,1,0,0.1103770349330414,LOW,No critical resource condition identified,Continue monitoring
2026-04-21 00:00:00,Azure,azure-sql-1381,storage,92.0,39.66,77.91,454.82,569.77,0.2099,running,normal,1,0,0.0172933340628578,LOW,No critical resource condition identified,Continue monitoring
2026-04-21 03:00:00,GCP,gcp-sql-1382,compute,73.42,57.9,66.72,60.47,386.31,0.2015,running,normal,1,0,0.0673739846499442,LOW,No critical resource condition identified,Continue monitoring
2026-04-21 06:00:00,AWS,aws-ebs-1383,serverless,38.41,50.88,71.62,39.84,494.3,0.134,running,normal,1,0,0.0847372189716161,LOW,No critical resource condition identified,Continue monitoring
2026-04-21 09:00:00,Azure,azure-function-1384,database,67.09,68.7,45.3,607.63,538.89,0.2072,running,normal,1,0,0.1054973452197585,LOW,No critical resource condition identified,Continue monitoring
2026-04-21 12:00:00,GCP,gcp-ce-1385,compute,2.68,14.23,27.08,146.72,533.09,0.1649,running,underutilized,-1,1,-0.0009363249806083,MEDIUM,Resource has very low CPU and memory utilization,Consider right-sizing or reducing allocated capacity
2026-04-21 15:00:00,AWS,aws-lambda-1386,compute,41.93,56.84,72.78,210.7,491.17,0.1679,running,normal,1,0,0.124127962081201,LOW,No critical resource condition identified,Continue monitoring
2026-04-21 18:00:00,Azure,azure-vm-1387,serverless,52.53,56.21,59.65,551.03,242.88,0.1845,running,normal,1,0,0.147222360030213,LOW,No critical resource condition identified,Continue monitoring
2026-04-21 21:00:00,GCP,gcp-sql-1388,compute,18.11,47.93,51.89,243.97,342.38,0.0861,running,normal,1,0,0.0949698129061386,LOW,No critical resource condition identified,Continue monitoring
2026-04-22 00:00:00,AWS,aws-ebs-1389,database,15.38,56.33,46.87,542.95,337.35,0.1037,running,normal,1,0,0.1028017526501589,LOW,No critical resource condition identified,Continue monitoring
2026-04-22 03:00:00,Azure,azure-function-1390,serverless,45.34,52.66,44.19,373.8,343.78,0.1921,running,normal,1,0,0.1505485558519908,LOW,No critical resource condition identified,Continue monitoring
2026-04-22 06:00:00,GCP,gcp-ce-1391,storage,98.0,57.58,20.4,601.68,254.39,0.2538,running,normal,-1,1,-0.0265755446111563,LOW,No critical resource condition identified,Continue monitoring
2026-04-22 09:00:00,AWS,aws-lambda-1392,serverless,73.96,60.2,67.46,528.29,328.89,0.2154,running,normal,1,0,0.1041215043177825,LOW,No critical resource condition identified,Continue monitoring
2026-04-22 12:00:00,Azure,azure-function-1393,compute,77.43,65.31,52.24,495.27,421.96,0.198,running,normal,1,0,0.1008493289466588,LOW,No critical resource condition identified,Continue monitoring
2026-04-22 15:00:00,GCP,gcp-function-1394,storage,37.51,56.08,48.43,589.26,506.1,0.1555,running,normal,1,0,0.145492627225221,LOW,No critical resource condition identified,Continue monitoring
2026-04-22 18:00:00,AWS,aws-rds-1395,storage,42.45,48.54,41.15,362.09,647.05,0.1735,running,normal,1,0,0.1108705170448462,LOW,No critical resource condition identified,Continue monitoring
2026-04-22 21:00:00,Azure,azure-sql-1396,serverless,56.14,51.33,44.2,510.86,329.41,0.1759,running,normal,1,0,0.1507509876441621,LOW,No critical resource condition identified,Continue monitoring
2026-04-23 00:00:00,GCP,gcp-function-1397,database,33.86,62.78,29.87,346.94,315.37,0.1282,running,normal,1,0,0.1175444193458077,LOW,No critical resource condition identified,Continue monitoring
2026-04-23 03:00:00,AWS,aws-lambda-1398,compute,32.42,72.6,36.59,416.13,238.08,0.1623,running,normal,1,0,0.1146581748019869,LOW,No critical resource condition identified,Continue monitoring
2026-04-23 06:00:00,Azure,azure-sql-1399,database,54.68,51.32,37.51,303.31,606.38,0.1827,running,normal,1,0,0.1185883174021866,LOW,No critical resource condition identified,Continue monitoring
2026-04-23 09:00:00,GCP,gcp-ce-1400,serverless,39.6,29.69,51.55,375.21,247.59,0.1034,running,normal,1,0,0.1139175258513756,LOW,No critical resource condition identified,Continue monitoring
2026-04-23 12:00:00,AWS,aws-lambda-1401,serverless,43.47,34.24,61.01,438.2,492.3,0.1385,running,normal,1,0,0.1411136674105451,LOW,No critical resource condition identified,Continue monitoring
2026-04-23 15:00:00,Azure,azure-vm-1402,serverless,22.27,59.71,29.26,615.28,345.85,0.1463,running,normal,1,0,0.1037452865786133,LOW,No critical resource condition identified,Continue monitoring
2026-04-23 18:00:00,GCP,gcp-disk-1403,compute,51.86,71.07,81.33,457.45,694.04,0.1833,running,normal,1,0,0.0787217027421761,LOW,No critical resource condition identified,Continue monitoring
2026-04-23 21:00:00,AWS,aws-ec2-1404,storage,52.56,7.85,25.57,534.0,190.01,0.136,running,normal,1,0,0.0401064354353192,LOW,No critical resource condition identified,Continue monitoring
2026-04-24 00:00:00,Azure,azure-function-1405,serverless,27.56,41.46,28.68,431.78,416.33,0.1169,running,normal,1,0,0.1162116849570234,LOW,No critical resource condition identified,Continue monitoring
2026-04-24 03:00:00,GCP,gcp-sql-1406,database,70.05,31.26,49.46,662.96,581.02,0.1787,running,normal,1,0,0.0969699073198835,LOW,No critical resource condition identified,Continue monitoring
2026-04-24 06:00:00,AWS,aws-ebs-1407,storage,35.28,61.09,85.25,534.91,490.62,0.1624,running,normal,1,0,0.1212348780392054,LOW,No critical resource condition identified,Continue monitoring
2026-04-24 09:00:00,Azure,azure-disk-1408,database,26.7,39.38,99.25,404.41,281.57,0.1326,running,storage_pressure,1,0,0.0539369449492675,HIGH,Storage utilization is critically high,Clean up unused storage or increase storage capacity
2026-04-24 12:00:00,GCP,gcp-function-1409,storage,45.77,21.89,58.88,378.64,646.38,0.1276,running,normal,1,0,0.086487720150177,LOW,No critical resource condition identified,Continue monitoring
2026-04-24 15:00:00,AWS,aws-rds-1410,database,29.68,46.52,55.77,295.68,443.25,0.1231,running,normal,1,0,0.1370211846577174,LOW,No critical resource condition identified,Continue monitoring
2026-04-24 18:00:00,Azure,azure-disk-1411,storage,46.28,52.95,36.02,350.07,381.03,0.1557,running,normal,1,0,0.1489272258772609,LOW,No critical resource condition identified,Continue monitoring
2026-04-24 21:00:00,GCP,gcp-ce-1412,compute,12.33,36.85,42.4,295.9,660.67,0.0974,running,normal,1,0,0.0535461495809231,LOW,No critical resource condition identified,Continue monitoring
2026-04-25 00:00:00,AWS,aws-ec2-1413,database,44.72,28.13,44.6,281.34,355.62,0.0939,running,normal,1,0,0.1012097560469634,LOW,No critical resource condition identified,Continue monitoring
2026-04-25 03:00:00,Azure,azure-function-1414,storage,59.95,73.74,75.75,571.14,327.54,0.1813,running,normal,1,0,0.1121146516346368,LOW,No critical resource condition identified,Continue monitoring
2026-04-25 06:00:00,GCP,gcp-disk-1415,serverless,89.89,43.43,87.46,421.78,613.77,0.2457,running,normal,-1,1,-0.0324854907850186,LOW,No critical resource condition identified,Continue monitoring
2026-04-25 09:00:00,AWS,aws-ec2-1416,serverless,26.41,27.86,61.34,414.61,408.38,0.1167,running,normal,1,0,0.1213594098286434,LOW,No critical resource condition identified,Continue monitoring
2026-04-25 12:00:00,Azure,azure-vm-1417,serverless,38.72,59.58,60.41,696.74,383.22,0.1255,running,normal,1,0,0.1308016361128462,LOW,No critical resource condition identified,Continue monitoring
2026-04-25 15:00:00,GCP,gcp-sql-1418,compute,26.38,52.65,40.78,208.3,507.44,0.1176,running,normal,1,0,0.1047703254368451,LOW,No critical resource condition identified,Continue monitoring
2026-04-25 18:00:00,AWS,aws-ec2-1419,database,67.24,49.26,49.58,370.69,474.06,0.2074,running,normal,1,0,0.1212285177495186,LOW,No critical resource condition identified,Continue monitoring
2026-04-25 21:00:00,Azure,azure-function-1420,serverless,55.91,25.16,30.48,413.1,283.86,0.132,running,normal,1,0,0.0987476422873045,LOW,No critical resource condition identified,Continue monitoring
2026-04-26 00:00:00,GCP,gcp-sql-1421,compute,40.38,48.75,32.14,464.21,330.59,0.1618,running,normal,1,0,0.1433208567244659,LOW,No critical resource condition identified,Continue monitoring
2026-04-26 03:00:00,AWS,aws-lambda-1422,compute,3.57,8.36,46.19,227.59,382.7,0.1238,running,underutilized,1,0,0.0318271357660729,MEDIUM,Resource has very low CPU and memory utilization,Consider right-sizing or reducing allocated capacity
2026-04-26 06:00:00,Azure,azure-function-1423,storage,55.3,66.34,32.72,453.2,429.46,0.2069,running,normal,1,0,0.1296068022597034,LOW,No critical resource condition identified,Continue monitoring
2026-04-26 09:00:00,GCP,gcp-sql-1424,database,95.48,45.08,10.18,345.14,20.0,0.2202,running,normal,-1,1,-0.0644231829391823,LOW,No critical resource condition identified,Continue monitoring
2026-04-26 12:00:00,AWS,aws-ebs-1425,storage,36.53,66.63,13.0,212.12,363.5,0.1383,running,normal,1,0,0.0701213651989601,LOW,No critical resource condition identified,Continue monitoring
2026-04-26 15:00:00,Azure,azure-function-1426,compute,48.86,47.31,58.98,486.07,433.07,0.1378,running,normal,1,0,0.1546790591744137,LOW,No critical resource condition identified,Continue monitoring
2026-04-26 18:00:00,GCP,gcp-sql-1427,database,42.0,68.87,33.61,693.21,631.12,0.1859,running,normal,1,0,0.0880920712029337,LOW,No critical resource condition identified,Continue monitoring
2026-04-26 21:00:00,AWS,aws-ebs-1428,database,64.42,52.0,33.1,661.24,262.15,0.1803,running,normal,1,0,0.1057169203717979,LOW,No critical resource condition identified,Continue monitoring
2026-04-27 00:00:00,Azure,azure-function-1429,database,43.03,69.6,52.22,674.54,581.38,0.1755,running,normal,1,0,0.1169985903018645,LOW,No critical resource condition identified,Continue monitoring
2026-04-27 03:00:00,GCP,gcp-function-1430,serverless,58.74,22.1,41.47,510.93,635.13,0.1501,running,normal,1,0,0.0875185959355717,LOW,No critical resource condition identified,Continue monitoring
2026-04-27 06:00:00,AWS,aws-rds-1431,compute,51.32,47.22,68.99,306.15,419.23,0.1659,running,normal,1,0,0.1417511028075734,LOW,No critical resource condition identified,Continue monitoring
2026-04-27 09:00:00,Azure,azure-vm-1432,database,47.68,64.2,51.88,517.75,298.82,0.1598,running,normal,1,0,0.1513943963937713,LOW,No critical resource condition identified,Continue monitoring
2026-04-27 12:00:00,GCP,gcp-disk-1433,serverless,26.59,53.26,5.0,346.69,553.76,0.1286,running,normal,1,0,0.044256251232107,LOW,No critical resource condition identified,Continue monitoring
2026-04-27 15:00:00,AWS,aws-lambda-1434,storage,37.94,56.09,57.31,623.22,366.36,0.1491,running,normal,1,0,0.1475386156946639,LOW,No critical resource condition identified,Continue monitoring
2026-04-27 18:00:00,Azure,azure-function-1435,compute,22.29,16.74,26.3,721.56,356.71,0.1017,running,normal,1,0,0.0333555269542447,LOW,No critical resource condition identified,Continue monitoring
2026-04-27 21:00:00,GCP,gcp-sql-1436,storage,61.85,10.9,36.9,440.17,436.88,0.1381,running,normal,1,0,0.0668122665732894,LOW,No critical resource condition identified,Continue monitoring
2026-04-28 00:00:00,AWS,aws-ebs-1437,database,31.52,36.08,67.4,231.55,448.16,0.1221,running,normal,1,0,0.1108466447217654,LOW,No critical resource condition identified,Continue monitoring
2026-04-28 03:00:00,Azure,azure-disk-1438,serverless,59.24,46.9,56.69,179.47,20.0,0.166,running,normal,1,0,0.0557303712458076,LOW,No critical resource condition identified,Continue monitoring
2026-04-28 06:00:00,GCP,gcp-function-1439,database,35.55,76.82,38.8,525.76,495.14,0.191,running,normal,1,0,0.1189419138952685,LOW,No critical resource condition identified,Continue monitoring
2026-04-28 09:00:00,AWS,aws-rds-1440,database,18.03,77.94,56.43,531.55,898.67,0.1529,running,normal,1,0,0.0210506709975547,LOW,No critical resource condition identified,Continue monitoring
2026-04-28 12:00:00,Azure,azure-sql-1441,database,27.45,42.87,39.95,344.34,177.07,0.1398,running,normal,1,0,0.1112974622160051,LOW,No critical resource condition identified,Continue monitoring
2026-04-28 15:00:00,GCP,gcp-sql-1442,storage,58.64,58.48,53.51,573.3,421.43,0.1947,running,normal,1,0,0.1450927386226491,LOW,No critical resource condition identified,Continue monitoring
2026-04-28 18:00:00,AWS,aws-lambda-1443,storage,41.03,77.55,38.44,520.44,466.23,0.1642,running,normal,1,0,0.1292150426192386,LOW,No critical resource condition identified,Continue monitoring
2026-04-28 21:00:00,Azure,azure-sql-1444,serverless,36.14,23.75,34.97,497.92,602.55,0.1335,running,normal,1,0,0.0936178457961515,LOW,No critical resource condition identified,Continue monitoring
2026-04-29 00:00:00,GCP,gcp-disk-1445,database,34.95,58.16,47.72,415.32,383.64,0.1446,running,normal,1,0,0.1562110781078189,LOW,No critical resource condition identified,Continue monitoring
2026-04-29 03:00:00,AWS,aws-rds-1446,compute,64.54,66.92,61.34,128.41,578.66,0.1876,running,normal,1,0,0.0869098500930284,LOW,No critical resource condition identified,Continue monitoring
2026-04-29 06:00:00,Azure,azure-sql-1447,serverless,23.67,85.57,28.86,656.3,418.95,0.1492,running,normal,1,0,0.0525828881315706,LOW,No critical resource condition identified,Continue monitoring
2026-04-29 09:00:00,GCP,gcp-ce-1448,serverless,44.75,30.51,40.09,616.55,440.67,0.1204,running,normal,1,0,0.1179962604386989,LOW,No critical resource condition identified,Continue monitoring
2026-04-29 12:00:00,AWS,aws-ebs-1449,compute,35.24,63.44,44.66,240.18,695.65,0.1521,running,normal,1,0,0.0829596160385512,LOW,No critical resource condition identified,Continue monitoring
2026-04-29 15:00:00,Azure,azure-sql-1450,compute,66.24,40.55,17.1,327.84,612.28,0.1931,running,normal,1,0,0.0602033248861404,LOW,No critical resource condition identified,Continue monitoring
2026-04-29 18:00:00,GCP,gcp-sql-1451,storage,58.46,45.2,44.68,509.28,266.9,0.1694,running,normal,1,0,0.1376448089570235,LOW,No critical resource condition identified,Continue monitoring
2026-04-29 21:00:00,AWS,aws-rds-1452,storage,41.59,44.54,68.56,117.99,338.96,0.1299,running,normal,1,0,0.1022871518122569,LOW,No critical resource condition identified,Continue monitoring
2026-04-30 00:00:00,Azure,azure-sql-1453,database,77.33,61.92,39.8,493.14,343.35,0.2252,running,normal,1,0,0.0886136261755577,LOW,No critical resource condition identified,Continue monitoring
2026-04-30 03:00:00,GCP,gcp-disk-1454,database,53.2,72.06,5.0,697.4,377.58,0.1607,running,normal,1,0,0.0384383185922159,LOW,No critical resource condition identified,Continue monitoring
2026-04-30 06:00:00,AWS,aws-rds-1455,database,44.65,48.81,60.66,351.09,222.71,0.1413,running,normal,1,0,0.1336109871275223,LOW,No critical resource condition identified,Continue monitoring
2026-04-30 09:00:00,Azure,azure-sql-1456,serverless,30.8,66.23,35.57,293.45,313.22,0.1574,running,normal,1,0,0.1214421135815124,LOW,No critical resource condition identified,Continue monitoring
2026-04-30 12:00:00,GCP,gcp-function-1457,serverless,61.67,88.57,52.19,672.09,565.77,0.209,running,normal,1,0,0.0636484720168576,LOW,No critical resource condition identified,Continue monitoring
2026-04-30 15:00:00,AWS,aws-rds-1458,serverless,98.0,26.91,92.35,337.29,335.54,0.2007,running,storage_pressure,-1,1,-0.0247627132017966,HIGH,Storage utilization is critically high,Clean up unused storage or increase storage capacity
2026-04-30 18:00:00,Azure,azure-sql-1459,serverless,11.44,36.57,17.61,493.93,480.53,0.0998,running,normal,1,0,0.0520964449806671,LOW,No critical resource condition identified,Continue monitoring
2026-04-30 21:00:00,GCP,gcp-sql-1460,compute,36.54,29.51,62.84,597.24,551.82,0.1223,running,normal,1,0,0.1147959888786312,LOW,No critical resource condition identified,Continue monitoring
2026-05-01 00:00:00,AWS,aws-ebs-1461,database,56.76,40.8,43.52,20.0,351.69,0.1566,running,normal,1,0,0.0926211411944505,LOW,No critical resource condition identified,Continue monitoring
2026-05-01 03:00:00,Azure,azure-disk-1462,database,24.08,39.86,29.9,348.52,565.03,0.1384,running,normal,1,0,0.1043833437895722,LOW,No critical resource condition identified,Continue monitoring
2026-05-01 06:00:00,GCP,gcp-function-1463,storage,24.17,73.51,70.42,430.92,176.62,0.1176,running,normal,1,0,0.0816360032027153,LOW,No critical resource condition identified,Continue monitoring
2026-05-01 09:00:00,AWS,aws-rds-1464,storage,7.81,44.22,80.37,410.85,638.34,0.1078,running,normal,1,0,0.0390760451768445,LOW,No critical resource condition identified,Continue monitoring
2026-05-01 12:00:00,Azure,azure-disk-1465,storage,42.68,32.85,28.6,721.22,243.62,0.1558,running,normal,1,0,0.0908606580786138,LOW,No critical resource condition identified,Continue monitoring
2026-05-01 15:00:00,GCP,gcp-ce-1466,compute,55.11,39.23,59.36,81.64,470.35,0.1181,running,normal,1,0,0.0904960618749758,LOW,No critical resource condition identified,Continue monitoring
2026-05-01 18:00:00,AWS,aws-ec2-1467,compute,56.2,26.63,24.61,326.04,429.79,0.1202,running,normal,1,0,0.0917264152150679,LOW,No critical resource condition identified,Continue monitoring
2026-05-01 21:00:00,Azure,azure-function-1468,storage,39.91,59.46,52.47,352.5,90.21,0.1483,running,normal,1,0,0.106877451030926,LOW,No critical resource condition identified,Continue monitoring
2026-05-02 00:00:00,GCP,gcp-function-1469,storage,53.62,75.51,47.24,549.73,168.88,0.1889,running,normal,1,0,0.1099992485574478,LOW,No critical resource condition identified,Continue monitoring
2026-05-02 03:00:00,AWS,aws-ebs-1470,database,35.27,45.65,69.18,433.43,222.59,0.1708,running,normal,1,0,0.1296584747660992,LOW,No critical resource condition identified,Continue monitoring
2026-05-02 06:00:00,Azure,azure-disk-1471,database,51.24,54.82,44.21,416.74,362.41,0.1496,running,normal,1,0,0.1538091871161432,LOW,No critical resource condition identified,Continue monitoring
2026-05-02 09:00:00,GCP,gcp-function-1472,database,55.74,43.98,40.9,368.02,152.02,0.1568,running,normal,1,0,0.1118481413359732,LOW,No critical resource condition identified,Continue monitoring
2026-05-02 12:00:00,AWS,aws-lambda-1473,serverless,23.46,39.61,30.03,709.66,260.89,0.1247,running,normal,1,0,0.078777866844495,LOW,No critical resource condition identified,Continue monitoring
2026-05-02 15:00:00,Azure,azure-vm-1474,database,3.88,7.02,65.2,223.09,462.72,0.7455,stopped,stopped_with_cost,-1,1,-0.1050170947694922,HIGH,Resource is stopped but still generating cost,Investigate billing and remove or right-size unused resources
2026-05-02 18:00:00,GCP,gcp-function-1475,compute,94.69,87.92,60.98,1596.91,1231.72,0.1202,running,high_cpu_and_traffic,-1,1,-0.1573131130850511,HIGH,High CPU and network traffic,Investigate workload and consider scaling resources
2026-05-02 21:00:00,AWS,aws-ebs-1476,storage,57.12,46.57,71.04,372.23,731.1,0.2068,running,normal,1,0,0.0734970262170559,LOW,No critical resource condition identified,Continue monitoring
2026-05-03 00:00:00,Azure,azure-disk-1477,serverless,99.06,77.88,21.76,1444.46,1058.45,0.1716,running,high_cpu_and_traffic,-1,1,-0.1350958805359313,HIGH,High CPU and network traffic,Investigate workload and consider scaling resources
2026-05-03 03:00:00,GCP,gcp-function-1478,compute,55.38,57.12,18.05,556.32,500.7,0.1986,running,normal,1,0,0.1028820063415134,LOW,No critical resource condition identified,Continue monitoring
2026-05-03 06:00:00,AWS,aws-lambda-1479,compute,38.01,36.64,51.45,452.41,362.55,0.148,running,normal,1,0,0.1494699233738314,LOW,No critical resource condition identified,Continue monitoring
2026-05-03 09:00:00,Azure,azure-disk-1480,compute,26.56,43.51,23.43,441.26,373.52,0.1092,running,normal,1,0,0.1049171692540426,LOW,No critical resource condition identified,Continue monitoring
2026-05-03 12:00:00,GCP,gcp-function-1481,storage,64.13,46.49,47.52,348.7,398.87,0.189,running,normal,1,0,0.1365540494881365,LOW,No critical resource condition identified,Continue monitoring
2026-05-03 15:00:00,AWS,aws-ebs-1482,compute,30.37,63.66,36.4,603.3,409.76,0.1696,running,normal,1,0,0.130742435801577,LOW,No critical resource condition identified,Continue monitoring
2026-05-03 18:00:00,Azure,azure-function-1483,storage,33.91,25.08,20.35,561.88,399.33,0.113,running,normal,1,0,0.0796977371799784,LOW,No critical resource condition identified,Continue monitoring
2026-05-03 21:00:00,GCP,gcp-ce-1484,compute,74.71,36.76,21.56,593.29,365.48,0.2212,running,normal,1,0,0.0499621626797478,LOW,No critical resource condition identified,Continue monitoring
2026-05-04 00:00:00,AWS,aws-lambda-1485,compute,64.48,40.62,33.14,583.45,491.98,0.1596,running,normal,1,0,0.121016116276664,LOW,No critical resource condition identified,Continue monitoring
2026-05-04 03:00:00,Azure,azure-disk-1486,compute,55.72,45.29,44.76,145.54,224.3,0.15,running,normal,1,0,0.104990158278278,LOW,No critical resource condition identified,Continue monitoring
2026-05-04 06:00:00,GCP,gcp-sql-1487,storage,55.5,90.85,47.6,650.77,267.2,0.1792,running,normal,1,0,0.06813426510564,LOW,No critical resource condition identified,Continue monitoring
2026-05-04 09:00:00,AWS,aws-ebs-1488,database,45.26,35.95,8.91,762.48,313.99,0.1236,running,normal,1,0,0.0384989239265175,LOW,No critical resource condition identified,Continue monitoring
2026-05-04 12:00:00,Azure,azure-disk-1489,serverless,64.62,36.8,37.18,512.07,494.92,0.188,running,normal,1,0,0.1170714597136709,LOW,No critical resource condition identified,Continue monitoring
2026-05-04 15:00:00,GCP,gcp-sql-1490,compute,58.42,53.61,45.15,189.85,495.87,0.1749,running,normal,1,0,0.1195404472162229,LOW,No critical resource condition identified,Continue monitoring
2026-05-04 18:00:00,AWS,aws-rds-1491,storage,19.3,79.59,47.55,507.15,336.79,0.1145,running,normal,1,0,0.0780219763053679,LOW,No critical resource condition identified,Continue monitoring
2026-05-04 21:00:00,Azure,azure-disk-1492,compute,57.17,46.44,5.0,172.5,728.32,0.1545,running,normal,-1,1,-0.0041035344469123,LOW,No critical resource condition identified,Continue monitoring
2026-05-05 00:00:00,GCP,gcp-sql-1493,database,41.72,61.25,31.6,736.6,412.12,0.1715,running,normal,1,0,0.1115990223245127,LOW,No critical resource condition identified,Continue monitoring
2026-05-05 03:00:00,AWS,aws-lambda-1494,storage,73.42,47.64,82.59,339.91,522.26,0.2028,running,normal,1,0,0.0750454493436055,LOW,No critical resource condition identified,Continue monitoring
2026-05-05 06:00:00,Azure,azure-function-1495,serverless,45.13,34.64,55.16,476.33,388.39,0.1417,running,normal,1,0,0.1526376959383801,LOW,No critical resource condition identified,Continue monitoring
2026-05-05 09:00:00,GCP,gcp-ce-1496,compute,47.52,38.41,98.0,196.32,306.44,0.1345,running,normal,1,0,0.0528462232391802,HIGH,Storage utilization exceeds 90%,Review storage usage and increase capacity if required
2026-05-05 12:00:00,AWS,aws-ec2-1497,compute,7.87,8.37,54.67,672.54,594.53,0.1712,running,underutilized,1,0,0.0179295715737092,MEDIUM,Resource has very low CPU and memory utilization,Consider right-sizing or reducing allocated capacity
2026-05-05 15:00:00,Azure,azure-disk-1498,storage,41.65,19.66,56.1,144.62,423.73,0.1012,running,normal,1,0,0.078052737396912,LOW,No critical resource condition identified,Continue monitoring
2026-05-05 18:00:00,GCP,gcp-function-1499,compute,55.58,70.69,79.19,310.89,639.84,0.167,running,normal,1,0,0.0805261360582895,LOW,No critical resource condition identified,Continue monitoring
2026-05-05 21:00:00,AWS,aws-lambda-1500,serverless,28.25,61.06,66.9,614.75,434.38,0.1442,running,normal,1,0,0.1370848883028285,LOW,No critical resource condition identified,Continue monitoring
2026-05-06 00:00:00,Azure,azure-vm-1501,compute,54.74,53.67,64.86,157.1,379.0,0.145,running,normal,1,0,0.1206853798092668,LOW,No critical resource condition identified,Continue monitoring
2026-05-06 03:00:00,GCP,gcp-ce-1502,compute,36.47,52.29,63.13,77.81,316.46,0.1399,running,normal,1,0,0.109322802286255,LOW,No critical resource condition identified,Continue monitoring
2026-05-06 06:00:00,AWS,aws-rds-1503,database,64.82,68.05,55.49,608.8,434.42,0.2109,running,normal,1,0,0.1199756900279437,LOW,No critical resource condition identified,Continue monitoring
2026-05-06 09:00:00,Azure,azure-vm-1504,compute,33.62,72.74,78.43,698.38,334.7,0.145,running,normal,1,0,0.0931587242708877,LOW,No critical resource condition identified,Continue monitoring
2026-05-06 12:00:00,GCP,gcp-ce-1505,compute,50.91,38.59,56.51,254.65,501.45,0.1731,running,normal,1,0,0.1264691266261045,LOW,No critical resource condition identified,Continue monitoring
2026-05-06 15:00:00,AWS,aws-rds-1506,serverless,20.12,53.55,90.79,293.65,390.53,0.1379,running,normal,1,0,0.082325390725273,HIGH,Storage utilization exceeds 90%,Review storage usage and increase capacity if required
2026-05-06 18:00:00,Azure,azure-disk-1507,serverless,31.81,32.18,72.48,234.74,368.52,0.1145,running,normal,1,0,0.0985148621998144,LOW,No critical resource condition identified,Continue monitoring
2026-05-06 21:00:00,GCP,gcp-ce-1508,storage,53.23,42.76,72.3,1174.65,510.61,0.1792,running,normal,1,0,0.0364922268603782,LOW,No critical resource condition identified,Continue monitoring
2026-05-07 00:00:00,AWS,aws-rds-1509,serverless,41.15,40.38,47.68,770.04,599.55,0.149,running,normal,1,0,0.103617783300855,LOW,No critical resource condition identified,Continue monitoring
2026-05-07 03:00:00,Azure,azure-sql-1510,storage,44.12,18.92,62.25,634.62,20.0,0.112,running,normal,1,0,0.0273719016050199,LOW,No critical resource condition identified,Continue monitoring
2026-05-07 06:00:00,GCP,gcp-sql-1511,database,35.72,35.02,62.54,365.7,486.73,0.112,running,normal,1,0,0.1250048427442853,LOW,No critical resource condition identified,Continue monitoring
2026-05-07 09:00:00,AWS,aws-rds-1512,serverless,49.55,66.6,37.35,306.88,617.72,0.1532,running,normal,1,0,0.1082449926150676,LOW,No critical resource condition identified,Continue monitoring
2026-05-07 12:00:00,Azure,azure-disk-1513,compute,60.48,37.62,31.67,412.19,192.79,0.1485,running,normal,1,0,0.0992335822953983,LOW,No critical resource condition identified,Continue monitoring
2026-05-07 15:00:00,GCP,gcp-disk-1514,database,26.11,62.17,57.09,721.78,491.06,0.159,running,normal,1,0,0.1196539121340843,LOW,No critical resource condition identified,Continue monitoring
2026-05-07 18:00:00,AWS,aws-rds-1515,serverless,21.83,47.81,47.22,406.13,471.02,0.1281,running,normal,1,0,0.1315701312432388,LOW,No critical resource condition identified,Continue monitoring
2026-05-07 21:00:00,Azure,azure-function-1516,database,31.76,69.75,54.99,266.65,369.01,0.12,running,normal,1,0,0.1147966166078006,LOW,No critical resource condition identified,Continue monitoring
2026-05-08 00:00:00,GCP,gcp-ce-1517,compute,41.43,39.66,79.69,241.89,513.02,0.1718,running,normal,1,0,0.0990948098192705,LOW,No critical resource condition identified,Continue monitoring
2026-05-08 03:00:00,AWS,aws-lambda-1518,database,24.59,25.48,39.77,326.34,284.87,0.0946,running,normal,1,0,0.0913462047473374,LOW,No critical resource condition identified,Continue monitoring
2026-05-08 06:00:00,Azure,azure-disk-1519,storage,22.72,37.72,44.81,414.81,693.83,0.1199,running,normal,1,0,0.0808479573030019,LOW,No critical resource condition identified,Continue monitoring
2026-05-08 09:00:00,GCP,gcp-sql-1520,serverless,54.82,47.75,23.73,766.45,228.82,0.1802,running,normal,1,0,0.0789152129267407,LOW,No critical resource condition identified,Continue monitoring
2026-05-08 12:00:00,AWS,aws-rds-1521,compute,75.72,60.11,36.83,649.08,299.02,0.2131,running,normal,1,0,0.0809168268598488,LOW,No critical resource condition identified,Continue monitoring
2026-05-08 15:00:00,Azure,azure-function-1522,serverless,45.92,56.63,13.95,539.51,268.89,0.1796,running,normal,1,0,0.0938766114265107,LOW,No critical resource condition identified,Continue monitoring
2026-05-08 18:00:00,GCP,gcp-disk-1523,database,46.36,33.51,73.38,450.1,375.73,0.1517,running,normal,1,0,0.1339935891587583,LOW,No critical resource condition identified,Continue monitoring
2026-05-08 21:00:00,AWS,aws-lambda-1524,database,52.35,30.21,26.0,600.62,484.01,0.1356,running,normal,1,0,0.1056578179252543,LOW,No critical resource condition identified,Continue monitoring
2026-05-09 00:00:00,Azure,azure-function-1525,storage,93.18,91.47,39.58,1551.7,1534.15,0.2032,running,high_cpu_and_traffic,-1,1,-0.1750405278929859,HIGH,High CPU and network traffic,Investigate workload and consider scaling resources
2026-05-09 03:00:00,GCP,gcp-function-1526,storage,39.67,42.33,52.64,523.95,431.74,0.1248,running,normal,1,0,0.1400123506223569,LOW,No critical resource condition identified,Continue monitoring
2026-05-09 06:00:00,AWS,aws-rds-1527,database,71.49,52.74,39.77,490.38,218.11,0.2132,running,normal,1,0,0.0980518109253036,LOW,No critical resource condition identified,Continue monitoring
2026-05-09 09:00:00,Azure,azure-function-1528,database,42.0,40.51,74.23,413.6,424.86,0.1508,running,normal,1,0,0.1364773553738794,LOW,No critical resource condition identified,Continue monitoring
2026-05-09 12:00:00,GCP,gcp-disk-1529,database,49.94,22.03,53.05,441.76,420.79,0.1403,running,normal,1,0,0.1283374921604874,LOW,No critical resource condition identified,Continue monitoring
2026-05-09 15:00:00,AWS,aws-rds-1530,serverless,23.77,43.84,61.33,536.57,473.5,0.1622,running,normal,1,0,0.1265166846661399,LOW,No critical resource condition identified,Continue monitoring
2026-05-09 18:00:00,Azure,azure-sql-1531,database,39.47,32.13,41.71,578.15,465.09,0.1418,running,normal,1,0,0.1333054438183109,LOW,No critical resource condition identified,Continue monitoring
2026-05-09 21:00:00,GCP,gcp-function-1532,storage,41.76,63.04,64.81,268.88,521.97,0.1491,running,normal,1,0,0.1281724574717899,LOW,No critical resource condition identified,Continue monitoring
2026-05-10 00:00:00,AWS,aws-lambda-1533,compute,6.44,7.11,51.57,559.19,260.17,0.1891,running,underutilized,1,0,0.0343410724722148,MEDIUM,Resource has very low CPU and memory utilization,Consider right-sizing or reducing allocated capacity
2026-05-10 03:00:00,Azure,azure-disk-1534,serverless,34.23,60.2,54.29,198.54,483.07,0.1219,running,normal,1,0,0.1201346445446582,LOW,No critical resource condition identified,Continue monitoring
2026-05-10 06:00:00,GCP,gcp-disk-1535,database,45.15,26.7,50.45,616.85,270.89,0.1277,running,normal,1,0,0.1183521126367121,LOW,No critical resource condition identified,Continue monitoring
2026-05-10 09:00:00,AWS,aws-ec2-1536,compute,2.0,86.28,58.57,575.45,377.03,0.0932,running,normal,1,0,0.0128420261780672,LOW,No critical resource condition identified,Continue monitoring
2026-05-10 12:00:00,Azure,azure-disk-1537,compute,54.79,46.06,52.76,310.5,538.3,0.1482,running,normal,1,0,0.1393080941209611,LOW,No critical resource condition identified,Continue monitoring
2026-05-10 15:00:00,GCP,gcp-ce-1538,serverless,74.39,72.96,46.31,659.98,384.61,0.1975,running,normal,1,0,0.082958635726197,LOW,No critical resource condition identified,Continue monitoring
2026-05-10 18:00:00,AWS,aws-rds-1539,serverless,44.44,27.95,36.28,122.19,551.21,0.1084,running,normal,1,0,0.0713894027571887,LOW,No critical resource condition identified,Continue monitoring
2026-05-10 21:00:00,Azure,azure-function-1540,database,19.32,54.29,41.32,600.87,197.18,0.107,running,normal,1,0,0.0849661931451024,LOW,No critical resource condition identified,Continue monitoring
2026-05-11 00:00:00,GCP,gcp-sql-1541,serverless,5.68,82.37,89.67,466.69,268.19,0.1146,running,normal,1,0,0.0011789745329998,LOW,No critical resource condition identified,Continue monitoring
2026-05-11 03:00:00,AWS,aws-ebs-1542,serverless,49.28,49.77,36.62,355.29,446.93,0.1451,running,normal,1,0,0.1420176490227175,LOW,No critical resource condition identified,Continue monitoring
2026-05-11 06:00:00,Azure,azure-vm-1543,storage,98.94,75.86,44.64,1198.11,1306.54,0.1684,running,high_cpu_and_traffic,-1,1,-0.1332647939011164,HIGH,High CPU and network traffic,Investigate workload and consider scaling resources
2026-05-11 09:00:00,GCP,gcp-sql-1544,storage,41.17,55.97,51.69,731.84,471.76,0.1805,running,normal,1,0,0.1292747622685737,LOW,No critical resource condition identified,Continue monitoring
2026-05-11 12:00:00,AWS,aws-ebs-1545,serverless,40.94,29.14,57.67,380.54,292.51,0.1357,running,normal,1,0,0.1318201945639351,LOW,No critical resource condition identified,Continue monitoring
2026-05-11 15:00:00,Azure,azure-disk-1546,database,36.39,70.86,40.15,563.74,428.73,0.1723,running,normal,1,0,0.1382214200579115,LOW,No critical resource condition identified,Continue monitoring
2026-05-11 18:00:00,GCP,gcp-ce-1547,serverless,63.16,48.42,63.79,574.24,276.27,0.1668,running,normal,1,0,0.1342875068797581,LOW,No critical resource condition identified,Continue monitoring
2026-05-11 21:00:00,AWS,aws-ebs-1548,compute,61.86,46.79,68.47,526.19,446.08,0.1741,running,normal,1,0,0.1383911697558855,LOW,No critical resource condition identified,Continue monitoring
2026-05-12 00:00:00,Azure,azure-function-1549,serverless,44.02,59.56,48.93,472.43,675.75,0.1847,running,normal,1,0,0.1177780873981733,LOW,No critical resource condition identified,Continue monitoring
2026-05-12 03:00:00,GCP,gcp-sql-1550,storage,32.37,46.89,54.19,603.11,519.88,0.1219,running,normal,1,0,0.1286356357562746,LOW,No critical resource condition identified,Continue monitoring
2026-05-12 06:00:00,AWS,aws-rds-1551,serverless,27.23,74.05,77.27,497.47,513.41,0.1618,running,normal,1,0,0.1054546016516002,LOW,No critical resource condition identified,Continue monitoring
2026-05-12 09:00:00,Azure,azure-vm-1552,database,21.1,86.18,69.31,358.29,235.26,0.15,running,normal,1,0,0.0505066955855854,LOW,No critical resource condition identified,Continue monitoring
2026-05-12 12:00:00,GCP,gcp-sql-1553,database,58.38,39.8,25.68,519.45,314.66,0.1683,running,normal,1,0,0.1121416465134907,LOW,No critical resource condition identified,Continue monitoring
2026-05-12 15:00:00,AWS,aws-lambda-1554,compute,57.87,60.91,32.23,239.71,402.52,0.1868,running,normal,1,0,0.1160696315529222,LOW,No critical resource condition identified,Continue monitoring
2026-05-12 18:00:00,Azure,azure-disk-1555,compute,50.36,77.04,52.1,156.03,432.51,0.2096,running,normal,1,0,0.0875791932520772,LOW,No critical resource condition identified,Continue monitoring
2026-05-12 21:00:00,GCP,gcp-ce-1556,storage,93.25,88.78,51.89,1442.79,1104.81,0.1733,running,high_cpu_and_traffic,-1,1,-0.1301373563524881,HIGH,High CPU and network traffic,Investigate workload and consider scaling resources
2026-05-13 00:00:00,AWS,aws-rds-1557,database,53.25,62.36,39.74,406.02,557.54,0.2092,running,normal,1,0,0.1287439566332462,LOW,No critical resource condition identified,Continue monitoring
2026-05-13 03:00:00,Azure,azure-sql-1558,compute,45.63,53.77,32.93,189.33,219.71,0.1504,running,normal,1,0,0.1112026648931621,LOW,No critical resource condition identified,Continue monitoring
2026-05-13 06:00:00,GCP,gcp-disk-1559,compute,44.33,44.27,24.54,383.37,348.65,0.1373,running,normal,1,0,0.1232372042142744,LOW,No critical resource condition identified,Continue monitoring
2026-05-13 09:00:00,AWS,aws-rds-1560,database,9.26,50.06,49.92,522.76,313.76,0.0869,running,normal,1,0,0.0908831900367137,LOW,No critical resource condition identified,Continue monitoring
2026-05-13 12:00:00,Azure,azure-sql-1561,serverless,72.92,44.16,46.94,895.58,368.84,0.2083,running,normal,1,0,0.0619814058816938,LOW,No critical resource condition identified,Continue monitoring
2026-05-13 15:00:00,GCP,gcp-sql-1562,serverless,50.21,53.49,50.01,346.32,452.08,0.1945,running,normal,1,0,0.1521703662589346,LOW,No critical resource condition identified,Continue monitoring
2026-05-13 18:00:00,AWS,aws-rds-1563,storage,60.4,34.35,42.79,620.61,637.95,0.1617,running,normal,1,0,0.1077726217604307,LOW,No critical resource condition identified,Continue monitoring
2026-05-13 21:00:00,Azure,azure-function-1564,compute,46.73,82.82,52.14,494.31,351.12,0.1974,running,normal,1,0,0.1162164359367459,LOW,No critical resource condition identified,Continue monitoring
2026-05-14 00:00:00,GCP,gcp-ce-1565,compute,38.66,66.47,45.41,361.19,561.53,0.1762,running,normal,1,0,0.135734268239378,LOW,No critical resource condition identified,Continue monitoring
2026-05-14 03:00:00,AWS,aws-ec2-1566,storage,23.25,33.88,50.48,455.65,245.3,0.0953,running,normal,1,0,0.1113253813498015,LOW,No critical resource condition identified,Continue monitoring
2026-05-14 06:00:00,Azure,azure-function-1567,compute,9.58,31.79,10.74,525.42,111.56,0.083,running,normal,-1,1,-0.0022473380667056,LOW,No critical resource condition identified,Continue monitoring
2026-05-14 09:00:00,GCP,gcp-ce-1568,compute,12.49,55.37,28.22,235.24,381.84,0.1238,running,normal,1,0,0.0821279904704283,LOW,No critical resource condition identified,Continue monitoring
2026-05-14 12:00:00,AWS,aws-ebs-1569,storage,57.69,9.61,32.94,301.7,412.53,0.1355,running,normal,1,0,0.0649064931953125,LOW,No critical resource condition identified,Continue monitoring
2026-05-14 15:00:00,Azure,azure-sql-1570,serverless,45.4,59.72,50.99,398.82,464.28,0.1755,running,normal,1,0,0.1571910162149291,LOW,No critical resource condition identified,Continue monitoring
2026-05-14 18:00:00,GCP,gcp-function-1571,serverless,65.91,30.15,84.09,208.95,344.74,0.1498,running,normal,1,0,0.0674305747823895,LOW,No critical resource condition identified,Continue monitoring
2026-05-14 21:00:00,AWS,aws-lambda-1572,storage,35.98,43.33,49.91,390.88,378.74,0.0811,running,normal,1,0,0.1202201199149847,LOW,No critical resource condition identified,Continue monitoring
2026-05-15 00:00:00,Azure,azure-function-1573,storage,63.69,73.56,44.25,596.92,223.75,0.2123,running,normal,1,0,0.0931849898895994,LOW,No critical resource condition identified,Continue monitoring
2026-05-15 03:00:00,GCP,gcp-disk-1574,storage,41.66,75.21,51.62,719.37,280.2,0.1884,running,normal,1,0,0.1082114873613397,LOW,No critical resource condition identified,Continue monitoring
2026-05-15 06:00:00,AWS,aws-ec2-1575,database,48.9,61.91,53.01,316.95,540.85,0.196,running,normal,1,0,0.138348229625555,LOW,No critical resource condition identified,Continue monitoring
2026-05-15 09:00:00,Azure,azure-function-1576,compute,53.99,44.04,45.38,550.11,326.98,0.1597,running,normal,1,0,0.1471244529689114,LOW,No critical resource condition identified,Continue monitoring
2026-05-15 12:00:00,GCP,gcp-function-1577,compute,45.54,27.76,24.08,475.06,219.29,0.111,running,normal,1,0,0.0867081518290332,LOW,No critical resource condition identified,Continue monitoring
2026-05-15 15:00:00,AWS,aws-rds-1578,storage,38.37,55.29,51.76,558.44,496.76,0.1138,running,normal,1,0,0.133474378242002,LOW,No critical resource condition identified,Continue monitoring
2026-05-15 18:00:00,Azure,azure-vm-1579,database,37.61,50.65,63.01,464.57,641.27,0.166,running,normal,1,0,0.1278489328494108,LOW,No critical resource condition identified,Continue monitoring
2026-05-15 21:00:00,GCP,gcp-ce-1580,compute,2.0,44.12,20.93,489.82,424.46,0.097,running,normal,1,0,0.038090038922198,LOW,No critical resource condition identified,Continue monitoring
2026-05-16 00:00:00,AWS,aws-lambda-1581,storage,86.05,54.18,21.8,348.83,340.36,0.2251,running,normal,1,0,0.0229213693201442,LOW,No critical resource condition identified,Continue monitoring
2026-05-16 03:00:00,Azure,azure-vm-1582,compute,42.1,41.93,64.23,565.44,586.65,0.1448,running,normal,1,0,0.1293365701380135,LOW,No critical resource condition identified,Continue monitoring
2026-05-16 06:00:00,GCP,gcp-sql-1583,serverless,20.01,28.15,48.18,666.43,303.66,0.0948,running,normal,1,0,0.0842403530955078,LOW,No critical resource condition identified,Continue monitoring
2026-05-16 09:00:00,AWS,aws-ebs-1584,storage,36.4,40.4,21.09,347.09,588.39,0.137,running,normal,1,0,0.0953308024999756,LOW,No critical resource condition identified,Continue monitoring
2026-05-16 12:00:00,Azure,azure-sql-1585,storage,34.47,75.56,76.07,460.08,160.23,0.1889,running,normal,1,0,0.0860391249377824,LOW,No critical resource condition identified,Continue monitoring
2026-05-16 15:00:00,GCP,gcp-ce-1586,compute,62.21,62.64,74.22,330.78,450.96,0.1713,running,normal,1,0,0.1238916469320974,LOW,No critical resource condition identified,Continue monitoring
2026-05-16 18:00:00,AWS,aws-ec2-1587,storage,62.2,55.06,45.07,404.82,261.08,0.1925,running,normal,1,0,0.133938695881159,LOW,No critical resource condition identified,Continue monitoring
2026-05-16 21:00:00,Azure,azure-sql-1588,database,54.96,57.78,48.16,175.21,191.74,0.1543,running,normal,1,0,0.1058943104197173,LOW,No critical resource condition identified,Continue monitoring
2026-05-17 00:00:00,GCP,gcp-disk-1589,compute,51.62,49.46,5.0,121.7,399.63,0.187,running,normal,1,0,0.0277929707081797,LOW,No critical resource condition identified,Continue monitoring
2026-05-17 03:00:00,AWS,aws-rds-1590,storage,36.36,50.99,72.29,387.73,289.58,0.1602,running,normal,1,0,0.1408841697302139,LOW,No critical resource condition identified,Continue monitoring
2026-05-17 06:00:00,Azure,azure-function-1591,serverless,32.67,75.32,53.47,528.26,421.06,0.1507,running,normal,1,0,0.1323759329207189,LOW,No critical resource condition identified,Continue monitoring
2026-05-17 09:00:00,GCP,gcp-disk-1592,serverless,62.27,46.34,18.07,147.7,123.73,0.1752,running,normal,1,0,0.0398651621597727,LOW,No critical resource condition identified,Continue monitoring
2026-05-17 12:00:00,AWS,aws-ec2-1593,compute,47.46,48.84,56.77,478.49,20.0,0.1454,running,normal,1,0,0.0844608376361561,LOW,No critical resource condition identified,Continue monitoring
2026-05-17 15:00:00,Azure,azure-function-1594,compute,0.04,7.05,41.01,168.1,643.18,0.3183,stopped,stopped_with_cost,-1,1,-0.0583265382573867,HIGH,Resource is stopped but still generating cost,Investigate billing and remove or right-size unused resources
2026-05-17 18:00:00,GCP,gcp-disk-1595,serverless,53.22,43.71,63.34,596.89,369.5,0.1589,running,normal,1,0,0.1441041984554211,LOW,No critical resource condition identified,Continue monitoring
2026-05-17 21:00:00,AWS,aws-lambda-1596,compute,31.51,45.26,55.02,537.59,316.42,0.1588,running,normal,1,0,0.1477978953498834,LOW,No critical resource condition identified,Continue monitoring
2026-05-18 00:00:00,Azure,azure-sql-1597,database,76.66,41.92,46.23,224.4,372.42,0.1681,running,normal,1,0,0.0912670808593383,LOW,No critical resource condition identified,Continue monitoring
2026-05-18 03:00:00,GCP,gcp-function-1598,storage,40.01,48.19,63.23,245.56,432.67,0.1526,running,normal,1,0,0.134764450702965,LOW,No critical resource condition identified,Continue monitoring
2026-05-18 06:00:00,AWS,aws-ec2-1599,database,14.87,47.88,24.73,707.62,214.86,0.0843,running,normal,1,0,0.0313789112122159,LOW,No critical resource condition identified,Continue monitoring
2026-05-18 09:00:00,Azure,azure-sql-1600,compute,17.92,59.46,8.17,263.48,307.97,0.1279,running,normal,1,0,0.0409307251151432,LOW,No critical resource condition identified,Continue monitoring
2026-05-18 12:00:00,GCP,gcp-function-1601,database,42.24,6.31,55.82,714.7,597.41,0.1316,running,normal,1,0,0.0446517500445864,LOW,No critical resource condition identified,Continue monitoring
2026-05-18 15:00:00,AWS,aws-lambda-1602,compute,79.81,24.5,25.04,619.66,331.01,0.1706,running,normal,1,0,0.0321271534762649,LOW,No critical resource condition identified,Continue monitoring
2026-05-18 18:00:00,Azure,azure-sql-1603,compute,1.68,4.67,88.95,445.6,623.57,0.5606,stopped,stopped_with_cost,-1,1,-0.1059893114754784,HIGH,Resource is stopped but still generating cost,Investigate billing and remove or right-size unused resources
2026-05-18 21:00:00,GCP,gcp-ce-1604,serverless,54.9,47.82,27.33,497.11,184.06,0.1572,running,normal,1,0,0.1101681335040826,LOW,No critical resource condition identified,Continue monitoring
2026-05-19 00:00:00,AWS,aws-ebs-1605,serverless,43.71,31.72,79.46,538.79,687.13,0.1431,running,normal,1,0,0.077794722410548,LOW,No critical resource condition identified,Continue monitoring
2026-05-19 03:00:00,Azure,azure-function-1606,database,34.59,46.79,62.4,227.21,513.81,0.1429,running,normal,1,0,0.1241692687235371,LOW,No critical resource condition identified,Continue monitoring
2026-05-19 06:00:00,GCP,gcp-sql-1607,storage,68.4,48.01,30.75,829.8,155.73,0.1693,running,normal,1,0,0.0552067241790143,LOW,No critical resource condition identified,Continue monitoring
2026-05-19 09:00:00,AWS,aws-lambda-1608,database,48.41,67.99,8.08,360.08,100.17,0.1779,running,normal,1,0,0.0249771802870706,LOW,No critical resource condition identified,Continue monitoring
2026-05-19 12:00:00,Azure,azure-sql-1609,serverless,54.25,69.11,44.82,552.63,486.05,0.1842,running,normal,1,0,0.147031996022648,LOW,No critical resource condition identified,Continue monitoring
2026-05-19 15:00:00,GCP,gcp-disk-1610,compute,56.04,66.09,54.24,239.67,510.45,0.1819,running,normal,1,0,0.122584582261299,LOW,No critical resource condition identified,Continue monitoring
2026-05-19 18:00:00,AWS,aws-ec2-1611,serverless,32.58,66.0,19.64,271.17,347.4,0.1682,running,normal,1,0,0.0914535378238406,LOW,No critical resource condition identified,Continue monitoring
2026-05-19 21:00:00,Azure,azure-sql-1612,database,69.32,74.29,24.52,20.0,388.44,0.2184,running,normal,1,0,0.0302915488508734,LOW,No critical resource condition identified,Continue monitoring
2026-05-20 00:00:00,GCP,gcp-function-1613,compute,76.54,9.9,40.64,374.9,584.37,0.1914,running,normal,1,0,0.0314816695014453,LOW,No critical resource condition identified,Continue monitoring
2026-05-20 03:00:00,AWS,aws-ebs-1614,serverless,60.53,59.16,14.58,77.94,566.08,0.1783,running,normal,1,0,0.0354834697104764,LOW,No critical resource condition identified,Continue monitoring
2026-05-20 06:00:00,Azure,azure-vm-1615,database,51.55,48.51,95.42,789.4,560.67,0.1681,running,storage_pressure,1,0,0.0544558839211152,HIGH,Storage utilization is critically high,Clean up unused storage or increase storage capacity
2026-05-20 09:00:00,GCP,gcp-ce-1616,storage,50.81,26.05,46.59,239.66,221.11,0.161,running,normal,1,0,0.1096313308451086,LOW,No critical resource condition identified,Continue monitoring
2026-05-20 12:00:00,AWS,aws-ebs-1617,database,8.8,39.25,57.22,484.94,55.36,0.0885,running,normal,1,0,0.0534498664330082,LOW,No critical resource condition identified,Continue monitoring
2026-05-20 15:00:00,Azure,azure-vm-1618,database,4.22,6.26,28.06,252.53,517.87,0.6164,stopped,stopped_with_cost,-1,1,-0.1012192782903443,HIGH,Resource is stopped but still generating cost,Investigate billing and remove or right-size unused resources
2026-05-20 18:00:00,GCP,gcp-ce-1619,database,16.16,75.87,50.02,468.59,221.1,0.1302,running,normal,1,0,0.0859508595558183,LOW,No critical resource condition identified,Continue monitoring
2026-05-20 21:00:00,AWS,aws-lambda-1620,serverless,94.1,58.71,35.3,20.0,130.49,0.2445,running,normal,-1,1,-0.0363889742047374,LOW,No critical resource condition identified,Continue monitoring
2026-05-21 00:00:00,Azure,azure-vm-1621,database,56.8,76.68,44.01,377.16,411.46,0.1829,running,normal,1,0,0.1274711618962521,LOW,No critical resource condition identified,Continue monitoring
2026-05-21 03:00:00,GCP,gcp-disk-1622,serverless,48.34,88.37,56.78,657.21,228.59,0.1988,running,normal,1,0,0.075982814989519,LOW,No critical resource condition identified,Continue monitoring
2026-05-21 06:00:00,AWS,aws-rds-1623,compute,57.39,50.9,96.15,707.04,588.36,0.1942,running,normal,1,0,0.0572849206247606,HIGH,Storage utilization exceeds 90%,Review storage usage and increase capacity if required
2026-05-21 09:00:00,Azure,azure-function-1624,compute,69.67,32.16,36.71,551.05,597.32,0.1659,running,normal,1,0,0.0946796386861534,LOW,No critical resource condition identified,Continue monitoring
2026-05-21 12:00:00,GCP,gcp-function-1625,compute,41.65,65.37,98.0,525.48,282.37,0.1415,running,normal,1,0,0.0688427253981232,HIGH,Storage utilization exceeds 90%,Review storage usage and increase capacity if required
2026-05-21 15:00:00,AWS,aws-ebs-1626,compute,53.42,58.14,38.74,807.29,282.33,0.1766,running,normal,1,0,0.1073568260372043,LOW,No critical resource condition identified,Continue monitoring
2026-05-21 18:00:00,Azure,azure-disk-1627,compute,68.0,57.71,69.02,330.28,546.89,0.2093,running,normal,1,0,0.1056194348935122,LOW,No critical resource condition identified,Continue monitoring
2026-05-21 21:00:00,GCP,gcp-function-1628,compute,28.67,64.82,5.0,538.56,569.57,0.1384,running,normal,1,0,0.0449869074152987,LOW,No critical resource condition identified,Continue monitoring
2026-05-22 00:00:00,AWS,aws-ec2-1629,compute,35.61,41.13,34.34,317.22,356.64,0.1256,running,normal,1,0,0.1342319282200655,LOW,No critical resource condition identified,Continue monitoring
2026-05-22 03:00:00,Azure,azure-function-1630,storage,4.26,15.97,36.21,143.21,148.58,0.1262,running,underutilized,1,0,0.0199347481607649,MEDIUM,Resource has very low CPU and memory utilization,Consider right-sizing or reducing allocated capacity
2026-05-22 06:00:00,GCP,gcp-function-1631,storage,20.4,45.24,69.52,369.56,392.4,0.1339,running,normal,1,0,0.1229556986571703,LOW,No critical resource condition identified,Continue monitoring
2026-05-22 09:00:00,AWS,aws-lambda-1632,compute,47.86,35.1,56.41,542.76,181.25,0.147,running,normal,1,0,0.125051383278379,LOW,No critical resource condition identified,Continue monitoring
2026-05-22 12:00:00,Azure,azure-disk-1633,database,59.96,58.59,41.94,618.0,260.31,0.1646,running,normal,1,0,0.1252235401053576,LOW,No critical resource condition identified,Continue monitoring
2026-05-22 15:00:00,GCP,gcp-ce-1634,database,43.74,35.21,55.96,95.18,296.45,0.1387,running,normal,1,0,0.1064380686774822,LOW,No critical resource condition identified,Continue monitoring
2026-05-22 18:00:00,AWS,aws-rds-1635,storage,34.97,49.41,59.9,621.5,414.8,0.1305,running,normal,1,0,0.1432214678990744,LOW,No critical resource condition identified,Continue monitoring
2026-05-22 21:00:00,Azure,azure-function-1636,database,26.62,46.79,40.28,431.39,238.51,0.093,running,normal,1,0,0.1050238219750273,LOW,No critical resource condition identified,Continue monitoring
2026-05-23 00:00:00,GCP,gcp-sql-1637,compute,12.74,56.64,69.66,557.26,333.33,0.0981,running,normal,1,0,0.0865950292215718,LOW,No critical resource condition identified,Continue monitoring
2026-05-23 03:00:00,AWS,aws-ebs-1638,storage,46.72,46.76,26.35,526.08,475.34,0.1605,running,normal,1,0,0.1320528411529992,LOW,No critical resource condition identified,Continue monitoring
2026-05-23 06:00:00,Azure,azure-vm-1639,serverless,33.76,73.07,33.32,649.61,597.34,0.1596,running,normal,1,0,0.0868529659542706,LOW,No critical resource condition identified,Continue monitoring
2026-05-23 09:00:00,GCP,gcp-ce-1640,compute,29.21,43.27,70.66,616.15,230.71,0.1233,running,normal,1,0,0.1058077767436164,LOW,No critical resource condition identified,Continue monitoring
2026-05-23 12:00:00,AWS,aws-lambda-1641,database,87.44,54.21,46.76,664.35,341.57,0.2398,running,normal,1,0,0.0306043599673935,LOW,No critical resource condition identified,Continue monitoring
2026-05-23 15:00:00,Azure,azure-disk-1642,compute,63.88,78.26,32.53,289.83,490.79,0.1947,running,normal,1,0,0.0939272169624572,LOW,No critical resource condition identified,Continue monitoring
2026-05-23 18:00:00,GCP,gcp-sql-1643,storage,35.21,14.62,21.98,451.79,101.85,0.1011,running,normal,1,0,0.0283714990128977,LOW,No critical resource condition identified,Continue monitoring
2026-05-23 21:00:00,AWS,aws-rds-1644,storage,83.97,30.95,53.14,277.13,350.51,0.2203,running,normal,1,0,0.0445203800170759,LOW,No critical resource condition identified,Continue monitoring
2026-05-24 00:00:00,Azure,azure-vm-1645,database,28.03,70.63,5.0,370.3,392.66,0.1339,running,normal,1,0,0.0457532032815454,LOW,No critical resource condition identified,Continue monitoring
2026-05-24 03:00:00,GCP,gcp-function-1646,database,19.58,87.68,19.53,681.95,423.97,0.1441,running,normal,1,0,0.0163616003116706,LOW,No critical resource condition identified,Continue monitoring
2026-05-24 06:00:00,AWS,aws-lambda-1647,storage,48.75,33.44,43.32,311.28,205.59,0.128,running,normal,1,0,0.1193041428032771,LOW,No critical resource condition identified,Continue monitoring
2026-05-24 09:00:00,Azure,azure-sql-1648,database,52.78,52.17,87.49,52.12,475.09,0.1616,running,normal,1,0,0.0758631272751126,LOW,No critical resource condition identified,Continue monitoring
2026-05-24 12:00:00,GCP,gcp-disk-1649,database,42.03,53.11,33.12,560.46,99.38,0.1604,running,normal,1,0,0.0997364251756623,LOW,No critical resource condition identified,Continue monitoring
2026-05-24 15:00:00,AWS,aws-ec2-1650,database,40.81,47.13,73.95,1032.03,595.18,0.153,running,normal,1,0,0.0425084085833598,LOW,No critical resource condition identified,Continue monitoring
2026-05-24 18:00:00,Azure,azure-vm-1651,storage,28.35,27.31,46.73,595.39,142.11,0.0983,running,normal,1,0,0.071035327629947,LOW,No critical resource condition identified,Continue monitoring
2026-05-24 21:00:00,GCP,gcp-function-1652,serverless,70.49,24.6,95.04,173.16,75.33,0.1595,running,normal,-1,1,-0.0151483974105249,HIGH,Storage utilization exceeds 90%,Review storage usage and increase capacity if required
2026-05-25 00:00:00,AWS,aws-rds-1653,serverless,43.67,46.48,31.15,527.88,349.23,0.1668,running,normal,1,0,0.1360462847281573,LOW,No critical resource condition identified,Continue monitoring
2026-05-25 03:00:00,Azure,azure-disk-1654,database,14.62,46.9,22.62,207.01,484.39,0.0766,running,normal,1,0,0.0460772734411848,LOW,No critical resource condition identified,Continue monitoring
2026-05-25 06:00:00,GCP,gcp-disk-1655,storage,44.21,31.37,63.29,449.48,290.22,0.1392,running,normal,1,0,0.1398894893194529,LOW,No critical resource condition identified,Continue monitoring
2026-05-25 09:00:00,AWS,aws-ec2-1656,compute,24.84,56.29,47.93,638.82,252.8,0.1387,running,normal,1,0,0.1148547752603295,LOW,No critical resource condition identified,Continue monitoring
2026-05-25 12:00:00,Azure,azure-sql-1657,database,51.94,48.81,35.42,457.56,379.28,0.1614,running,normal,1,0,0.1500605315525787,LOW,No critical resource condition identified,Continue monitoring
2026-05-25 15:00:00,GCP,gcp-disk-1658,serverless,46.35,35.55,27.59,406.67,517.44,0.1492,running,normal,1,0,0.1244579599661096,LOW,No critical resource condition identified,Continue monitoring
2026-05-25 18:00:00,AWS,aws-rds-1659,database,56.44,6.86,63.95,112.68,173.53,0.1182,running,normal,1,0,0.0168064465525846,LOW,No critical resource condition identified,Continue monitoring
2026-05-25 21:00:00,Azure,azure-function-1660,serverless,57.72,56.42,10.75,478.22,312.12,0.1653,running,normal,1,0,0.0804799865956399,LOW,No critical resource condition identified,Continue monitoring
2026-05-26 00:00:00,GCP,gcp-ce-1661,storage,60.65,15.15,49.5,291.76,334.46,0.1502,running,normal,1,0,0.0969084706303142,LOW,No critical resource condition identified,Continue monitoring
2026-05-26 03:00:00,AWS,aws-ebs-1662,database,41.18,38.11,38.59,422.18,277.15,0.1363,running,normal,1,0,0.1362998372047499,LOW,No critical resource condition identified,Continue monitoring
2026-05-26 06:00:00,Azure,azure-disk-1663,serverless,73.62,57.47,40.35,476.25,235.71,0.1941,running,normal,1,0,0.0986609554002074,LOW,No critical resource condition identified,Continue monitoring
2026-05-26 09:00:00,GCP,gcp-disk-1664,database,51.97,40.9,40.89,347.63,873.45,0.1552,running,normal,1,0,0.0702586445431702,LOW,No critical resource condition identified,Continue monitoring
2026-05-26 12:00:00,AWS,aws-ec2-1665,compute,58.67,74.06,34.36,680.21,518.65,0.1984,running,normal,1,0,0.0967625894918124,LOW,No critical resource condition identified,Continue monitoring
2026-05-26 15:00:00,Azure,azure-vm-1666,serverless,60.79,57.15,34.46,418.64,717.0,0.1934,running,normal,1,0,0.0795705455019501,LOW,No critical resource condition identified,Continue monitoring
2026-05-26 18:00:00,GCP,gcp-disk-1667,storage,49.92,51.96,65.95,579.36,442.22,0.1565,running,normal,1,0,0.1544311402433345,LOW,No critical resource condition identified,Continue monitoring
2026-05-26 21:00:00,AWS,aws-ebs-1668,database,39.45,98.0,17.22,622.53,261.97,0.1872,running,normal,1,0,0.0016205003684284,LOW,No critical resource condition identified,Continue monitoring
2026-05-27 00:00:00,Azure,azure-vm-1669,database,31.97,49.68,31.06,609.13,314.48,0.146,running,normal,1,0,0.1262144045546765,LOW,No critical resource condition identified,Continue monitoring
2026-05-27 03:00:00,GCP,gcp-disk-1670,serverless,40.88,21.77,78.37,174.64,233.97,0.1231,running,normal,1,0,0.0653920368822014,LOW,No critical resource condition identified,Continue monitoring
2026-05-27 06:00:00,AWS,aws-lambda-1671,storage,81.72,31.97,44.07,412.35,513.65,0.2036,running,normal,1,0,0.0666126807897943,LOW,No critical resource condition identified,Continue monitoring
2026-05-27 09:00:00,Azure,azure-vm-1672,compute,40.92,63.48,24.63,813.26,278.53,0.1639,running,normal,1,0,0.0783674665193623,LOW,No critical resource condition identified,Continue monitoring
2026-05-27 12:00:00,GCP,gcp-sql-1673,compute,29.26,32.53,39.71,273.79,511.29,0.1039,running,normal,1,0,0.0927998648144333,LOW,No critical resource condition identified,Continue monitoring
2026-05-27 15:00:00,AWS,aws-rds-1674,storage,62.87,53.87,46.01,192.05,217.17,0.1564,running,normal,1,0,0.1078080436508659,LOW,No critical resource condition identified,Continue monitoring
2026-05-27 18:00:00,Azure,azure-function-1675,serverless,49.34,34.49,36.71,301.45,258.26,0.1497,running,normal,1,0,0.1260883998815171,LOW,No critical resource condition identified,Continue monitoring
2026-05-27 21:00:00,GCP,gcp-ce-1676,storage,67.51,73.57,61.43,373.92,495.65,0.2023,running,normal,1,0,0.1040341240276134,LOW,No critical resource condition identified,Continue monitoring
2026-05-28 00:00:00,AWS,aws-rds-1677,serverless,49.72,52.29,82.81,191.92,694.13,0.1613,running,normal,1,0,0.0689891738329518,LOW,No critical resource condition identified,Continue monitoring
2026-05-28 03:00:00,Azure,azure-vm-1678,compute,15.29,61.77,27.23,480.36,581.47,0.1135,running,normal,1,0,0.0670043859656481,LOW,No critical resource condition identified,Continue monitoring
2026-05-28 06:00:00,GCP,gcp-ce-1679,database,38.01,96.33,63.56,402.35,302.13,0.1775,running,normal,1,0,0.0585394415171065,LOW,No critical resource condition identified,Continue monitoring
2026-05-28 09:00:00,AWS,aws-lambda-1680,storage,96.41,72.94,28.83,1160.36,1592.34,0.1636,running,high_cpu_and_traffic,-1,1,-0.136428580098037,HIGH,High CPU and network traffic,Investigate workload and consider scaling resources
2026-05-28 12:00:00,Azure,azure-vm-1681,compute,78.32,69.28,26.79,86.27,279.18,0.1919,running,normal,1,0,0.0276652147967253,LOW,No critical resource condition identified,Continue monitoring
2026-05-28 15:00:00,GCP,gcp-sql-1682,database,61.8,44.87,44.41,444.13,577.05,0.1837,running,normal,1,0,0.1309265383559189,LOW,No critical resource condition identified,Continue monitoring
2026-05-28 18:00:00,AWS,aws-ebs-1683,storage,39.73,41.8,5.0,564.19,416.16,0.1441,running,normal,1,0,0.0628593650815437,LOW,No critical resource condition identified,Continue monitoring
2026-05-28 21:00:00,Azure,azure-disk-1684,serverless,38.35,58.34,60.78,408.41,551.83,0.1522,running,normal,1,0,0.1456922211679025,LOW,No critical resource condition identified,Continue monitoring
2026-05-29 00:00:00,GCP,gcp-function-1685,serverless,20.53,54.19,17.16,265.01,77.01,0.1084,running,normal,1,0,0.0287312335590761,LOW,No critical resource condition identified,Continue monitoring
2026-05-29 03:00:00,AWS,aws-lambda-1686,storage,56.58,92.34,56.08,312.26,299.59,0.201,running,normal,1,0,0.0695861036069148,LOW,No critical resource condition identified,Continue monitoring
2026-05-29 06:00:00,Azure,azure-disk-1687,database,62.73,68.47,15.06,302.73,325.76,0.2004,running,normal,1,0,0.0715922284284161,LOW,No critical resource condition identified,Continue monitoring
2026-05-29 09:00:00,GCP,gcp-ce-1688,database,36.62,42.52,59.77,327.2,377.45,0.1268,running,normal,1,0,0.1402732742004265,LOW,No critical resource condition identified,Continue monitoring
2026-05-29 12:00:00,AWS,aws-ebs-1689,compute,41.72,72.88,48.11,224.15,358.7,0.1312,running,normal,1,0,0.1096988680526772,LOW,No critical resource condition identified,Continue monitoring
2026-05-29 15:00:00,Azure,azure-vm-1690,database,40.55,66.61,8.66,406.36,323.92,0.173,running,normal,1,0,0.0677843572138626,LOW,No critical resource condition identified,Continue monitoring
2026-05-29 18:00:00,GCP,gcp-ce-1691,database,72.75,43.37,74.7,262.04,227.06,0.1949,running,normal,1,0,0.0685336553902604,LOW,No critical resource condition identified,Continue monitoring
2026-05-29 21:00:00,AWS,aws-rds-1692,compute,46.82,69.29,46.81,460.09,481.48,0.1646,running,normal,1,0,0.1510840445311778,LOW,No critical resource condition identified,Continue monitoring
2026-05-30 00:00:00,Azure,azure-vm-1693,compute,44.47,42.67,46.34,737.02,329.12,0.1451,running,normal,1,0,0.1233619681650471,LOW,No critical resource condition identified,Continue monitoring
2026-05-30 03:00:00,GCP,gcp-sql-1694,compute,56.82,65.05,50.16,622.05,517.0,0.2068,running,normal,1,0,0.1295542842942609,LOW,No critical resource condition identified,Continue monitoring
2026-05-30 06:00:00,AWS,aws-lambda-1695,compute,41.95,26.11,61.27,590.5,651.2,0.1579,running,normal,1,0,0.0955464366636461,LOW,No critical resource condition identified,Continue monitoring
2026-05-30 09:00:00,Azure,azure-vm-1696,serverless,49.12,25.07,94.03,350.55,433.84,0.1402,running,storage_pressure,1,0,0.0649021412872383,HIGH,Storage utilization is critically high,Clean up unused storage or increase storage capacity
2026-05-30 12:00:00,GCP,gcp-disk-1697,database,2.0,53.42,72.05,786.61,517.11,0.1271,running,normal,1,0,0.048511044568868,LOW,No critical resource condition identified,Continue monitoring
2026-05-30 15:00:00,AWS,aws-ebs-1698,compute,98.5,69.99,32.35,1747.44,1030.78,0.1713,running,high_cpu_and_traffic,-1,1,-0.1320931704881209,HIGH,High CPU and network traffic,Investigate workload and consider scaling resources
2026-05-30 18:00:00,Azure,azure-function-1699,serverless,59.05,29.65,22.25,621.81,179.98,0.1665,running,normal,1,0,0.0662755906369013,LOW,No critical resource condition identified,Continue monitoring
2026-05-30 21:00:00,GCP,gcp-ce-1700,serverless,58.28,62.76,93.04,29.81,325.71,0.1875,running,normal,1,0,0.0448117965335969,HIGH,Storage utilization exceeds 90%,Review storage usage and increase capacity if required
2026-05-31 00:00:00,AWS,aws-ebs-1701,compute,44.29,52.37,42.51,355.95,312.46,0.1558,running,normal,1,0,0.1484675032820548,LOW,No critical resource condition identified,Continue monitoring
2026-05-31 03:00:00,Azure,azure-disk-1702,database,56.76,69.79,25.42,144.09,399.33,0.2253,running,normal,1,0,0.0634088996706364,LOW,No critical resource condition identified,Continue monitoring
2026-05-31 06:00:00,GCP,gcp-disk-1703,compute,52.64,63.1,20.63,696.53,373.21,0.1795,running,normal,1,0,0.0962770578427277,LOW,No critical resource condition identified,Continue monitoring
2026-05-31 09:00:00,AWS,aws-rds-1704,serverless,31.41,19.27,54.46,82.14,351.82,0.119,running,normal,1,0,0.0777877602472998,LOW,No critical resource condition identified,Continue monitoring
2026-05-31 12:00:00,Azure,azure-disk-1705,storage,56.17,93.39,36.24,521.66,329.9,0.2203,running,normal,1,0,0.0575885655777269,LOW,No critical resource condition identified,Continue monitoring
2026-05-31 15:00:00,GCP,gcp-ce-1706,serverless,35.45,75.33,59.86,444.16,486.79,0.166,running,normal,1,0,0.1396747608630221,LOW,No critical resource condition identified,Continue monitoring
2026-05-31 18:00:00,AWS,aws-lambda-1707,storage,32.37,43.97,98.55,601.55,202.37,0.1265,running,storage_pressure,1,0,0.0464720734778106,HIGH,Storage utilization is critically high,Clean up unused storage or increase storage capacity
2026-05-31 21:00:00,Azure,azure-vm-1708,storage,43.35,58.28,49.04,691.93,268.51,0.1301,running,normal,1,0,0.1226435642377991,LOW,No critical resource condition identified,Continue monitoring
2026-06-01 00:00:00,GCP,gcp-sql-1709,storage,13.35,47.15,72.61,222.61,773.76,0.0951,running,normal,1,0,0.0096720068567759,LOW,No critical resource condition identified,Continue monitoring
2026-06-01 03:00:00,AWS,aws-lambda-1710,compute,45.75,47.59,18.21,958.65,320.75,0.1549,running,normal,1,0,0.0470542703115428,LOW,No critical resource condition identified,Continue monitoring
2026-06-01 06:00:00,Azure,azure-vm-1711,storage,65.28,28.38,52.28,111.35,544.27,0.1392,running,normal,1,0,0.0747101240180946,LOW,No critical resource condition identified,Continue monitoring
2026-06-01 09:00:00,GCP,gcp-ce-1712,serverless,53.01,45.3,78.38,580.18,503.16,0.149,running,normal,1,0,0.1208932385105398,LOW,No critical resource condition identified,Continue monitoring
2026-06-01 12:00:00,AWS,aws-lambda-1713,storage,76.28,86.4,58.25,635.76,20.0,0.2237,running,normal,-1,1,-0.0239259734275846,LOW,No critical resource condition identified,Continue monitoring
2026-06-01 15:00:00,Azure,azure-sql-1714,serverless,23.04,44.71,5.0,524.34,98.67,0.1298,running,normal,1,0,0.0080669691204972,LOW,No critical resource condition identified,Continue monitoring
2026-06-01 18:00:00,GCP,gcp-ce-1715,database,54.38,46.09,52.84,243.49,499.6,0.1387,running,normal,1,0,0.1264895279117347,LOW,No critical resource condition identified,Continue monitoring
2026-06-01 21:00:00,AWS,aws-ebs-1716,compute,41.2,54.9,35.01,789.42,425.7,0.1635,running,normal,1,0,0.1123739389479446,LOW,No critical resource condition identified,Continue monitoring
2026-06-02 00:00:00,Azure,azure-disk-1717,storage,55.37,57.96,62.72,121.57,114.1,0.163,running,normal,1,0,0.073114338576733,LOW,No critical resource condition identified,Continue monitoring
2026-06-02 03:00:00,GCP,gcp-ce-1718,compute,45.36,60.47,23.09,448.07,185.43,0.1649,running,normal,1,0,0.1096450810467845,LOW,No critical resource condition identified,Continue monitoring
2026-06-02 06:00:00,AWS,aws-lambda-1719,storage,51.27,23.56,40.33,611.09,436.38,0.122,running,normal,1,0,0.1058800752173921,LOW,No critical resource condition identified,Continue monitoring
2026-06-02 09:00:00,Azure,azure-sql-1720,compute,3.45,4.13,59.21,529.31,496.42,1.0395,stopped,stopped_with_cost,-1,1,-0.1265996401635276,HIGH,Resource is stopped but still generating cost,Investigate billing and remove or right-size unused resources
2026-06-02 12:00:00,GCP,gcp-ce-1721,database,46.6,47.88,98.0,207.76,379.98,0.1286,running,normal,1,0,0.0597035682885471,HIGH,Storage utilization exceeds 90%,Review storage usage and increase capacity if required
2026-06-02 15:00:00,AWS,aws-ec2-1722,database,60.21,41.91,44.17,372.54,175.83,0.155,running,normal,1,0,0.113251032741274,LOW,No critical resource condition identified,Continue monitoring
2026-06-02 18:00:00,Azure,azure-function-1723,storage,55.06,45.78,42.96,140.25,486.36,0.1513,running,normal,1,0,0.1125741128939952,LOW,No critical resource condition identified,Continue monitoring
2026-06-02 21:00:00,GCP,gcp-disk-1724,storage,41.62,31.58,47.67,512.77,349.52,0.1265,running,normal,1,0,0.1386611128872264,LOW,No critical resource condition identified,Continue monitoring
2026-06-03 00:00:00,AWS,aws-lambda-1725,serverless,38.77,20.23,57.13,311.88,434.29,0.1215,running,normal,1,0,0.1091225957769352,LOW,No critical resource condition identified,Continue monitoring
2026-06-03 03:00:00,Azure,azure-disk-1726,database,54.26,61.47,50.35,94.11,604.33,0.1807,running,normal,1,0,0.0900433877135516,LOW,No critical resource condition identified,Continue monitoring
2026-06-03 06:00:00,GCP,gcp-function-1727,serverless,49.16,62.24,38.24,598.59,113.16,0.1521,running,normal,1,0,0.0980717426310056,LOW,No critical resource condition identified,Continue monitoring
2026-06-03 09:00:00,AWS,aws-rds-1728,database,72.15,87.04,52.69,335.08,364.54,0.2289,running,normal,1,0,0.0615113981372281,LOW,No critical resource condition identified,Continue monitoring
2026-06-03 12:00:00,Azure,azure-sql-1729,database,99.65,68.71,33.02,1368.2,1615.67,0.1698,running,high_cpu_and_traffic,-1,1,-0.1491071424901534,HIGH,High CPU and network traffic,Investigate workload and consider scaling resources
2026-06-03 15:00:00,GCP,gcp-ce-1730,serverless,35.12,26.16,53.0,643.71,457.77,0.1242,running,normal,1,0,0.1200556115063118,LOW,No critical resource condition identified,Continue monitoring
2026-06-03 18:00:00,AWS,aws-ec2-1731,serverless,67.2,27.79,43.11,380.25,288.37,0.1701,running,normal,1,0,0.1050767985782433,LOW,No critical resource condition identified,Continue monitoring
2026-06-03 21:00:00,Azure,azure-sql-1732,database,27.42,20.37,53.25,358.93,694.13,0.1368,running,normal,1,0,0.0662683209537134,LOW,No critical resource condition identified,Continue monitoring
2026-06-04 00:00:00,GCP,gcp-sql-1733,database,55.25,65.68,63.17,386.21,604.67,0.1852,running,normal,1,0,0.1271393409408668,LOW,No critical resource condition identified,Continue monitoring
2026-06-04 03:00:00,AWS,aws-ec2-1734,compute,56.61,45.31,57.3,492.32,428.95,0.1689,running,normal,1,0,0.1544719091437627,LOW,No critical resource condition identified,Continue monitoring
2026-06-04 06:00:00,Azure,azure-function-1735,serverless,18.81,60.24,31.82,211.63,236.44,0.1196,running,normal,1,0,0.0805299472114332,LOW,No critical resource condition identified,Continue monitoring
2026-06-04 09:00:00,GCP,gcp-function-1736,storage,38.09,71.05,38.97,420.21,566.88,0.1757,running,normal,1,0,0.1286179607709709,LOW,No critical resource condition identified,Continue monitoring
2026-06-04 12:00:00,AWS,aws-ec2-1737,database,76.2,61.46,97.23,309.18,117.85,0.2021,running,normal,-1,1,-0.0114676551884497,HIGH,Storage utilization exceeds 90%,Review storage usage and increase capacity if required
2026-06-04 15:00:00,Azure,azure-vm-1738,database,64.35,48.43,43.19,544.09,358.99,0.1782,running,normal,1,0,0.1416178688840437,LOW,No critical resource condition identified,Continue monitoring
2026-06-04 18:00:00,GCP,gcp-disk-1739,storage,64.51,46.97,5.2,423.32,278.72,0.1764,running,normal,1,0,0.0508038895473536,LOW,No critical resource condition identified,Continue monitoring
2026-06-04 21:00:00,AWS,aws-ec2-1740,serverless,26.29,26.95,72.45,275.46,400.05,0.1188,running,normal,1,0,0.0978579875381356,LOW,No critical resource condition identified,Continue monitoring
2026-06-05 00:00:00,Azure,azure-function-1741,database,50.45,63.03,75.46,526.5,106.05,0.1608,running,normal,1,0,0.0901255404469331,LOW,No critical resource condition identified,Continue monitoring
2026-06-05 03:00:00,GCP,gcp-ce-1742,database,74.16,48.86,49.7,652.45,370.74,0.2034,running,normal,1,0,0.1002315635185025,LOW,No critical resource condition identified,Continue monitoring
2026-06-05 06:00:00,AWS,aws-lambda-1743,storage,61.18,23.5,42.29,599.25,410.5,0.1828,running,normal,1,0,0.1112984167373695,LOW,No critical resource condition identified,Continue monitoring
2026-06-05 09:00:00,Azure,azure-sql-1744,compute,58.85,65.58,44.13,522.07,519.23,0.1794,running,normal,1,0,0.136672120157773,LOW,No critical resource condition identified,Continue monitoring
2026-06-05 12:00:00,GCP,gcp-function-1745,storage,61.27,29.01,44.04,406.04,466.87,0.1624,running,normal,1,0,0.1287003458556978,LOW,No critical resource condition identified,Continue monitoring
2026-06-05 15:00:00,AWS,aws-lambda-1746,storage,35.29,44.74,16.17,321.55,482.57,0.1396,running,normal,1,0,0.09634863321113,LOW,No critical resource condition identified,Continue monitoring
2026-06-05 18:00:00,Azure,azure-function-1747,storage,82.58,36.54,15.61,260.9,287.42,0.1795,running,normal,1,0,0.0136096833768782,LOW,No critical resource condition identified,Continue monitoring
2026-06-05 21:00:00,GCP,gcp-disk-1748,compute,72.71,59.08,90.83,385.85,138.8,0.2126,running,normal,1,0,0.0266349969463521,HIGH,Storage utilization exceeds 90%,Review storage usage and increase capacity if required
2026-06-06 00:00:00,AWS,aws-ec2-1749,storage,54.36,48.16,44.18,237.46,398.27,0.1778,running,normal,1,0,0.1352940414823915,LOW,No critical resource condition identified,Continue monitoring
2026-06-06 03:00:00,Azure,azure-function-1750,storage,22.54,35.43,55.85,511.85,271.92,0.0747,running,normal,1,0,0.0912880159609511,LOW,No critical resource condition identified,Continue monitoring
2026-06-06 06:00:00,GCP,gcp-disk-1751,compute,28.84,62.4,32.88,272.18,424.51,0.1725,running,normal,1,0,0.1142782792057509,LOW,No critical resource condition identified,Continue monitoring
2026-06-06 09:00:00,AWS,aws-ec2-1752,compute,51.46,18.48,25.55,20.0,676.78,0.1588,running,normal,1,0,0.0110206648864267,LOW,No critical resource condition identified,Continue monitoring
2026-06-06 12:00:00,Azure,azure-disk-1753,compute,17.07,46.05,83.85,473.65,309.66,0.0817,running,normal,1,0,0.0644655863718957,LOW,No critical resource condition identified,Continue monitoring
2026-06-06 15:00:00,GCP,gcp-ce-1754,storage,13.38,33.36,22.45,426.29,433.17,0.0864,running,normal,1,0,0.0647053090563635,LOW,No critical resource condition identified,Continue monitoring
2026-06-06 18:00:00,AWS,aws-ec2-1755,storage,64.12,43.57,98.0,348.39,255.47,0.1577,running,normal,1,0,0.0513492369574762,HIGH,Storage utilization exceeds 90%,Review storage usage and increase capacity if required
2026-06-06 21:00:00,Azure,azure-function-1756,database,50.3,15.7,51.23,206.77,338.99,0.138,running,normal,1,0,0.0932332147070687,LOW,No critical resource condition identified,Continue monitoring
2026-06-07 00:00:00,GCP,gcp-function-1757,database,42.29,36.97,30.6,321.3,531.85,0.1328,running,normal,1,0,0.1171486047557859,LOW,No critical resource condition identified,Continue monitoring
2026-06-07 03:00:00,AWS,aws-ebs-1758,database,26.82,43.4,31.96,594.01,137.8,0.0995,running,normal,1,0,0.0675129331191847,LOW,No critical resource condition identified,Continue monitoring
2026-06-07 06:00:00,Azure,azure-sql-1759,database,67.2,74.85,58.6,435.08,527.14,0.1927,running,normal,1,0,0.109624063674113,LOW,No critical resource condition identified,Continue monitoring
2026-06-07 09:00:00,GCP,gcp-function-1760,serverless,6.72,14.92,50.39,494.66,550.05,0.1428,running,underutilized,1,0,0.0631463095752487,MEDIUM,Resource has very low CPU and memory utilization,Consider right-sizing or reducing allocated capacity
2026-06-07 12:00:00,AWS,aws-rds-1761,compute,41.46,97.13,51.64,531.04,287.12,0.2016,running,normal,1,0,0.0574245750029822,LOW,No critical resource condition identified,Continue monitoring
2026-06-07 15:00:00,Azure,azure-disk-1762,database,48.87,68.62,73.43,500.96,381.66,0.1893,running,normal,1,0,0.1376993143070589,LOW,No critical resource condition identified,Continue monitoring
2026-06-07 18:00:00,GCP,gcp-ce-1763,serverless,44.04,18.66,64.55,276.68,324.56,0.1198,running,normal,1,0,0.0939781233555145,LOW,No critical resource condition identified,Continue monitoring
2026-06-07 21:00:00,AWS,aws-ec2-1764,serverless,6.08,7.23,39.06,310.82,573.04,0.1209,running,underutilized,1,0,0.0253767275419856,MEDIUM,Resource has very low CPU and memory utilization,Consider right-sizing or reducing allocated capacity
2026-06-08 00:00:00,Azure,azure-vm-1765,storage,36.0,48.16,69.4,509.79,210.64,0.1296,running,normal,1,0,0.1222530117056423,LOW,No critical resource condition identified,Continue monitoring
2026-06-08 03:00:00,GCP,gcp-disk-1766,serverless,43.58,49.84,40.28,935.24,333.96,0.1674,running,normal,1,0,0.0807250522919261,LOW,No critical resource condition identified,Continue monitoring
2026-06-08 06:00:00,AWS,aws-lambda-1767,storage,60.67,39.42,98.78,288.85,216.9,0.1782,running,storage_pressure,1,0,0.0446639263262834,HIGH,Storage utilization is critically high,Clean up unused storage or increase storage capacity
2026-06-08 09:00:00,Azure,azure-vm-1768,serverless,30.56,45.57,80.82,424.49,373.87,0.1098,running,normal,1,0,0.108969695280012,LOW,No critical resource condition identified,Continue monitoring
2026-06-08 12:00:00,GCP,gcp-function-1769,storage,5.94,8.26,38.37,453.65,106.05,0.1698,running,underutilized,1,0,0.0208090897509315,MEDIUM,Resource has very low CPU and memory utilization,Consider right-sizing or reducing allocated capacity
2026-06-08 15:00:00,AWS,aws-lambda-1770,storage,44.09,44.1,56.69,454.84,198.41,0.1199,running,normal,1,0,0.1331733465431205,LOW,No critical resource condition identified,Continue monitoring
2026-06-08 18:00:00,Azure,azure-function-1771,storage,46.43,64.64,68.26,498.02,269.68,0.1696,running,normal,1,0,0.1418852995561774,LOW,No critical resource condition identified,Continue monitoring
2026-06-08 21:00:00,GCP,gcp-ce-1772,database,58.47,41.67,43.95,428.63,391.79,0.185,running,normal,1,0,0.1423650215068939,LOW,No critical resource condition identified,Continue monitoring
2026-06-09 00:00:00,AWS,aws-ebs-1773,compute,43.57,25.31,61.44,319.59,342.87,0.1566,running,normal,1,0,0.1271163820399807,LOW,No critical resource condition identified,Continue monitoring
2026-06-09 03:00:00,Azure,azure-disk-1774,compute,51.85,47.04,87.99,594.39,280.07,0.1419,running,normal,1,0,0.0973346710834256,LOW,No critical resource condition identified,Continue monitoring
2026-06-09 06:00:00,GCP,gcp-function-1775,storage,19.28,57.71,42.62,545.52,470.68,0.1163,running,normal,1,0,0.1112390769876913,LOW,No critical resource condition identified,Continue monitoring
2026-06-09 09:00:00,AWS,aws-rds-1776,compute,37.21,40.42,70.62,399.5,619.59,0.1653,running,normal,1,0,0.1056129967784601,LOW,No critical resource condition identified,Continue monitoring
2026-06-09 12:00:00,Azure,azure-disk-1777,storage,40.71,68.8,41.16,294.09,305.81,0.1519,running,normal,1,0,0.128319296419928,LOW,No critical resource condition identified,Continue monitoring
2026-06-09 15:00:00,GCP,gcp-disk-1778,storage,68.1,58.9,41.82,379.74,489.86,0.209,running,normal,1,0,0.1123025562134094,LOW,No critical resource condition identified,Continue monitoring
2026-06-09 18:00:00,AWS,aws-lambda-1779,compute,48.15,60.51,40.32,245.71,271.0,0.1574,running,normal,1,0,0.1301589407020196,LOW,No critical resource condition identified,Continue monitoring
2026-06-09 21:00:00,Azure,azure-function-1780,serverless,20.59,39.25,40.84,593.05,315.5,0.104,running,normal,1,0,0.1029320332505476,LOW,No critical resource condition identified,Continue monitoring
2026-06-10 00:00:00,GCP,gcp-ce-1781,compute,42.09,38.23,42.81,652.86,239.22,0.1289,running,normal,1,0,0.1121036447633676,LOW,No critical resource condition identified,Continue monitoring
2026-06-10 03:00:00,AWS,aws-ebs-1782,serverless,57.06,57.23,47.29,387.31,533.05,0.1972,running,normal,1,0,0.1392546953178638,LOW,No critical resource condition identified,Continue monitoring
2026-06-10 06:00:00,Azure,azure-function-1783,database,68.49,43.56,32.9,419.52,532.98,0.1947,running,normal,1,0,0.1054797863200721,LOW,No critical resource condition identified,Continue monitoring
2026-06-10 09:00:00,GCP,gcp-sql-1784,database,47.52,39.69,33.84,523.84,386.8,0.1306,running,normal,1,0,0.1300619299167269,LOW,No critical resource condition identified,Continue monitoring
2026-06-10 12:00:00,AWS,aws-ebs-1785,database,73.66,24.75,44.39,324.0,243.93,0.1643,running,normal,1,0,0.0800847638441707,LOW,No critical resource condition identified,Continue monitoring
2026-06-10 15:00:00,Azure,azure-sql-1786,serverless,30.75,17.08,13.57,353.44,298.61,0.0995,running,normal,1,0,0.0436008234947982,LOW,No critical resource condition identified,Continue monitoring
2026-06-10 18:00:00,GCP,gcp-function-1787,database,63.5,79.21,10.11,305.75,263.32,0.2022,running,normal,1,0,0.0201629774801183,LOW,No critical resource condition identified,Continue monitoring
2026-06-10 21:00:00,AWS,aws-ec2-1788,serverless,45.78,47.78,79.85,447.11,464.05,0.1439,running,normal,1,0,0.1350853439310155,LOW,No critical resource condition identified,Continue monitoring
2026-06-11 00:00:00,Azure,azure-function-1789,compute,84.37,61.39,53.49,274.25,545.8,0.2017,running,normal,1,0,0.0541536707748857,LOW,No critical resource condition identified,Continue monitoring
2026-06-11 03:00:00,GCP,gcp-ce-1790,storage,80.18,84.16,38.98,328.64,137.54,0.2281,running,normal,1,0,0.0020011536635839,LOW,No critical resource condition identified,Continue monitoring
2026-06-11 06:00:00,AWS,aws-ec2-1791,database,61.39,46.45,59.12,323.89,485.93,0.1678,running,normal,1,0,0.1349072273731453,LOW,No critical resource condition identified,Continue monitoring
2026-06-11 09:00:00,Azure,azure-function-1792,storage,46.24,64.3,16.59,258.32,356.79,0.1415,running,normal,1,0,0.0880260481097931,LOW,No critical resource condition identified,Continue monitoring
2026-06-11 12:00:00,GCP,gcp-sql-1793,database,68.57,52.57,68.59,504.3,314.29,0.1933,running,normal,1,0,0.1259080677907689,LOW,No critical resource condition identified,Continue monitoring
2026-06-11 15:00:00,AWS,aws-rds-1794,compute,42.62,20.34,13.64,391.25,25.94,0.1455,running,normal,1,0,0.0102081304728262,LOW,No critical resource condition identified,Continue monitoring
2026-06-11 18:00:00,Azure,azure-vm-1795,serverless,25.03,68.51,25.73,266.72,277.45,0.1349,running,normal,1,0,0.0847366237136306,LOW,No critical resource condition identified,Continue monitoring
2026-06-11 21:00:00,GCP,gcp-disk-1796,compute,63.81,50.01,68.41,329.22,108.66,0.1644,running,normal,1,0,0.0877107261277679,LOW,No critical resource condition identified,Continue monitoring
2026-06-12 00:00:00,AWS,aws-lambda-1797,serverless,27.73,41.7,60.4,758.75,123.94,0.1033,running,normal,1,0,0.0611096556185166,LOW,No critical resource condition identified,Continue monitoring
2026-06-12 03:00:00,Azure,azure-disk-1798,storage,30.75,63.78,43.9,319.66,514.68,0.1582,running,normal,1,0,0.1293413023724862,LOW,No critical resource condition identified,Continue monitoring
2026-06-12 06:00:00,GCP,gcp-function-1799,compute,49.87,45.8,43.18,357.77,548.0,0.1633,running,normal,1,0,0.1434350596040771,LOW,No critical resource condition identified,Continue monitoring
2026-06-12 09:00:00,AWS,aws-ebs-1800,serverless,53.26,40.88,68.81,533.82,816.54,0.1743,running,normal,1,0,0.0677226128294917,LOW,No critical resource condition identified,Continue monitoring
2026-06-12 12:00:00,Azure,azure-sql-1801,storage,43.22,45.34,93.36,543.81,584.7,0.1583,running,storage_pressure,1,0,0.0834523301384038,HIGH,Storage utilization is critically high,Clean up unused storage or increase storage capacity
2026-06-12 15:00:00,GCP,gcp-function-1802,database,74.9,40.26,97.68,499.78,448.6,0.1918,running,storage_pressure,1,0,0.0392008119262326,HIGH,Storage utilization is critically high,Clean up unused storage or increase storage capacity
2026-06-12 18:00:00,AWS,aws-lambda-1803,serverless,47.05,70.25,75.7,376.05,467.76,0.1743,running,normal,1,0,0.1270317324386917,LOW,No critical resource condition identified,Continue monitoring
2026-06-12 21:00:00,Azure,azure-function-1804,serverless,55.58,41.02,41.5,418.79,737.84,0.1418,running,normal,1,0,0.0888608379962204,LOW,No critical resource condition identified,Continue monitoring
2026-06-13 00:00:00,GCP,gcp-ce-1805,database,33.47,45.0,61.35,580.41,429.76,0.1528,running,normal,1,0,0.1473337306286837,LOW,No critical resource condition identified,Continue monitoring
2026-06-13 03:00:00,AWS,aws-rds-1806,storage,35.17,58.9,57.98,303.19,148.89,0.1086,running,normal,1,0,0.0981479402552431,LOW,No critical resource condition identified,Continue monitoring
2026-06-13 06:00:00,Azure,azure-sql-1807,compute,23.73,68.83,51.04,692.9,459.29,0.1277,running,normal,1,0,0.1059013965785005,LOW,No critical resource condition identified,Continue monitoring
2026-06-13 09:00:00,GCP,gcp-disk-1808,serverless,35.14,24.04,50.01,269.85,579.34,0.1128,running,normal,1,0,0.0872799730517211,LOW,No critical resource condition identified,Continue monitoring
2026-06-13 12:00:00,AWS,aws-ebs-1809,serverless,47.43,75.73,30.19,421.34,335.51,0.1666,running,normal,1,0,0.121388046638296,LOW,No critical resource condition identified,Continue monitoring
2026-06-13 15:00:00,Azure,azure-function-1810,database,43.0,59.29,43.7,269.96,564.83,0.1696,running,normal,1,0,0.1263278072388227,LOW,No critical resource condition identified,Continue monitoring
2026-06-13 18:00:00,GCP,gcp-function-1811,database,27.87,59.81,53.51,592.21,347.82,0.1246,running,normal,1,0,0.1311473688411318,LOW,No critical resource condition identified,Continue monitoring
2026-06-13 21:00:00,AWS,aws-lambda-1812,storage,48.36,22.1,36.6,631.69,285.4,0.1508,running,normal,1,0,0.1002579792076688,LOW,No critical resource condition identified,Continue monitoring
2026-06-14 00:00:00,Azure,azure-disk-1813,compute,41.92,81.37,24.62,570.78,569.11,0.1699,running,normal,1,0,0.0765179419503191,LOW,No critical resource condition identified,Continue monitoring
2026-06-14 03:00:00,GCP,gcp-disk-1814,compute,18.33,41.81,73.52,544.08,374.92,0.111,running,normal,1,0,0.0954572380636334,LOW,No critical resource condition identified,Continue monitoring
2026-06-14 06:00:00,AWS,aws-ebs-1815,compute,34.98,77.62,74.33,571.91,265.13,0.146,running,normal,1,0,0.1015571127581236,LOW,No critical resource condition identified,Continue monitoring
2026-06-14 09:00:00,Azure,azure-disk-1816,database,13.17,58.9,73.75,553.77,291.83,0.1019,running,normal,1,0,0.0820707839321697,LOW,No critical resource condition identified,Continue monitoring
2026-06-14 12:00:00,GCP,gcp-disk-1817,database,52.97,60.83,69.84,246.22,435.46,0.1663,running,normal,1,0,0.1277795355378836,LOW,No critical resource condition identified,Continue monitoring
2026-06-14 15:00:00,AWS,aws-ebs-1818,compute,62.52,75.17,56.51,430.2,359.54,0.1737,running,normal,1,0,0.1318263666805969,LOW,No critical resource condition identified,Continue monitoring
2026-06-14 18:00:00,Azure,azure-sql-1819,storage,54.11,62.22,23.09,283.8,647.52,0.1839,running,normal,1,0,0.0764620365937773,LOW,No critical resource condition identified,Continue monitoring
2026-06-14 21:00:00,GCP,gcp-sql-1820,storage,64.55,66.82,18.68,744.17,554.58,0.204,running,normal,1,0,0.0517410619561725,LOW,No critical resource condition identified,Continue monitoring
2026-06-15 00:00:00,AWS,aws-lambda-1821,compute,48.5,68.97,57.53,187.6,362.87,0.2158,running,normal,1,0,0.1055558476166761,LOW,No critical resource condition identified,Continue monitoring
2026-06-15 03:00:00,Azure,azure-vm-1822,serverless,26.85,81.9,64.96,703.34,439.71,0.1775,running,normal,1,0,0.0842936417986017,LOW,No critical resource condition identified,Continue monitoring
2026-06-15 06:00:00,GCP,gcp-function-1823,database,50.17,74.88,54.38,337.41,410.25,0.155,running,normal,1,0,0.1315423816946532,LOW,No critical resource condition identified,Continue monitoring
2026-06-15 09:00:00,AWS,aws-ec2-1824,compute,38.25,45.29,64.62,701.46,485.52,0.1763,running,normal,1,0,0.133938746707088,LOW,No critical resource condition identified,Continue monitoring
2026-06-15 12:00:00,Azure,azure-disk-1825,serverless,49.33,26.86,67.12,20.0,306.2,0.1323,running,normal,1,0,0.0744048602568389,LOW,No critical resource condition identified,Continue monitoring
2026-06-15 15:00:00,GCP,gcp-disk-1826,serverless,78.11,69.87,34.28,365.48,195.68,0.2249,running,normal,1,0,0.0490151855241762,LOW,No critical resource condition identified,Continue monitoring
2026-06-15 18:00:00,AWS,aws-rds-1827,serverless,46.81,57.9,67.26,436.8,340.37,0.1919,running,normal,1,0,0.1527466894113263,LOW,No critical resource condition identified,Continue monitoring
2026-06-15 21:00:00,Azure,azure-function-1828,compute,35.29,62.42,18.89,366.83,206.68,0.1353,running,normal,1,0,0.0858038571323066,LOW,No critical resource condition identified,Continue monitoring
2026-06-16 00:00:00,GCP,gcp-function-1829,storage,57.93,77.31,47.45,628.88,484.97,0.2028,running,normal,1,0,0.1115988553420855,LOW,No critical resource condition identified,Continue monitoring
2026-06-16 03:00:00,AWS,aws-lambda-1830,serverless,33.53,32.73,27.64,629.0,580.7,0.1226,running,normal,1,0,0.0800332267612263,LOW,No critical resource condition identified,Continue monitoring
2026-06-16 06:00:00,Azure,azure-disk-1831,database,54.86,48.8,51.61,355.8,562.25,0.1748,running,normal,1,0,0.139985442365822,LOW,No critical resource condition identified,Continue monitoring
2026-06-16 09:00:00,GCP,gcp-function-1832,database,54.44,58.25,29.44,517.15,526.64,0.1965,running,normal,1,0,0.1307105319050561,LOW,No critical resource condition identified,Continue monitoring
2026-06-16 12:00:00,AWS,aws-ebs-1833,serverless,30.4,42.17,51.79,428.0,220.2,0.1053,running,normal,1,0,0.1182205844759071,LOW,No critical resource condition identified,Continue monitoring
2026-06-16 15:00:00,Azure,azure-function-1834,database,41.97,47.63,94.4,773.42,243.48,0.1536,running,normal,1,0,0.0437468792936986,HIGH,Storage utilization exceeds 90%,Review storage usage and increase capacity if required
2026-06-16 18:00:00,GCP,gcp-function-1835,compute,23.45,45.94,44.35,495.49,506.11,0.1169,running,normal,1,0,0.1202755642087594,LOW,No critical resource condition identified,Continue monitoring
2026-06-16 21:00:00,AWS,aws-lambda-1836,compute,20.8,23.02,60.98,389.18,100.62,0.0885,running,normal,1,0,0.070784115936651,LOW,No critical resource condition identified,Continue monitoring
2026-06-17 00:00:00,Azure,azure-function-1837,storage,34.58,62.27,69.78,278.11,412.17,0.1538,running,normal,1,0,0.1321167457474414,LOW,No critical resource condition identified,Continue monitoring
2026-06-17 03:00:00,GCP,gcp-disk-1838,serverless,6.78,11.42,38.28,512.9,547.2,0.1408,running,underutilized,1,0,0.0411209436346042,MEDIUM,Resource has very low CPU and memory utilization,Consider right-sizing or reducing allocated capacity
2026-06-17 06:00:00,AWS,aws-lambda-1839,compute,44.39,52.95,66.64,361.73,186.36,0.1573,running,normal,1,0,0.1317091132300383,LOW,No critical resource condition identified,Continue monitoring
2026-06-17 09:00:00,Azure,azure-sql-1840,database,54.01,75.76,15.41,634.02,20.0,0.1787,running,normal,1,0,0.0040454136097243,LOW,No critical resource condition identified,Continue monitoring
2026-06-17 12:00:00,GCP,gcp-function-1841,storage,46.62,63.73,13.67,462.98,410.27,0.1963,running,normal,1,0,0.0909155885667959,LOW,No critical resource condition identified,Continue monitoring
2026-06-17 15:00:00,AWS,aws-rds-1842,database,28.29,31.38,70.55,454.8,311.11,0.1051,running,normal,1,0,0.1124300840456588,LOW,No critical resource condition identified,Continue monitoring
2026-06-17 18:00:00,Azure,azure-disk-1843,database,22.24,45.34,40.82,313.6,424.81,0.118,running,normal,1,0,0.118513217870719,LOW,No critical resource condition identified,Continue monitoring
2026-06-17 21:00:00,GCP,gcp-sql-1844,storage,83.86,88.17,26.92,285.4,230.5,0.2525,running,normal,-1,1,-0.0398493630884265,LOW,No critical resource condition identified,Continue monitoring
2026-06-18 00:00:00,AWS,aws-ebs-1845,serverless,80.95,49.81,62.12,543.68,305.89,0.2241,running,normal,1,0,0.065450327582888,LOW,No critical resource condition identified,Continue monitoring
2026-06-18 03:00:00,Azure,azure-function-1846,serverless,34.43,41.4,26.23,283.63,331.72,0.0906,running,normal,1,0,0.0871987275751017,LOW,No critical resource condition identified,Continue monitoring
2026-06-18 06:00:00,GCP,gcp-sql-1847,serverless,56.8,64.22,56.46,322.63,326.63,0.176,running,normal,1,0,0.146311218917171,LOW,No critical resource condition identified,Continue monitoring
2026-06-18 09:00:00,AWS,aws-ec2-1848,storage,32.04,29.69,18.36,505.26,432.46,0.1398,running,normal,1,0,0.0991349455863608,LOW,No critical resource condition identified,Continue monitoring
2026-06-18 12:00:00,Azure,azure-sql-1849,compute,43.67,45.31,22.0,575.38,418.97,0.1614,running,normal,1,0,0.123840226671852,LOW,No critical resource condition identified,Continue monitoring
2026-06-18 15:00:00,GCP,gcp-sql-1850,compute,48.69,52.5,34.33,664.08,728.05,0.1562,running,normal,1,0,0.0868545569056238,LOW,No critical resource condition identified,Continue monitoring
2026-06-18 18:00:00,AWS,aws-rds-1851,compute,57.03,16.34,37.5,213.66,365.5,0.1528,running,normal,1,0,0.0821101534563943,LOW,No critical resource condition identified,Continue monitoring
2026-06-18 21:00:00,Azure,azure-function-1852,database,35.76,78.46,56.64,238.1,324.59,0.181,running,normal,1,0,0.1022903009061615,LOW,No critical resource condition identified,Continue monitoring
2026-06-19 00:00:00,GCP,gcp-disk-1853,database,40.19,45.77,37.24,142.16,291.58,0.1564,running,normal,1,0,0.1162502986300577,LOW,No critical resource condition identified,Continue monitoring
2026-06-19 03:00:00,AWS,aws-ec2-1854,storage,47.53,89.93,48.18,646.91,304.29,0.1884,running,normal,1,0,0.0767823285905478,LOW,No critical resource condition identified,Continue monitoring
2026-06-19 06:00:00,Azure,azure-vm-1855,storage,41.33,65.98,31.99,450.02,513.4,0.1517,running,normal,1,0,0.1357610557532237,LOW,No critical resource condition identified,Continue monitoring
2026-06-19 09:00:00,GCP,gcp-ce-1856,serverless,42.03,13.85,40.53,516.89,679.26,0.1366,running,normal,1,0,0.0641280456729651,LOW,No critical resource condition identified,Continue monitoring
2026-06-19 12:00:00,AWS,aws-ebs-1857,serverless,5.33,16.24,30.25,623.74,517.33,0.1786,running,underutilized,1,0,0.0238850313755807,MEDIUM,Resource has very low CPU and memory utilization,Consider right-sizing or reducing allocated capacity
2026-06-19 15:00:00,Azure,azure-vm-1858,storage,51.13,42.57,48.76,479.65,463.98,0.1706,running,normal,1,0,0.1541231237823475,LOW,No critical resource condition identified,Continue monitoring
2026-06-19 18:00:00,GCP,gcp-disk-1859,database,46.52,18.55,41.53,358.35,478.68,0.1611,running,normal,1,0,0.1078535714053401,LOW,No critical resource condition identified,Continue monitoring
2026-06-19 21:00:00,AWS,aws-ec2-1860,compute,40.8,56.26,19.7,629.44,406.64,0.156,running,normal,1,0,0.1045291949300427,LOW,No critical resource condition identified,Continue monitoring
2026-06-20 00:00:00,Azure,azure-vm-1861,serverless,60.22,45.75,71.48,653.92,297.42,0.1999,running,normal,1,0,0.1139885112769543,LOW,No critical resource condition identified,Continue monitoring
2026-06-20 03:00:00,GCP,gcp-sql-1862,serverless,46.78,51.25,5.0,416.61,181.77,0.1775,running,normal,1,0,0.0495804090317748,LOW,No critical resource condition identified,Continue monitoring
2026-06-20 06:00:00,AWS,aws-ec2-1863,database,40.71,31.86,34.85,799.68,289.25,0.103,running,normal,1,0,0.0733334447447373,LOW,No critical resource condition identified,Continue monitoring
2026-06-20 09:00:00,Azure,azure-function-1864,serverless,74.87,68.69,72.03,459.53,67.79,0.2082,running,normal,1,0,0.0283791301322676,LOW,No critical resource condition identified,Continue monitoring
2026-06-20 12:00:00,GCP,gcp-ce-1865,serverless,44.76,46.74,28.72,269.69,694.1,0.1819,running,normal,1,0,0.0744313380723715,LOW,No critical resource condition identified,Continue monitoring
2026-06-20 15:00:00,AWS,aws-ebs-1866,serverless,27.34,61.57,83.19,174.74,474.22,0.1413,running,normal,1,0,0.0861242552520411,LOW,No critical resource condition identified,Continue monitoring
2026-06-20 18:00:00,Azure,azure-sql-1867,serverless,81.65,45.8,61.46,465.16,298.86,0.2085,running,normal,1,0,0.0708657812128973,LOW,No critical resource condition identified,Continue monitoring
2026-06-20 21:00:00,GCP,gcp-ce-1868,database,29.14,41.66,38.88,298.36,450.17,0.1283,running,normal,1,0,0.1265187311011422,LOW,No critical resource condition identified,Continue monitoring
2026-06-21 00:00:00,AWS,aws-ec2-1869,compute,34.61,77.98,44.71,455.42,371.98,0.1778,running,normal,1,0,0.1297283121128405,LOW,No critical resource condition identified,Continue monitoring
2026-06-21 03:00:00,Azure,azure-disk-1870,database,45.48,34.3,86.5,604.14,326.93,0.1656,running,normal,1,0,0.0998757868822078,LOW,No critical resource condition identified,Continue monitoring
2026-06-21 06:00:00,GCP,gcp-ce-1871,compute,71.61,33.41,59.64,590.79,818.39,0.1812,running,normal,1,0,0.0478611486596825,LOW,No critical resource condition identified,Continue monitoring
2026-06-21 09:00:00,AWS,aws-lambda-1872,storage,22.66,47.84,48.05,259.4,449.95,0.1308,running,normal,1,0,0.1215385339293428,LOW,No critical resource condition identified,Continue monitoring
2026-06-21 12:00:00,Azure,azure-disk-1873,database,42.33,49.92,52.35,649.77,443.51,0.1343,running,normal,1,0,0.1399690787592705,LOW,No critical resource condition identified,Continue monitoring
2026-06-21 15:00:00,GCP,gcp-ce-1874,database,65.23,73.36,83.49,473.51,522.13,0.1846,running,normal,1,0,0.08840843803876,LOW,No critical resource condition identified,Continue monitoring
2026-06-21 18:00:00,AWS,aws-rds-1875,database,43.87,98.0,54.07,294.51,465.25,0.1817,running,normal,1,0,0.0519060329475266,LOW,No critical resource condition identified,Continue monitoring
2026-06-21 21:00:00,Azure,azure-function-1876,serverless,64.2,56.22,40.16,394.06,646.8,0.1967,running,normal,1,0,0.1031512618840063,LOW,No critical resource condition identified,Continue monitoring
2026-06-22 00:00:00,GCP,gcp-sql-1877,storage,48.3,56.18,69.73,533.77,519.51,0.1621,running,normal,1,0,0.148248015129085,LOW,No critical resource condition identified,Continue monitoring
2026-06-22 03:00:00,AWS,aws-ebs-1878,serverless,70.77,38.34,33.44,669.78,326.84,0.1806,running,normal,1,0,0.0920019696936485,LOW,No critical resource condition identified,Continue monitoring
2026-06-22 06:00:00,Azure,azure-vm-1879,database,16.67,40.29,52.61,490.18,585.28,0.1363,running,normal,1,0,0.1009887266881994,LOW,No critical resource condition identified,Continue monitoring
2026-06-22 09:00:00,GCP,gcp-sql-1880,serverless,42.32,38.78,48.36,555.4,531.51,0.1556,running,normal,1,0,0.1399032959414845,LOW,No critical resource condition identified,Continue monitoring
2026-06-22 12:00:00,AWS,aws-lambda-1881,storage,67.7,65.84,47.36,299.91,262.79,0.1853,running,normal,1,0,0.1124589793065481,LOW,No critical resource condition identified,Continue monitoring
2026-06-22 15:00:00,Azure,azure-sql-1882,compute,19.54,40.93,52.87,288.06,469.42,0.1026,running,normal,1,0,0.1038142679707301,LOW,No critical resource condition identified,Continue monitoring
2026-06-22 18:00:00,GCP,gcp-sql-1883,serverless,52.06,34.73,43.15,534.18,278.07,0.1273,running,normal,1,0,0.1261357435207939,LOW,No critical resource condition identified,Continue monitoring
2026-06-22 21:00:00,AWS,aws-rds-1884,serverless,21.27,43.74,81.3,201.85,354.78,0.14,running,normal,1,0,0.0800052307880803,LOW,No critical resource condition identified,Continue monitoring
2026-06-23 00:00:00,Azure,azure-disk-1885,serverless,42.18,57.73,81.92,354.45,278.78,0.1314,running,normal,1,0,0.1112429482952644,LOW,No critical resource condition identified,Continue monitoring
2026-06-23 03:00:00,GCP,gcp-ce-1886,compute,36.65,33.64,69.48,358.49,463.51,0.1043,running,normal,1,0,0.1109082851458035,LOW,No critical resource condition identified,Continue monitoring
2026-06-23 06:00:00,AWS,aws-lambda-1887,serverless,37.34,89.8,66.64,426.89,911.83,0.1709,running,normal,1,0,0.0038473344592452,LOW,No critical resource condition identified,Continue monitoring
2026-06-23 09:00:00,Azure,azure-function-1888,database,40.61,25.74,53.15,460.07,350.77,0.1441,running,normal,1,0,0.1403813607378493,LOW,No critical resource condition identified,Continue monitoring
2026-06-23 12:00:00,GCP,gcp-disk-1889,database,59.77,23.3,33.03,459.69,500.82,0.1788,running,normal,1,0,0.0998364191438973,LOW,No critical resource condition identified,Continue monitoring
2026-06-23 15:00:00,AWS,aws-rds-1890,storage,29.29,55.94,42.06,400.67,384.98,0.1427,running,normal,1,0,0.1423999078427943,LOW,No critical resource condition identified,Continue monitoring
2026-06-23 18:00:00,Azure,azure-function-1891,database,52.77,5.0,35.93,242.76,592.52,0.1232,running,normal,1,0,0.0394933400645282,LOW,No critical resource condition identified,Continue monitoring
2026-06-23 21:00:00,GCP,gcp-ce-1892,storage,34.28,42.75,49.94,374.03,331.33,0.1146,running,normal,1,0,0.1370602505977268,LOW,No critical resource condition identified,Continue monitoring
2026-06-24 00:00:00,AWS,aws-lambda-1893,database,50.52,24.29,63.2,587.53,555.95,0.1526,running,normal,1,0,0.1205084618054359,LOW,No critical resource condition identified,Continue monitoring
2026-06-24 03:00:00,Azure,azure-function-1894,serverless,39.57,31.18,17.32,766.02,683.01,0.1294,running,normal,1,0,0.0230556732063942,LOW,No critical resource condition identified,Continue monitoring
2026-06-24 06:00:00,GCP,gcp-disk-1895,serverless,0.85,6.95,8.67,840.15,449.98,0.5633,stopped,stopped_with_cost,-1,1,-0.1290667328800495,HIGH,Resource is stopped but still generating cost,Investigate billing and remove or right-size unused resources
2026-06-24 09:00:00,AWS,aws-ec2-1896,serverless,4.12,44.55,40.72,395.52,311.83,0.071,running,normal,1,0,0.0698513951661573,LOW,No critical resource condition identified,Continue monitoring
2026-06-24 12:00:00,Azure,azure-function-1897,serverless,39.6,25.24,49.25,396.91,326.24,0.0917,running,normal,1,0,0.1098565690746581,LOW,No critical resource condition identified,Continue monitoring
2026-06-24 15:00:00,GCP,gcp-ce-1898,compute,46.14,35.45,40.23,657.41,485.06,0.1674,running,normal,1,0,0.1318044326281555,LOW,No critical resource condition identified,Continue monitoring
2026-06-24 18:00:00,AWS,aws-ec2-1899,storage,12.94,44.28,43.5,670.26,319.0,0.1086,running,normal,1,0,0.0854980819166943,LOW,No critical resource condition identified,Continue monitoring
2026-06-24 21:00:00,Azure,azure-disk-1900,storage,42.59,64.9,13.9,159.48,34.66,0.1615,running,normal,1,0,0.0048393006509808,LOW,No critical resource condition identified,Continue monitoring
2026-06-25 00:00:00,GCP,gcp-function-1901,storage,32.81,39.86,45.58,709.87,671.01,0.1506,running,normal,1,0,0.0855563449285217,LOW,No critical resource condition identified,Continue monitoring
2026-06-25 03:00:00,AWS,aws-rds-1902,storage,40.39,42.96,45.42,273.83,372.0,0.1211,running,normal,1,0,0.1298196835335052,LOW,No critical resource condition identified,Continue monitoring
2026-06-25 06:00:00,Azure,azure-sql-1903,storage,70.73,20.67,86.03,166.95,208.27,0.1508,running,normal,1,0,0.0181798104490547,LOW,No critical resource condition identified,Continue monitoring
2026-06-25 09:00:00,GCP,gcp-ce-1904,database,40.61,35.73,20.48,653.87,527.78,0.1634,running,normal,1,0,0.0894402085272889,LOW,No critical resource condition identified,Continue monitoring
2026-06-25 12:00:00,AWS,aws-lambda-1905,compute,22.6,58.37,40.61,349.41,223.48,0.1363,running,normal,1,0,0.1114781922690519,LOW,No critical resource condition identified,Continue monitoring
2026-06-25 15:00:00,Azure,azure-disk-1906,storage,33.6,53.17,21.24,426.63,20.0,0.1083,running,normal,1,0,0.0375745379226775,LOW,No critical resource condition identified,Continue monitoring
2026-06-25 18:00:00,GCP,gcp-ce-1907,storage,12.59,27.62,52.34,768.5,432.35,0.1055,running,normal,1,0,0.0640843096152333,LOW,No critical resource condition identified,Continue monitoring
2026-06-25 21:00:00,AWS,aws-rds-1908,serverless,46.48,38.15,62.49,160.87,542.4,0.1449,running,normal,1,0,0.1065960385535284,LOW,No critical resource condition identified,Continue monitoring
2026-06-26 00:00:00,Azure,azure-function-1909,serverless,27.36,71.58,43.83,500.11,259.27,0.1431,running,normal,1,0,0.1188637740212616,LOW,No critical resource condition identified,Continue monitoring
2026-06-26 03:00:00,GCP,gcp-disk-1910,database,51.67,55.77,29.93,388.43,485.95,0.1664,running,normal,1,0,0.1370808411428569,LOW,No critical resource condition identified,Continue monitoring
2026-06-26 06:00:00,AWS,aws-ec2-1911,storage,27.88,69.45,24.91,567.86,513.3,0.1413,running,normal,1,0,0.0968580412223869,LOW,No critical resource condition identified,Continue monitoring
2026-06-26 09:00:00,Azure,azure-function-1912,serverless,33.93,59.47,26.45,467.45,163.77,0.1376,running,normal,1,0,0.1013141219302559,LOW,No critical resource condition identified,Continue monitoring
2026-06-26 12:00:00,GCP,gcp-disk-1913,storage,35.98,28.57,34.82,281.85,189.77,0.1325,running,normal,1,0,0.0972517562866597,LOW,No critical resource condition identified,Continue monitoring
2026-06-26 15:00:00,AWS,aws-ebs-1914,compute,33.78,66.46,32.77,719.59,262.93,0.161,running,normal,1,0,0.0959103837632902,LOW,No critical resource condition identified,Continue monitoring
2026-06-26 18:00:00,Azure,azure-disk-1915,storage,20.26,33.04,71.4,305.17,556.11,0.0976,running,normal,1,0,0.0781060982298271,LOW,No critical resource condition identified,Continue monitoring
2026-06-26 21:00:00,GCP,gcp-function-1916,database,34.05,34.24,52.51,466.78,474.02,0.1199,running,normal,1,0,0.1402601996996313,LOW,No critical resource condition identified,Continue monitoring
2026-06-27 00:00:00,AWS,aws-lambda-1917,storage,26.47,69.41,45.71,391.3,473.95,0.1414,running,normal,1,0,0.1298989254232794,LOW,No critical resource condition identified,Continue monitoring
2026-06-27 03:00:00,Azure,azure-sql-1918,database,64.04,51.51,14.37,513.38,310.52,0.1706,running,normal,1,0,0.086530188969395,LOW,No critical resource condition identified,Continue monitoring
2026-06-27 06:00:00,GCP,gcp-function-1919,compute,9.62,34.92,50.4,734.11,488.62,0.0841,running,normal,1,0,0.0621500769395593,LOW,No critical resource condition identified,Continue monitoring
2026-06-27 09:00:00,AWS,aws-ec2-1920,compute,49.78,58.78,30.38,575.57,317.78,0.18,running,normal,1,0,0.1386306825422051,LOW,No critical resource condition identified,Continue monitoring
2026-06-27 12:00:00,Azure,azure-sql-1921,serverless,37.58,70.69,47.12,674.86,481.22,0.1641,running,normal,1,0,0.1283863965981824,LOW,No critical resource condition identified,Continue monitoring
2026-06-27 15:00:00,GCP,gcp-sql-1922,database,53.49,8.74,28.35,699.14,199.05,0.1484,running,normal,1,0,0.0292659503773705,LOW,No critical resource condition identified,Continue monitoring
2026-06-27 18:00:00,AWS,aws-rds-1923,serverless,9.09,39.76,89.56,294.61,272.92,0.0718,running,normal,1,0,0.0225329709704399,LOW,No critical resource condition identified,Continue monitoring
2026-06-27 21:00:00,Azure,azure-vm-1924,database,33.73,75.44,59.59,284.53,204.23,0.1681,running,normal,1,0,0.0996389796205466,LOW,No critical resource condition identified,Continue monitoring
2026-06-28 00:00:00,GCP,gcp-function-1925,database,12.9,29.91,23.21,81.71,224.08,0.0656,running,normal,1,0,0.0076181102115561,LOW,No critical resource condition identified,Continue monitoring
2026-06-28 03:00:00,AWS,aws-lambda-1926,serverless,40.2,46.98,58.19,407.28,464.02,0.1495,running,normal,1,0,0.15303401960222,LOW,No critical resource condition identified,Continue monitoring
2026-06-28 06:00:00,Azure,azure-function-1927,compute,61.4,30.53,55.4,307.49,471.4,0.1415,running,normal,1,0,0.1227597643111855,LOW,No critical resource condition identified,Continue monitoring
2026-06-28 09:00:00,GCP,gcp-sql-1928,database,62.96,59.05,65.08,517.29,427.6,0.183,running,normal,1,0,0.1464774588623797,LOW,No critical resource condition identified,Continue monitoring
2026-06-28 12:00:00,AWS,aws-ebs-1929,database,43.86,47.9,79.83,446.32,412.11,0.1585,running,normal,1,0,0.1372732444143876,LOW,No critical resource condition identified,Continue monitoring
2026-06-28 15:00:00,Azure,azure-vm-1930,database,51.8,49.3,84.84,591.92,304.72,0.176,running,normal,1,0,0.1202706752485909,LOW,No critical resource condition identified,Continue monitoring
2026-06-28 18:00:00,GCP,gcp-disk-1931,serverless,35.56,53.4,46.02,460.53,258.37,0.1491,running,normal,1,0,0.1498079291469043,LOW,No critical resource condition identified,Continue monitoring
2026-06-28 21:00:00,AWS,aws-ebs-1932,database,44.82,42.59,63.79,307.04,573.6,0.1652,running,normal,1,0,0.1281952637295794,LOW,No critical resource condition identified,Continue monitoring
2026-06-29 00:00:00,Azure,azure-vm-1933,storage,36.24,51.97,55.6,349.17,613.3,0.1539,running,normal,1,0,0.128523941405349,LOW,No critical resource condition identified,Continue monitoring
2026-06-29 03:00:00,GCP,gcp-disk-1934,storage,46.75,30.31,31.39,717.8,692.0,0.1677,running,normal,1,0,0.0660284564296332,LOW,No critical resource condition identified,Continue monitoring
2026-06-29 06:00:00,AWS,aws-rds-1935,compute,55.02,55.92,58.8,582.48,281.34,0.1855,running,normal,1,0,0.1456996971012928,LOW,No critical resource condition identified,Continue monitoring
2026-06-29 09:00:00,Azure,azure-function-1936,compute,39.36,58.58,35.01,212.97,583.64,0.1451,running,normal,1,0,0.10939602317471,LOW,No critical resource condition identified,Continue monitoring
2026-06-29 12:00:00,GCP,gcp-ce-1937,serverless,67.98,65.36,43.19,237.62,344.49,0.2045,running,normal,1,0,0.1017810734286469,LOW,No critical resource condition identified,Continue monitoring
2026-06-29 15:00:00,AWS,aws-ec2-1938,serverless,48.81,63.66,47.16,531.0,242.09,0.2079,running,normal,1,0,0.1361604211265587,LOW,No critical resource condition identified,Continue monitoring
2026-06-29 18:00:00,Azure,azure-disk-1939,database,55.2,42.61,48.16,449.22,253.75,0.1675,running,normal,1,0,0.1418957018062833,LOW,No critical resource condition identified,Continue monitoring
2026-06-29 21:00:00,GCP,gcp-sql-1940,database,59.27,61.5,13.27,307.34,622.3,0.249,running,normal,1,0,0.0219751485163962,LOW,No critical resource condition identified,Continue monitoring
2026-06-30 00:00:00,AWS,aws-ebs-1941,storage,54.45,34.75,67.9,251.78,206.31,0.1295,running,normal,1,0,0.0912330357165838,LOW,No critical resource condition identified,Continue monitoring
2026-06-30 03:00:00,Azure,azure-vm-1942,database,46.82,49.72,25.49,329.27,300.73,0.1315,running,normal,1,0,0.1217121392993022,LOW,No critical resource condition identified,Continue monitoring
2026-06-30 06:00:00,GCP,gcp-function-1943,serverless,55.4,61.9,22.13,396.61,696.97,0.1698,running,normal,1,0,0.078658074933095,LOW,No critical resource condition identified,Continue monitoring
2026-06-30 09:00:00,AWS,aws-ec2-1944,compute,64.67,55.32,39.37,462.02,413.02,0.1874,running,normal,1,0,0.1365692318237992,LOW,No critical resource condition identified,Continue monitoring
2026-06-30 12:00:00,Azure,azure-vm-1945,storage,64.2,31.2,41.99,409.48,214.96,0.1357,running,normal,1,0,0.1009578485770389,LOW,No critical resource condition identified,Continue monitoring
2026-06-30 15:00:00,GCP,gcp-sql-1946,compute,19.06,53.19,71.26,601.58,379.73,0.0932,running,normal,1,0,0.0904267150298636,LOW,No critical resource condition identified,Continue monitoring
2026-06-30 18:00:00,AWS,aws-lambda-1947,storage,52.64,84.85,31.5,20.0,231.45,0.1892,running,normal,1,0,0.0294000174409659,LOW,No critical resource condition identified,Continue monitoring
2026-06-30 21:00:00,Azure,azure-vm-1948,serverless,19.45,43.62,23.08,543.71,334.17,0.1022,running,normal,1,0,0.0798712127632353,LOW,No critical resource condition identified,Continue monitoring
2026-07-01 00:00:00,GCP,gcp-ce-1949,storage,45.77,53.64,51.6,437.0,234.7,0.144,running,normal,1,0,0.1482264911999875,LOW,No critical resource condition identified,Continue monitoring
2026-07-01 03:00:00,AWS,aws-ec2-1950,database,20.72,42.46,49.97,395.4,571.84,0.1098,running,normal,1,0,0.1032988612599587,LOW,No critical resource condition identified,Continue monitoring
2026-07-01 06:00:00,Azure,azure-function-1951,serverless,77.59,75.33,45.27,441.09,407.48,0.2258,running,normal,1,0,0.0743148612308912,LOW,No critical resource condition identified,Continue monitoring
2026-07-01 09:00:00,GCP,gcp-sql-1952,compute,48.72,49.19,22.58,461.21,97.09,0.1449,running,normal,1,0,0.0868584707168071,LOW,No critical resource condition identified,Continue monitoring
2026-07-01 12:00:00,AWS,aws-ebs-1953,serverless,78.84,60.29,76.97,566.14,580.01,0.2473,running,normal,1,0,0.034824885976726,LOW,No critical resource condition identified,Continue monitoring
2026-07-01 15:00:00,Azure,azure-vm-1954,compute,57.04,49.93,52.41,405.24,304.6,0.194,running,normal,1,0,0.1462700061162578,LOW,No critical resource condition identified,Continue monitoring
2026-07-01 18:00:00,GCP,gcp-ce-1955,database,54.44,21.58,31.38,330.72,490.33,0.1398,running,normal,1,0,0.0979745175408969,LOW,No critical resource condition identified,Continue monitoring
2026-07-01 21:00:00,AWS,aws-lambda-1956,storage,86.87,51.28,57.98,352.69,295.58,0.243,running,normal,1,0,0.0350781723616258,LOW,No critical resource condition identified,Continue monitoring
2026-07-02 00:00:00,Azure,azure-disk-1957,serverless,23.19,42.71,35.24,272.52,405.67,0.074,running,normal,1,0,0.0830714914547994,LOW,No critical resource condition identified,Continue monitoring
2026-07-02 03:00:00,GCP,gcp-function-1958,compute,20.53,77.24,36.11,407.25,305.24,0.1356,running,normal,1,0,0.0914363662376198,LOW,No critical resource condition identified,Continue monitoring
2026-07-02 06:00:00,AWS,aws-lambda-1959,database,5.59,12.97,82.33,494.8,651.24,0.2081,running,underutilized,-1,1,-0.0070654475667026,MEDIUM,Resource has very low CPU and memory utilization,Consider right-sizing or reducing allocated capacity
2026-07-02 09:00:00,Azure,azure-function-1960,storage,17.21,20.75,51.86,249.47,398.86,0.0875,running,normal,1,0,0.0768464300649268,LOW,No critical resource condition identified,Continue monitoring
2026-07-02 12:00:00,GCP,gcp-sql-1961,database,61.18,48.39,56.82,234.64,371.47,0.1891,running,normal,1,0,0.1251050111434404,LOW,No critical resource condition identified,Continue monitoring
2026-07-02 15:00:00,AWS,aws-lambda-1962,storage,35.18,32.2,34.87,198.17,377.89,0.1296,running,normal,1,0,0.1118196875388934,LOW,No critical resource condition identified,Continue monitoring
2026-07-02 18:00:00,Azure,azure-disk-1963,database,41.03,68.99,35.77,346.46,264.64,0.1419,running,normal,1,0,0.1210778934371973,LOW,No critical resource condition identified,Continue monitoring
2026-07-02 21:00:00,GCP,gcp-sql-1964,serverless,45.99,72.94,74.64,153.68,503.65,0.1739,running,normal,1,0,0.0897304810374878,LOW,No critical resource condition identified,Continue monitoring
2026-07-03 00:00:00,AWS,aws-ec2-1965,storage,13.93,76.33,58.3,294.26,306.33,0.0984,running,normal,1,0,0.0650649627803232,LOW,No critical resource condition identified,Continue monitoring
2026-07-03 03:00:00,Azure,azure-disk-1966,compute,21.15,63.98,73.54,445.08,351.1,0.1354,running,normal,1,0,0.1198903165321385,LOW,No critical resource condition identified,Continue monitoring
2026-07-03 06:00:00,GCP,gcp-sql-1967,compute,33.25,44.66,52.96,451.68,433.66,0.1104,running,normal,1,0,0.1379584641828515,LOW,No critical resource condition identified,Continue monitoring
2026-07-03 09:00:00,AWS,aws-ebs-1968,compute,90.95,43.02,54.47,959.26,431.05,0.2276,running,normal,-1,1,-0.0193994631765418,LOW,No critical resource condition identified,Continue monitoring
2026-07-03 12:00:00,Azure,azure-function-1969,compute,24.14,57.69,38.53,415.92,172.17,0.1443,running,normal,1,0,0.1081389960767957,LOW,No critical resource condition identified,Continue monitoring
2026-07-03 15:00:00,GCP,gcp-disk-1970,compute,67.55,40.93,54.69,601.45,475.85,0.1527,running,normal,1,0,0.1229300746600068,LOW,No critical resource condition identified,Continue monitoring
2026-07-03 18:00:00,AWS,aws-ebs-1971,serverless,39.08,48.04,15.8,484.59,181.7,0.1361,running,normal,1,0,0.0819546949489565,LOW,No critical resource condition identified,Continue monitoring
2026-07-03 21:00:00,Azure,azure-vm-1972,database,64.33,35.25,77.03,620.43,331.29,0.1571,running,normal,1,0,0.0999071585924844,LOW,No critical resource condition identified,Continue monitoring
2026-07-04 00:00:00,GCP,gcp-disk-1973,compute,31.73,71.59,34.41,287.88,437.38,0.1391,running,normal,1,0,0.1096860169617044,LOW,No critical resource condition identified,Continue monitoring
2026-07-04 03:00:00,AWS,aws-lambda-1974,compute,47.11,52.18,52.1,145.24,462.69,0.157,running,normal,1,0,0.126490183051151,LOW,No critical resource condition identified,Continue monitoring
2026-07-04 06:00:00,Azure,azure-sql-1975,compute,41.36,68.58,42.15,494.49,350.22,0.1707,running,normal,1,0,0.143354039929856,LOW,No critical resource condition identified,Continue monitoring
2026-07-04 09:00:00,GCP,gcp-disk-1976,storage,81.31,65.73,78.83,172.94,172.58,0.2066,running,normal,1,0,0.016343959435171,LOW,No critical resource condition identified,Continue monitoring
2026-07-04 12:00:00,AWS,aws-ec2-1977,serverless,15.44,70.73,91.08,680.58,573.68,0.1382,running,normal,1,0,0.0270549187820906,HIGH,Storage utilization exceeds 90%,Review storage usage and increase capacity if required
2026-07-04 15:00:00,Azure,azure-disk-1978,compute,82.9,43.66,38.9,649.31,587.79,0.2013,running,normal,1,0,0.0506927181171371,LOW,No critical resource condition identified,Continue monitoring
2026-07-04 18:00:00,GCP,gcp-sql-1979,serverless,46.25,69.87,31.92,646.14,416.26,0.2114,running,normal,1,0,0.1102610461629673,LOW,No critical resource condition identified,Continue monitoring
2026-07-04 21:00:00,AWS,aws-ec2-1980,compute,55.34,43.93,12.09,406.71,358.99,0.1396,running,normal,1,0,0.0821601868244658,LOW,No critical resource condition identified,Continue monitoring
2026-07-05 00:00:00,Azure,azure-vm-1981,database,38.74,54.38,49.94,376.01,386.32,0.1351,running,normal,1,0,0.1525028557031441,LOW,No critical resource condition identified,Continue monitoring
2026-07-05 03:00:00,GCP,gcp-disk-1982,database,28.8,54.82,53.23,420.08,787.37,0.1391,running,normal,1,0,0.079956719629682,LOW,No critical resource condition identified,Continue monitoring
2026-07-05 06:00:00,AWS,aws-ec2-1983,database,27.52,62.35,34.28,347.77,313.88,0.1196,running,normal,1,0,0.1186042212651762,LOW,No critical resource condition identified,Continue monitoring
2026-07-05 09:00:00,Azure,azure-disk-1984,serverless,4.57,16.39,79.21,585.17,483.83,0.2135,running,underutilized,1,0,0.0224143019469659,MEDIUM,Resource has very low CPU and memory utilization,Consider right-sizing or reducing allocated capacity
2026-07-05 12:00:00,GCP,gcp-disk-1985,storage,45.05,38.33,59.75,303.07,485.36,0.1502,running,normal,1,0,0.1331444381233863,LOW,No critical resource condition identified,Continue monitoring
2026-07-05 15:00:00,AWS,aws-ec2-1986,storage,18.22,52.93,38.74,965.21,424.93,0.1185,running,normal,1,0,0.0420837306628505,LOW,No critical resource condition identified,Continue monitoring
2026-07-05 18:00:00,Azure,azure-disk-1987,database,38.7,35.76,54.73,566.95,501.43,0.1383,running,normal,1,0,0.1360504384395693,LOW,No critical resource condition identified,Continue monitoring
2026-07-05 21:00:00,GCP,gcp-ce-1988,serverless,51.06,57.65,69.89,460.15,269.31,0.1651,running,normal,1,0,0.1436153844056213,LOW,No critical resource condition identified,Continue monitoring
2026-07-06 00:00:00,AWS,aws-rds-1989,storage,12.95,66.53,78.4,222.26,416.07,0.1094,running,normal,1,0,0.0576055794130961,LOW,No critical resource condition identified,Continue monitoring
2026-07-06 03:00:00,Azure,azure-vm-1990,compute,21.73,30.07,41.97,423.83,219.85,0.1114,running,normal,1,0,0.0941849868363743,LOW,No critical resource condition identified,Continue monitoring
2026-07-06 06:00:00,GCP,gcp-disk-1991,storage,50.09,47.68,64.75,281.98,176.42,0.1478,running,normal,1,0,0.1173628102187201,LOW,No critical resource condition identified,Continue monitoring
2026-07-06 09:00:00,AWS,aws-ec2-1992,compute,20.02,53.28,32.84,188.55,554.45,0.108,running,normal,1,0,0.0816286338053193,LOW,No critical resource condition identified,Continue monitoring
2026-07-06 12:00:00,Azure,azure-disk-1993,serverless,50.31,46.19,5.0,245.38,379.89,0.1604,running,normal,1,0,0.0584563706443081,LOW,No critical resource condition identified,Continue monitoring
2026-07-06 15:00:00,GCP,gcp-function-1994,serverless,24.8,54.22,47.61,583.83,570.69,0.1406,running,normal,1,0,0.1228327368677712,LOW,No critical resource condition identified,Continue monitoring
2026-07-06 18:00:00,AWS,aws-lambda-1995,database,95.82,28.06,37.44,612.24,520.44,0.2261,running,normal,1,0,0.0007521720902677,LOW,No critical resource condition identified,Continue monitoring
2026-07-06 21:00:00,Azure,azure-function-1996,storage,73.61,46.33,72.92,83.97,441.05,0.1795,running,normal,1,0,0.0687479304956401,LOW,No critical resource condition identified,Continue monitoring
2026-07-07 00:00:00,GCP,gcp-ce-1997,serverless,51.59,30.94,46.86,417.57,479.25,0.1649,running,normal,1,0,0.1443371766278747,LOW,No critical resource condition identified,Continue monitoring
2026-07-07 03:00:00,AWS,aws-rds-1998,database,22.03,51.94,98.0,746.28,20.0,0.1209,running,normal,-1,1,-0.0334025456552298,HIGH,Storage utilization exceeds 90%,Review storage usage and increase capacity if required
2026-07-07 06:00:00,Azure,azure-sql-1999,storage,36.72,45.19,59.04,243.28,590.19,0.1371,running,normal,1,0,0.1109173569229287,LOW,No critical resource condition identified,Continue monitoring
2026-07-07 09:00:00,GCP,gcp-disk-2000,serverless,17.19,40.01,36.57,835.91,290.4,0.078,running,normal,1,0,0.0424935492563045,LOW,No critical resource condition identified,Continue monitoring
2026-07-07 12:00:00,AWS,aws-ebs-2001,database,59.11,90.98,76.14,483.83,257.37,0.2306,running,normal,1,0,0.0297147162045074,LOW,No critical resource condition identified,Continue monitoring
2026-07-07 15:00:00,Azure,azure-vm-2002,storage,37.49,27.46,38.7,408.04,516.91,0.1209,running,normal,1,0,0.1150425601690218,LOW,No critical resource condition identified,Continue monitoring
2026-07-07 18:00:00,GCP,gcp-function-2003,storage,48.77,51.31,36.91,365.86,462.16,0.1816,running,normal,1,0,0.1473163946995507,LOW,No critical resource condition identified,Continue monitoring
2026-07-07 21:00:00,AWS,aws-rds-2004,storage,62.25,36.03,47.69,443.16,190.19,0.1674,running,normal,1,0,0.1170180428753694,LOW,No critical resource condition identified,Continue monitoring
2026-07-08 00:00:00,Azure,azure-vm-2005,compute,23.64,50.18,75.63,823.95,604.82,0.1165,running,normal,1,0,0.0559851607731565,LOW,No critical resource condition identified,Continue monitoring
2026-07-08 03:00:00,GCP,gcp-disk-2006,database,50.11,36.1,13.73,387.99,515.62,0.1564,running,normal,1,0,0.0851309188593537,LOW,No critical resource condition identified,Continue monitoring
2026-07-08 06:00:00,AWS,aws-ebs-2007,serverless,97.46,70.35,42.51,1306.63,1208.25,0.1811,running,high_cpu_and_traffic,-1,1,-0.1245965420992171,HIGH,High CPU and network traffic,Investigate workload and consider scaling resources
2026-07-08 09:00:00,Azure,azure-sql-2008,serverless,42.38,35.77,50.16,555.16,366.09,0.1105,running,normal,1,0,0.1316898496683251,LOW,No critical resource condition identified,Continue monitoring
2026-07-08 12:00:00,GCP,gcp-sql-2009,compute,4.81,10.38,20.03,638.17,390.82,0.1084,running,underutilized,-1,1,-0.0080270973808789,MEDIUM,Resource has very low CPU and memory utilization,Consider right-sizing or reducing allocated capacity
2026-07-08 15:00:00,AWS,aws-lambda-2010,serverless,42.71,41.27,10.87,678.97,360.9,0.1369,running,normal,1,0,0.0664501314719086,LOW,No critical resource condition identified,Continue monitoring
2026-07-08 18:00:00,Azure,azure-function-2011,storage,21.63,52.41,36.33,355.42,223.43,0.1066,running,normal,1,0,0.0957183984371485,LOW,No critical resource condition identified,Continue monitoring
2026-07-08 21:00:00,GCP,gcp-ce-2012,compute,54.58,35.86,46.18,609.92,133.98,0.1553,running,normal,1,0,0.1047607476621704,LOW,No critical resource condition identified,Continue monitoring
2026-07-09 00:00:00,AWS,aws-lambda-2013,storage,49.7,40.19,23.66,688.37,547.21,0.1324,running,normal,1,0,0.0891718231934438,LOW,No critical resource condition identified,Continue monitoring
2026-07-09 03:00:00,Azure,azure-vm-2014,storage,39.87,77.01,60.33,503.9,236.5,0.1736,running,normal,1,0,0.1197594448704599,LOW,No critical resource condition identified,Continue monitoring
2026-07-09 06:00:00,GCP,gcp-function-2015,database,52.6,35.15,64.09,853.47,365.18,0.1696,running,normal,1,0,0.1067070969953071,LOW,No critical resource condition identified,Continue monitoring
2026-07-09 09:00:00,AWS,aws-lambda-2016,serverless,17.87,49.99,48.87,773.82,112.8,0.1103,running,normal,1,0,0.0437834113361129,LOW,No critical resource condition identified,Continue monitoring
2026-07-09 12:00:00,Azure,azure-sql-2017,compute,41.92,35.0,29.35,121.35,299.33,0.1144,running,normal,1,0,0.078415478459853,LOW,No critical resource condition identified,Continue monitoring
2026-07-09 15:00:00,GCP,gcp-disk-2018,compute,36.37,41.86,47.04,354.87,230.11,0.131,running,normal,1,0,0.1344121087841727,LOW,No critical resource condition identified,Continue monitoring
2026-07-09 18:00:00,AWS,aws-rds-2019,database,34.02,47.78,6.99,424.91,335.94,0.1205,running,normal,1,0,0.0722981590277057,LOW,No critical resource condition identified,Continue monitoring
2026-07-09 21:00:00,Azure,azure-sql-2020,serverless,97.59,69.9,29.44,1226.23,1391.24,0.2057,running,high_cpu_and_traffic,-1,1,-0.1348240295741557,HIGH,High CPU and network traffic,Investigate workload and consider scaling resources
2026-07-10 00:00:00,GCP,gcp-sql-2021,compute,29.59,45.87,72.64,373.47,551.93,0.1202,running,normal,1,0,0.1124426019053885,LOW,No critical resource condition identified,Continue monitoring
2026-07-10 03:00:00,AWS,aws-rds-2022,compute,29.27,64.81,55.03,292.75,388.57,0.1311,running,normal,1,0,0.1305681049311491,LOW,No critical resource condition identified,Continue monitoring
2026-07-10 06:00:00,Azure,azure-vm-2023,database,38.33,59.61,48.49,454.33,373.57,0.1389,running,normal,1,0,0.1559857351447807,LOW,No critical resource condition identified,Continue monitoring
2026-07-10 09:00:00,GCP,gcp-ce-2024,serverless,28.71,68.26,49.98,408.94,614.41,0.1206,running,normal,1,0,0.0951973844884938,LOW,No critical resource condition identified,Continue monitoring
2026-07-10 12:00:00,AWS,aws-rds-2025,storage,48.81,39.41,29.54,686.5,696.99,0.1591,running,normal,1,0,0.0738190183089978,LOW,No critical resource condition identified,Continue monitoring
2026-07-10 15:00:00,Azure,azure-disk-2026,serverless,76.15,11.96,55.54,319.12,23.05,0.1552,running,normal,-1,1,-0.002243875309759,LOW,No critical resource condition identified,Continue monitoring
2026-07-10 18:00:00,GCP,gcp-ce-2027,serverless,59.23,71.58,47.75,471.68,125.39,0.1773,running,normal,1,0,0.0983794042984935,LOW,No critical resource condition identified,Continue monitoring
2026-07-10 21:00:00,AWS,aws-ebs-2028,database,51.61,52.4,91.84,372.51,656.87,0.1719,running,normal,1,0,0.0697124524163312,HIGH,Storage utilization exceeds 90%,Review storage usage and increase capacity if required
2026-07-11 00:00:00,Azure,azure-function-2029,serverless,48.32,42.91,50.79,670.03,460.61,0.1777,running,normal,1,0,0.1385724838760074,LOW,No critical resource condition identified,Continue monitoring
2026-07-11 03:00:00,GCP,gcp-ce-2030,compute,45.29,49.3,44.28,277.45,591.78,0.1493,running,normal,1,0,0.1226123995109594,LOW,No critical resource condition identified,Continue monitoring
2026-07-11 06:00:00,AWS,aws-ec2-2031,serverless,56.67,60.04,31.51,516.1,708.53,0.1913,running,normal,1,0,0.0871180332250397,LOW,No critical resource condition identified,Continue monitoring
2026-07-11 09:00:00,Azure,azure-disk-2032,storage,50.53,53.36,58.95,587.39,183.65,0.1676,running,normal,1,0,0.1338596896238238,LOW,No critical resource condition identified,Continue monitoring
2026-07-11 12:00:00,GCP,gcp-sql-2033,serverless,68.33,36.8,20.1,593.23,172.74,0.1483,running,normal,1,0,0.0547552525647879,LOW,No critical resource condition identified,Continue monitoring
2026-07-11 15:00:00,AWS,aws-ec2-2034,storage,53.51,42.04,20.31,236.56,356.45,0.1367,running,normal,1,0,0.0986196257563671,LOW,No critical resource condition identified,Continue monitoring
2026-07-11 18:00:00,Azure,azure-sql-2035,database,48.33,52.79,55.74,539.91,344.98,0.1652,running,normal,1,0,0.1596553666290213,LOW,No critical resource condition identified,Continue monitoring
2026-07-11 21:00:00,GCP,gcp-ce-2036,database,56.64,52.7,59.28,218.37,349.48,0.1521,running,normal,1,0,0.1325693515279587,LOW,No critical resource condition identified,Continue monitoring
2026-07-12 00:00:00,AWS,aws-lambda-2037,compute,28.28,59.62,35.41,282.89,545.08,0.1509,running,normal,1,0,0.1156233669133879,LOW,No critical resource condition identified,Continue monitoring
2026-07-12 03:00:00,Azure,azure-sql-2038,compute,40.83,46.32,35.04,480.19,315.54,0.1377,running,normal,1,0,0.1439293586463306,LOW,No critical resource condition identified,Continue monitoring
2026-07-12 06:00:00,GCP,gcp-ce-2039,database,52.17,82.3,33.89,119.16,514.34,0.1752,running,normal,1,0,0.0609508884855333,LOW,No critical resource condition identified,Continue monitoring
2026-07-12 09:00:00,AWS,aws-ec2-2040,compute,28.81,22.96,39.31,378.98,414.39,0.1261,running,normal,1,0,0.1098311671112706,LOW,No critical resource condition identified,Continue monitoring
2026-07-12 12:00:00,Azure,azure-function-2041,compute,55.94,52.01,46.04,445.91,432.73,0.1627,running,normal,1,0,0.1550137158165374,LOW,No critical resource condition identified,Continue monitoring
2026-07-12 15:00:00,GCP,gcp-disk-2042,database,32.33,31.46,46.77,246.5,124.35,0.1059,running,normal,1,0,0.0880141176334072,LOW,No critical resource condition identified,Continue monitoring
2026-07-12 18:00:00,AWS,aws-rds-2043,compute,48.21,11.66,56.76,466.81,293.61,0.1296,running,normal,1,0,0.0943667663476426,LOW,No critical resource condition identified,Continue monitoring
2026-07-12 21:00:00,Azure,azure-disk-2044,serverless,50.97,71.55,43.44,293.83,371.59,0.1898,running,normal,1,0,0.1302098693890634,LOW,No critical resource condition identified,Continue monitoring
2026-07-13 00:00:00,GCP,gcp-ce-2045,serverless,77.57,60.41,34.44,493.57,309.71,0.2023,running,normal,1,0,0.0891974644063895,LOW,No critical resource condition identified,Continue monitoring
2026-07-13 03:00:00,AWS,aws-lambda-2046,storage,53.74,81.16,61.71,210.4,194.95,0.1724,running,normal,1,0,0.0750408326118206,LOW,No critical resource condition identified,Continue monitoring
2026-07-13 06:00:00,Azure,azure-vm-2047,serverless,22.11,34.29,31.77,417.47,717.55,0.0993,running,normal,1,0,0.0431737952464924,LOW,No critical resource condition identified,Continue monitoring
2026-07-13 09:00:00,GCP,gcp-sql-2048,compute,56.44,49.26,30.08,384.7,273.36,0.1717,running,normal,1,0,0.1272372654813961,LOW,No critical resource condition identified,Continue monitoring
2026-07-13 12:00:00,AWS,aws-rds-2049,serverless,43.33,38.03,21.13,582.06,508.7,0.1402,running,normal,1,0,0.1029444945045122,LOW,No critical resource condition identified,Continue monitoring
2026-07-13 15:00:00,Azure,azure-vm-2050,storage,2.35,0.52,44.46,278.12,376.71,0.5305,stopped,stopped_with_cost,-1,1,-0.0727241314218246,HIGH,Resource is stopped but still generating cost,Investigate billing and remove or right-size unused resources
2026-07-13 18:00:00,GCP,gcp-ce-2051,database,23.36,45.97,66.63,223.37,228.65,0.1098,running,normal,1,0,0.0935940138530029,LOW,No critical resource condition identified,Continue monitoring
2026-07-13 21:00:00,AWS,aws-rds-2052,storage,53.91,54.68,36.21,479.0,328.35,0.1654,running,normal,1,0,0.1490949420556612,LOW,No critical resource condition identified,Continue monitoring
2026-07-14 00:00:00,Azure,azure-vm-2053,serverless,61.18,51.03,69.81,554.46,390.47,0.1721,running,normal,1,0,0.1450169962752523,LOW,No critical resource condition identified,Continue monitoring
2026-07-14 03:00:00,GCP,gcp-ce-2054,storage,40.19,52.63,82.31,545.1,261.62,0.1269,running,normal,1,0,0.1090219968923768,LOW,No critical resource condition identified,Continue monitoring
2026-07-14 06:00:00,AWS,aws-ebs-2055,storage,41.03,59.76,44.38,579.06,144.44,0.1779,running,normal,1,0,0.1167716150691721,LOW,No critical resource condition identified,Continue monitoring
2026-07-14 09:00:00,Azure,azure-sql-2056,serverless,40.1,47.92,43.18,496.01,473.2,0.1637,running,normal,1,0,0.1535433406231117,LOW,No critical resource condition identified,Continue monitoring
2026-07-14 12:00:00,GCP,gcp-ce-2057,serverless,75.85,51.67,69.55,527.17,312.13,0.2046,running,normal,1,0,0.098581332936251,LOW,No critical resource condition identified,Continue monitoring
2026-07-14 15:00:00,AWS,aws-ec2-2058,storage,52.43,65.58,47.53,20.0,668.52,0.1704,running,normal,1,0,0.063012357158744,LOW,No critical resource condition identified,Continue monitoring
2026-07-14 18:00:00,Azure,azure-vm-2059,storage,38.94,39.87,33.26,327.22,484.76,0.167,running,normal,1,0,0.1277397682104185,LOW,No critical resource condition identified,Continue monitoring
2026-07-14 21:00:00,GCP,gcp-function-2060,compute,38.21,51.88,56.53,331.28,331.88,0.1549,running,normal,1,0,0.1514820315737529,LOW,No critical resource condition identified,Continue monitoring
2026-07-15 00:00:00,AWS,aws-lambda-2061,serverless,23.49,44.68,19.17,463.54,440.86,0.115,running,normal,1,0,0.0921211330776972,LOW,No critical resource condition identified,Continue monitoring
2026-07-15 03:00:00,Azure,azure-vm-2062,database,49.62,28.37,42.93,523.77,652.59,0.1466,running,normal,1,0,0.1093267705854038,LOW,No critical resource condition identified,Continue monitoring
2026-07-15 06:00:00,GCP,gcp-ce-2063,compute,41.46,70.67,72.04,698.47,473.35,0.2076,running,normal,1,0,0.1082993558923369,LOW,No critical resource condition identified,Continue monitoring
2026-07-15 09:00:00,AWS,aws-lambda-2064,compute,58.83,74.13,41.6,602.01,628.32,0.1858,running,normal,1,0,0.097769676535887,LOW,No critical resource condition identified,Continue monitoring
2026-07-15 12:00:00,Azure,azure-vm-2065,compute,41.79,35.31,43.64,976.26,674.85,0.1324,running,normal,1,0,0.0406388720606996,LOW,No critical resource condition identified,Continue monitoring
2026-07-15 15:00:00,GCP,gcp-function-2066,storage,38.92,53.21,53.52,207.61,234.99,0.1424,running,normal,1,0,0.1282965895466488,LOW,No critical resource condition identified,Continue monitoring
2026-07-15 18:00:00,AWS,aws-rds-2067,compute,30.7,48.38,65.72,436.23,659.64,0.1262,running,normal,1,0,0.1088708497730475,LOW,No critical resource condition identified,Continue monitoring
2026-07-15 21:00:00,Azure,azure-disk-2068,serverless,55.58,35.93,86.55,145.69,674.48,0.1599,running,normal,1,0,0.0395800288637567,LOW,No critical resource condition identified,Continue monitoring
2026-07-16 00:00:00,GCP,gcp-ce-2069,serverless,60.44,36.86,60.0,786.15,258.03,0.2028,running,normal,1,0,0.0942617385814237,LOW,No critical resource condition identified,Continue monitoring
2026-07-16 03:00:00,AWS,aws-rds-2070,database,28.92,45.98,8.89,375.26,357.93,0.1087,running,normal,1,0,0.0677816706218506,LOW,No critical resource condition identified,Continue monitoring
2026-07-16 06:00:00,Azure,azure-disk-2071,database,33.56,44.14,55.1,463.18,287.84,0.1326,running,normal,1,0,0.1452759353188298,LOW,No critical resource condition identified,Continue monitoring
2026-07-16 09:00:00,GCP,gcp-ce-2072,storage,39.81,60.43,59.44,408.61,508.28,0.1417,running,normal,1,0,0.1465010846564792,LOW,No critical resource condition identified,Continue monitoring
2026-07-16 12:00:00,AWS,aws-ec2-2073,compute,71.96,52.94,42.49,727.94,354.09,0.2354,running,normal,1,0,0.0743789870780656,LOW,No critical resource condition identified,Continue monitoring
2026-07-16 15:00:00,Azure,azure-sql-2074,storage,42.01,45.52,31.85,918.36,450.98,0.1638,running,normal,1,0,0.0820919394869271,LOW,No critical resource condition identified,Continue monitoring
2026-07-16 18:00:00,GCP,gcp-sql-2075,serverless,41.42,39.6,68.51,148.35,217.14,0.1274,running,normal,1,0,0.089120492410097,LOW,No critical resource condition identified,Continue monitoring
2026-07-16 21:00:00,AWS,aws-lambda-2076,compute,52.49,50.5,73.93,164.75,517.75,0.1598,running,normal,1,0,0.1098633089421989,LOW,No critical resource condition identified,Continue monitoring
2026-07-17 00:00:00,Azure,azure-function-2077,compute,45.44,48.15,27.95,219.53,307.13,0.1492,running,normal,1,0,0.1180497631621591,LOW,No critical resource condition identified,Continue monitoring
2026-07-17 03:00:00,GCP,gcp-function-2078,serverless,11.06,43.33,68.47,576.93,386.09,0.1042,running,normal,1,0,0.0847585881129005,LOW,No critical resource condition identified,Continue monitoring
2026-07-17 06:00:00,AWS,aws-ebs-2079,serverless,82.22,52.97,98.0,327.57,199.83,0.1956,running,normal,1,0,0.0038360413010853,HIGH,Storage utilization exceeds 90%,Review storage usage and increase capacity if required
2026-07-17 09:00:00,Azure,azure-vm-2080,database,39.94,34.53,30.03,655.2,559.57,0.1345,running,normal,1,0,0.1021559168530483,LOW,No critical resource condition identified,Continue monitoring
2026-07-17 12:00:00,GCP,gcp-sql-2081,compute,97.87,92.94,49.31,1535.08,1067.34,0.2233,running,high_cpu_and_traffic,-1,1,-0.1476554021922995,HIGH,High CPU and network traffic,Investigate workload and consider scaling resources
2026-07-17 15:00:00,AWS,aws-lambda-2082,storage,64.52,21.89,87.0,318.53,677.98,0.1587,running,normal,1,0,0.0302458187383259,LOW,No critical resource condition identified,Continue monitoring
2026-07-17 18:00:00,Azure,azure-disk-2083,compute,70.23,33.69,41.37,286.96,380.72,0.1773,running,normal,1,0,0.1112434156781427,LOW,No critical resource condition identified,Continue monitoring
2026-07-17 21:00:00,GCP,gcp-ce-2084,database,34.54,62.66,43.82,391.06,251.08,0.1356,running,normal,1,0,0.1345703245460124,LOW,No critical resource condition identified,Continue monitoring
2026-07-18 00:00:00,AWS,aws-lambda-2085,storage,57.97,50.85,52.9,318.18,343.72,0.1708,running,normal,1,0,0.1451400687871052,LOW,No critical resource condition identified,Continue monitoring
2026-07-18 03:00:00,Azure,azure-vm-2086,serverless,53.23,89.11,53.56,105.8,586.08,0.1919,running,normal,1,0,0.0365096095979978,LOW,No critical resource condition identified,Continue monitoring
2026-07-18 06:00:00,GCP,gcp-function-2087,serverless,35.91,62.99,36.12,450.48,508.16,0.1701,running,normal,1,0,0.1443078182159197,LOW,No critical resource condition identified,Continue monitoring
2026-07-18 09:00:00,AWS,aws-ec2-2088,compute,89.7,43.43,15.86,195.35,635.84,0.2148,running,normal,-1,1,-0.030628606442743,LOW,No critical resource condition identified,Continue monitoring
2026-07-18 12:00:00,Azure,azure-disk-2089,database,36.85,35.83,57.42,432.47,469.6,0.1371,running,normal,1,0,0.1436005630268493,LOW,No critical resource condition identified,Continue monitoring
2026-07-18 15:00:00,GCP,gcp-disk-2090,compute,17.18,98.0,77.56,691.23,292.06,0.154,running,normal,-1,1,-0.0152164638532759,LOW,No critical resource condition identified,Continue monitoring
2026-07-18 18:00:00,AWS,aws-ec2-2091,database,34.4,73.87,64.81,275.39,349.63,0.1644,running,normal,1,0,0.1222751400521699,LOW,No critical resource condition identified,Continue monitoring
2026-07-18 21:00:00,Azure,azure-disk-2092,serverless,52.23,57.04,53.08,332.33,311.84,0.1499,running,normal,1,0,0.150163801351027,LOW,No critical resource condition identified,Continue monitoring
2026-07-19 00:00:00,GCP,gcp-disk-2093,serverless,59.69,25.15,53.46,591.23,106.12,0.1496,running,normal,1,0,0.0814588256566579,LOW,No critical resource condition identified,Continue monitoring
2026-07-19 03:00:00,AWS,aws-lambda-2094,storage,11.33,61.85,33.05,574.44,289.59,0.113,running,normal,1,0,0.0791428117935424,LOW,No critical resource condition identified,Continue monitoring
2026-07-19 06:00:00,Azure,azure-function-2095,storage,34.79,45.98,24.49,538.32,428.05,0.114,running,normal,1,0,0.1082479719166618,LOW,No critical resource condition identified,Continue monitoring
2026-07-19 09:00:00,GCP,gcp-function-2096,database,47.91,63.76,54.56,659.74,353.07,0.1886,running,normal,1,0,0.1426726610842987,LOW,No critical resource condition identified,Continue monitoring
2026-07-19 12:00:00,AWS,aws-ec2-2097,storage,52.27,72.33,62.43,370.27,297.4,0.1789,running,normal,1,0,0.1370937961950958,LOW,No critical resource condition identified,Continue monitoring
2026-07-19 15:00:00,Azure,azure-sql-2098,storage,6.7,22.11,87.71,331.83,704.55,0.0845,running,normal,-1,1,-0.0116195358120591,LOW,No critical resource condition identified,Continue monitoring
2026-07-19 18:00:00,GCP,gcp-ce-2099,compute,45.08,84.06,79.15,499.36,216.21,0.1648,running,normal,1,0,0.0697110966866737,LOW,No critical resource condition identified,Continue monitoring
2026-07-19 21:00:00,AWS,aws-ec2-2100,storage,74.37,53.53,41.94,728.77,243.43,0.2046,running,normal,1,0,0.0710344915768648,LOW,No critical resource condition identified,Continue monitoring
2026-07-20 00:00:00,Azure,azure-function-2101,compute,33.55,37.15,76.33,794.59,418.37,0.1303,running,normal,1,0,0.093710881068215,LOW,No critical resource condition identified,Continue monitoring
2026-07-20 03:00:00,GCP,gcp-ce-2102,compute,35.1,48.25,56.26,377.04,369.67,0.1334,running,normal,1,0,0.1527565299487592,LOW,No critical resource condition identified,Continue monitoring
2026-07-20 06:00:00,AWS,aws-lambda-2103,storage,58.72,18.13,79.49,474.4,497.6,0.1629,running,normal,1,0,0.0783495030976777,LOW,No critical resource condition identified,Continue monitoring
2026-07-20 09:00:00,Azure,azure-disk-2104,storage,26.42,45.55,61.98,344.92,497.27,0.0874,running,normal,1,0,0.1090724108861511,LOW,No critical resource condition identified,Continue monitoring
2026-07-20 12:00:00,GCP,gcp-sql-2105,compute,41.92,35.08,34.86,20.0,238.11,0.142,running,normal,1,0,0.0781329552912875,LOW,No critical resource condition identified,Continue monitoring
2026-07-20 15:00:00,AWS,aws-ebs-2106,database,3.03,20.64,71.8,561.11,192.41,0.0567,running,normal,1,0,0.0118349138465293,LOW,No critical resource condition identified,Continue monitoring
2026-07-20 18:00:00,Azure,azure-sql-2107,database,8.93,47.13,59.45,556.53,540.04,0.0797,running,normal,1,0,0.0715165639720127,LOW,No critical resource condition identified,Continue monitoring
2026-07-20 21:00:00,GCP,gcp-ce-2108,storage,43.43,46.19,34.79,20.0,585.89,0.1492,running,normal,1,0,0.0808684251226439,LOW,No critical resource condition identified,Continue monitoring
2026-07-21 00:00:00,AWS,aws-ebs-2109,database,36.95,42.46,32.63,546.65,272.03,0.1193,running,normal,1,0,0.1165196801959284,LOW,No critical resource condition identified,Continue monitoring
2026-07-21 03:00:00,Azure,azure-disk-2110,compute,42.35,62.46,34.65,365.73,448.91,0.1367,running,normal,1,0,0.1383525827791311,LOW,No critical resource condition identified,Continue monitoring
2026-07-21 06:00:00,GCP,gcp-ce-2111,storage,99.98,72.2,56.29,1781.17,1457.12,0.1617,running,high_cpu_and_traffic,-1,1,-0.1595575200167542,HIGH,High CPU and network traffic,Investigate workload and consider scaling resources
2026-07-21 09:00:00,AWS,aws-lambda-2112,compute,28.64,30.48,52.0,388.15,647.46,0.1153,running,normal,1,0,0.0917769929275721,LOW,No critical resource condition identified,Continue monitoring
2026-07-21 12:00:00,Azure,azure-sql-2113,serverless,38.51,53.19,40.54,362.59,452.31,0.1693,running,normal,1,0,0.1472952029218225,LOW,No critical resource condition identified,Continue monitoring
2026-07-21 15:00:00,GCP,gcp-disk-2114,compute,56.19,69.52,35.81,412.75,367.56,0.1937,running,normal,1,0,0.1313382103557195,LOW,No critical resource condition identified,Continue monitoring
2026-07-21 18:00:00,AWS,aws-ec2-2115,database,60.78,39.86,65.71,632.85,508.4,0.1779,running,normal,1,0,0.1256541617640674,LOW,No critical resource condition identified,Continue monitoring
2026-07-21 21:00:00,Azure,azure-vm-2116,compute,48.57,55.41,21.41,535.43,200.19,0.1555,running,normal,1,0,0.1087954641055968,LOW,No critical resource condition identified,Continue monitoring
2026-07-22 00:00:00,GCP,gcp-ce-2117,serverless,46.49,51.2,31.6,552.24,277.73,0.1916,running,normal,1,0,0.1339654755271612,LOW,No critical resource condition identified,Continue monitoring
2026-07-22 03:00:00,AWS,aws-ec2-2118,serverless,84.07,28.92,28.31,656.56,334.54,0.1786,running,normal,1,0,0.0378853196658592,LOW,No critical resource condition identified,Continue monitoring
2026-07-22 06:00:00,Azure,azure-vm-2119,serverless,56.76,66.84,53.49,881.26,124.04,0.1765,running,normal,1,0,0.0579393782240449,LOW,No critical resource condition identified,Continue monitoring
2026-07-22 09:00:00,GCP,gcp-disk-2120,storage,77.36,73.2,32.12,328.05,267.43,0.2048,running,normal,1,0,0.0646769443827693,LOW,No critical resource condition identified,Continue monitoring
2026-07-22 12:00:00,AWS,aws-ec2-2121,storage,42.99,63.94,14.73,459.48,224.5,0.1549,running,normal,1,0,0.0786629871224718,LOW,No critical resource condition identified,Continue monitoring
2026-07-22 15:00:00,Azure,azure-disk-2122,compute,49.06,53.98,43.6,516.72,261.02,0.1726,running,normal,1,0,0.1501068866153583,LOW,No critical resource condition identified,Continue monitoring
2026-07-22 18:00:00,GCP,gcp-ce-2123,serverless,3.3,4.31,85.41,438.6,216.9,0.4481,stopped,stopped_with_cost,-1,1,-0.0735246830499831,HIGH,Resource is stopped but still generating cost,Investigate billing and remove or right-size unused resources
2026-07-22 21:00:00,AWS,aws-lambda-2124,serverless,70.16,31.11,42.14,702.0,426.91,0.2168,running,normal,1,0,0.0813528448337908,LOW,No critical resource condition identified,Continue monitoring
2026-07-23 00:00:00,Azure,azure-function-2125,storage,40.16,54.63,86.1,177.49,137.96,0.1283,running,normal,1,0,0.0646339937532952,LOW,No critical resource condition identified,Continue monitoring
2026-07-23 03:00:00,GCP,gcp-sql-2126,compute,55.75,59.48,88.29,638.19,458.25,0.2035,running,normal,1,0,0.0992397497071867,LOW,No critical resource condition identified,Continue monitoring
2026-07-23 06:00:00,AWS,aws-rds-2127,serverless,24.4,39.75,47.2,481.5,58.37,0.1059,running,normal,1,0,0.0720870618298558,LOW,No critical resource condition identified,Continue monitoring
2026-07-23 09:00:00,Azure,azure-function-2128,serverless,74.28,53.34,29.81,122.75,509.92,0.1837,running,normal,1,0,0.0669246486397719,LOW,No critical resource condition identified,Continue monitoring
2026-07-23 12:00:00,GCP,gcp-function-2129,database,17.21,59.97,73.85,633.43,64.58,0.1049,running,normal,1,0,0.0305175463025222,LOW,No critical resource condition identified,Continue monitoring
2026-07-23 15:00:00,AWS,aws-rds-2130,serverless,52.44,5.0,41.98,594.13,423.68,0.1352,running,normal,1,0,0.0692831017179602,LOW,No critical resource condition identified,Continue monitoring
2026-07-23 18:00:00,Azure,azure-function-2131,compute,44.69,50.94,60.31,575.37,413.74,0.174,running,normal,1,0,0.1577815979786371,LOW,No critical resource condition identified,Continue monitoring
2026-07-23 21:00:00,GCP,gcp-ce-2132,database,53.59,52.27,57.94,222.4,686.53,0.181,running,normal,1,0,0.0919594674536724,LOW,No critical resource condition identified,Continue monitoring
2026-07-24 00:00:00,AWS,aws-ebs-2133,database,39.82,33.16,69.54,251.68,761.82,0.1273,running,normal,1,0,0.0422407505967132,LOW,No critical resource condition identified,Continue monitoring
2026-07-24 03:00:00,Azure,azure-disk-2134,storage,73.45,36.77,48.38,594.85,505.93,0.2081,running,normal,1,0,0.0991388144538352,LOW,No critical resource condition identified,Continue monitoring
2026-07-24 06:00:00,GCP,gcp-function-2135,storage,67.47,37.31,59.45,410.55,432.94,0.1792,running,normal,1,0,0.1224068713612874,LOW,No critical resource condition identified,Continue monitoring
2026-07-24 09:00:00,AWS,aws-rds-2136,compute,47.61,48.15,79.45,631.79,446.4,0.1501,running,normal,1,0,0.1214891596436626,LOW,No critical resource condition identified,Continue monitoring
2026-07-24 12:00:00,Azure,azure-disk-2137,database,26.82,52.05,55.22,393.96,239.65,0.1128,running,normal,1,0,0.1266535416675182,LOW,No critical resource condition identified,Continue monitoring
2026-07-24 15:00:00,GCP,gcp-disk-2138,storage,68.9,49.84,37.52,469.25,506.87,0.1876,running,normal,1,0,0.1180616081852574,LOW,No critical resource condition identified,Continue monitoring
2026-07-24 18:00:00,AWS,aws-rds-2139,database,66.08,49.84,47.04,325.26,203.54,0.1546,running,normal,1,0,0.1190878617635742,LOW,No critical resource condition identified,Continue monitoring
2026-07-24 21:00:00,Azure,azure-sql-2140,compute,27.7,22.13,29.82,380.73,344.72,0.1018,running,normal,1,0,0.0857422977294301,LOW,No critical resource condition identified,Continue monitoring
2026-07-25 00:00:00,GCP,gcp-disk-2141,storage,81.1,20.75,30.88,575.73,327.36,0.1992,running,normal,1,0,0.0268509676083958,LOW,No critical resource condition identified,Continue monitoring
2026-07-25 03:00:00,AWS,aws-ebs-2142,compute,63.77,69.1,39.76,432.46,351.16,0.174,running,normal,1,0,0.1328324732976452,LOW,No critical resource condition identified,Continue monitoring
2026-07-25 06:00:00,Azure,azure-vm-2143,database,38.79,73.48,35.39,119.14,561.18,0.1414,running,normal,1,0,0.0780605646642368,LOW,No critical resource condition identified,Continue monitoring
2026-07-25 09:00:00,GCP,gcp-ce-2144,serverless,51.94,65.27,59.62,548.98,273.48,0.181,running,normal,1,0,0.1450172623063772,LOW,No critical resource condition identified,Continue monitoring
2026-07-25 12:00:00,AWS,aws-lambda-2145,storage,19.75,43.76,21.62,318.57,402.15,0.1011,running,normal,1,0,0.0814317270000937,LOW,No critical resource condition identified,Continue monitoring
2026-07-25 15:00:00,Azure,azure-sql-2146,database,36.67,47.6,72.39,613.6,217.8,0.1295,running,normal,1,0,0.1080934111867538,LOW,No critical resource condition identified,Continue monitoring
2026-07-25 18:00:00,GCP,gcp-disk-2147,database,26.09,63.48,30.18,684.69,484.71,0.1263,running,normal,1,0,0.0957726070552784,LOW,No critical resource condition identified,Continue monitoring
2026-07-25 21:00:00,AWS,aws-ebs-2148,serverless,47.88,46.33,25.09,199.03,487.84,0.1569,running,normal,1,0,0.1117011506265817,LOW,No critical resource condition identified,Continue monitoring
2026-07-26 00:00:00,Azure,azure-vm-2149,serverless,33.86,53.31,98.0,661.42,353.85,0.1359,running,normal,1,0,0.0684986832556843,HIGH,Storage utilization exceeds 90%,Review storage usage and increase capacity if required
2026-07-26 03:00:00,GCP,gcp-disk-2150,serverless,59.16,40.21,19.37,242.05,471.1,0.1638,running,normal,1,0,0.0835701284440454,LOW,No critical resource condition identified,Continue monitoring
2026-07-26 06:00:00,AWS,aws-rds-2151,serverless,62.4,56.65,64.58,73.86,202.5,0.169,running,normal,1,0,0.0815739813717464,LOW,No critical resource condition identified,Continue monitoring
2026-07-26 09:00:00,Azure,azure-function-2152,database,42.04,38.99,8.9,605.44,311.97,0.187,running,normal,1,0,0.0632263732805845,LOW,No critical resource condition identified,Continue monitoring
2026-07-26 12:00:00,GCP,gcp-disk-2153,database,58.47,31.49,52.64,588.85,363.96,0.1745,running,normal,1,0,0.1389704990505588,LOW,No critical resource condition identified,Continue monitoring
2026-07-26 15:00:00,AWS,aws-ec2-2154,serverless,44.7,28.85,46.46,481.69,99.83,0.1343,running,normal,1,0,0.0960851510162163,LOW,No critical resource condition identified,Continue monitoring
2026-07-26 18:00:00,Azure,azure-disk-2155,database,39.01,44.39,86.6,489.62,565.77,0.1434,running,normal,1,0,0.0998249710493636,LOW,No critical resource condition identified,Continue monitoring
2026-07-26 21:00:00,GCP,gcp-sql-2156,serverless,33.15,43.96,26.94,463.1,570.43,0.1496,running,normal,1,0,0.1137504635596972,LOW,No critical resource condition identified,Continue monitoring
2026-07-27 00:00:00,AWS,aws-rds-2157,database,8.17,28.51,11.84,563.75,289.11,0.0748,running,normal,1,0,0.0091627436662502,LOW,No critical resource condition identified,Continue monitoring
2026-07-27 03:00:00,Azure,azure-sql-2158,storage,18.26,27.34,48.03,665.77,395.94,0.0886,running,normal,1,0,0.0811319702083462,LOW,No critical resource condition identified,Continue monitoring
2026-07-27 06:00:00,GCP,gcp-ce-2159,compute,31.75,29.35,13.69,190.96,246.21,0.1063,running,normal,1,0,0.044345876076118,LOW,No critical resource condition identified,Continue monitoring
2026-07-27 09:00:00,AWS,aws-ec2-2160,compute,40.56,90.0,13.91,479.07,427.84,0.1655,running,normal,1,0,0.0411716712718793,LOW,No critical resource condition identified,Continue monitoring
2026-07-27 12:00:00,Azure,azure-sql-2161,compute,46.74,74.92,5.0,298.4,636.01,0.1924,running,normal,1,0,0.0084744802737424,LOW,No critical resource condition identified,Continue monitoring
2026-07-27 15:00:00,GCP,gcp-sql-2162,storage,10.5,64.32,69.29,331.43,820.68,0.1232,running,normal,1,0,0.0210170277881884,LOW,No critical resource condition identified,Continue monitoring
2026-07-27 18:00:00,AWS,aws-lambda-2163,compute,32.04,70.97,58.96,342.37,640.39,0.1686,running,normal,1,0,0.0997091529833397,LOW,No critical resource condition identified,Continue monitoring
2026-07-27 21:00:00,Azure,azure-sql-2164,storage,54.3,43.44,41.31,456.61,229.47,0.1264,running,normal,1,0,0.1252610205878017,LOW,No critical resource condition identified,Continue monitoring
2026-07-28 00:00:00,GCP,gcp-ce-2165,compute,27.13,18.11,15.03,526.74,364.43,0.0991,running,normal,1,0,0.0391493426252085,LOW,No critical resource condition identified,Continue monitoring
2026-07-28 03:00:00,AWS,aws-rds-2166,database,51.78,49.06,64.45,623.72,359.64,0.1388,running,normal,1,0,0.1414346328658314,LOW,No critical resource condition identified,Continue monitoring
2026-07-28 06:00:00,Azure,azure-disk-2167,compute,31.02,31.02,49.4,887.45,321.89,0.1255,running,normal,1,0,0.0805691822506284,LOW,No critical resource condition identified,Continue monitoring
2026-07-28 09:00:00,GCP,gcp-sql-2168,storage,60.75,64.5,75.2,373.08,351.61,0.2129,running,normal,1,0,0.1140457952683222,LOW,No critical resource condition identified,Continue monitoring
2026-07-28 12:00:00,AWS,aws-lambda-2169,compute,53.19,39.53,65.96,523.47,121.51,0.1583,running,normal,1,0,0.1036377982099674,LOW,No critical resource condition identified,Continue monitoring
2026-07-28 15:00:00,Azure,azure-sql-2170,database,55.36,76.93,56.28,454.12,583.67,0.229,running,normal,1,0,0.0917394387352771,LOW,No critical resource condition identified,Continue monitoring
2026-07-28 18:00:00,GCP,gcp-sql-2171,serverless,52.79,54.61,48.37,839.73,280.15,0.1926,running,normal,1,0,0.1099313431883649,LOW,No critical resource condition identified,Continue monitoring
2026-07-28 21:00:00,AWS,aws-ebs-2172,database,41.61,40.16,59.55,466.43,236.48,0.1607,running,normal,1,0,0.1435923590258534,LOW,No critical resource condition identified,Continue monitoring
2026-07-29 00:00:00,Azure,azure-vm-2173,storage,49.27,49.36,62.07,346.05,420.81,0.1561,running,normal,1,0,0.1549265789197567,LOW,No critical resource condition identified,Continue monitoring
2026-07-29 03:00:00,GCP,gcp-disk-2174,storage,37.06,45.63,55.28,679.06,264.2,0.1359,running,normal,1,0,0.1293832449992482,LOW,No critical resource condition identified,Continue monitoring
2026-07-29 06:00:00,AWS,aws-ebs-2175,compute,34.3,46.46,59.72,507.68,230.9,0.1528,running,normal,1,0,0.1396450511262536,LOW,No critical resource condition identified,Continue monitoring
2026-07-29 09:00:00,Azure,azure-disk-2176,storage,67.03,55.88,44.87,514.45,395.88,0.2016,running,normal,1,0,0.1292755946196429,LOW,No critical resource condition identified,Continue monitoring
2026-07-29 12:00:00,GCP,gcp-function-2177,compute,8.54,59.49,40.53,590.03,477.07,0.1065,running,normal,1,0,0.0779352072417494,LOW,No critical resource condition identified,Continue monitoring
2026-07-29 15:00:00,AWS,aws-ebs-2178,storage,47.95,47.51,81.67,321.61,348.37,0.1348,running,normal,1,0,0.1190800664421248,LOW,No critical resource condition identified,Continue monitoring
2026-07-29 18:00:00,Azure,azure-function-2179,database,36.54,40.7,49.25,224.86,41.08,0.1295,running,normal,1,0,0.0757997929068477,LOW,No critical resource condition identified,Continue monitoring
2026-07-29 21:00:00,GCP,gcp-disk-2180,storage,73.05,47.04,73.99,445.63,655.88,0.1924,running,normal,1,0,0.0762317153444954,LOW,No critical resource condition identified,Continue monitoring
2026-07-30 00:00:00,AWS,aws-rds-2181,storage,75.74,59.63,37.69,509.2,555.38,0.2113,running,normal,1,0,0.0892877663458113,LOW,No critical resource condition identified,Continue monitoring
2026-07-30 03:00:00,Azure,azure-sql-2182,compute,63.05,63.71,34.0,373.6,562.9,0.1964,running,normal,1,0,0.1164894405311368,LOW,No critical resource condition identified,Continue monitoring
2026-07-30 06:00:00,GCP,gcp-sql-2183,compute,56.81,55.17,46.72,514.96,334.53,0.1675,running,normal,1,0,0.1532425607839435,LOW,No critical resource condition identified,Continue monitoring
2026-07-30 09:00:00,AWS,aws-lambda-2184,compute,84.25,66.41,28.63,816.53,330.74,0.2329,running,normal,1,0,4.2820782392594126e-05,LOW,No critical resource condition identified,Continue monitoring
2026-07-30 12:00:00,Azure,azure-function-2185,storage,40.73,39.68,52.1,516.61,387.64,0.1391,running,normal,1,0,0.1473659555122544,LOW,No critical resource condition identified,Continue monitoring
2026-07-30 15:00:00,GCP,gcp-ce-2186,compute,45.75,52.66,84.72,481.08,317.69,0.1281,running,normal,1,0,0.1156378635226854,LOW,No critical resource condition identified,Continue monitoring
2026-07-30 18:00:00,AWS,aws-ebs-2187,storage,43.05,40.0,55.02,347.67,253.68,0.1478,running,normal,1,0,0.1378168238029416,LOW,No critical resource condition identified,Continue monitoring
2026-07-30 21:00:00,Azure,azure-disk-2188,database,49.39,15.71,18.51,344.02,581.59,0.1235,running,normal,1,0,0.0460347828264655,LOW,No critical resource condition identified,Continue monitoring
2026-07-31 00:00:00,GCP,gcp-function-2189,storage,45.67,35.87,87.72,402.23,418.17,0.1376,running,normal,1,0,0.10438259299279,LOW,No critical resource condition identified,Continue monitoring
2026-07-31 03:00:00,AWS,aws-ebs-2190,compute,74.95,36.28,70.02,548.94,555.93,0.1922,running,normal,1,0,0.0833807168003064,LOW,No critical resource condition identified,Continue monitoring
2026-07-31 06:00:00,Azure,azure-function-2191,database,62.18,78.18,51.97,430.76,20.0,0.1707,running,normal,1,0,0.0469454415281668,LOW,No critical resource condition identified,Continue monitoring
2026-07-31 09:00:00,GCP,gcp-ce-2192,compute,59.65,26.42,37.97,366.84,592.76,0.1507,running,normal,1,0,0.0978558528974428,LOW,No critical resource condition identified,Continue monitoring
2026-07-31 12:00:00,AWS,aws-lambda-2193,serverless,61.26,65.3,47.33,144.67,362.92,0.184,running,normal,1,0,0.1134352211187044,LOW,No critical resource condition identified,Continue monitoring
2026-07-31 15:00:00,Azure,azure-function-2194,database,65.54,50.25,29.59,367.52,708.57,0.2,running,normal,1,0,0.0669019892060722,LOW,No critical resource condition identified,Continue monitoring
2026-07-31 18:00:00,GCP,gcp-ce-2195,compute,32.6,37.73,51.69,418.68,321.68,0.1184,running,normal,1,0,0.1393671780118102,LOW,No critical resource condition identified,Continue monitoring
2026-07-31 21:00:00,AWS,aws-rds-2196,compute,65.04,22.76,54.93,698.42,370.69,0.1592,running,normal,1,0,0.1016551837688388,LOW,No critical resource condition identified,Continue monitoring
2026-08-01 00:00:00,Azure,azure-function-2197,database,44.59,31.28,10.6,422.64,197.86,0.1341,running,normal,1,0,0.0617154373915596,LOW,No critical resource condition identified,Continue monitoring
2026-08-01 03:00:00,GCP,gcp-sql-2198,serverless,46.68,68.35,55.98,381.04,92.04,0.1886,running,normal,1,0,0.0927496790485071,LOW,No critical resource condition identified,Continue monitoring
2026-08-01 06:00:00,AWS,aws-ebs-2199,serverless,54.66,32.43,54.24,833.92,645.7,0.1598,running,normal,1,0,0.0838391946080295,LOW,No critical resource condition identified,Continue monitoring
2026-08-01 09:00:00,Azure,azure-disk-2200,database,42.02,71.6,62.79,145.4,473.39,0.16,running,normal,1,0,0.1141686916558318,LOW,No critical resource condition identified,Continue monitoring
2026-08-01 12:00:00,GCP,gcp-sql-2201,storage,66.58,67.6,33.01,439.45,328.24,0.1741,running,normal,1,0,0.1135243679499793,LOW,No critical resource condition identified,Continue monitoring
2026-08-01 15:00:00,AWS,aws-ebs-2202,serverless,14.18,49.57,46.88,501.79,245.96,0.0845,running,normal,1,0,0.092608868316143,LOW,No critical resource condition identified,Continue monitoring
2026-08-01 18:00:00,Azure,azure-disk-2203,storage,27.31,41.01,90.09,317.83,454.78,0.1352,running,normal,1,0,0.089098382656869,HIGH,Storage utilization exceeds 90%,Review storage usage and increase capacity if required
2026-08-01 21:00:00,GCP,gcp-function-2204,storage,32.16,55.44,86.58,312.93,321.02,0.1416,running,normal,1,0,0.1061585346376726,LOW,No critical resource condition identified,Continue monitoring
2026-08-02 00:00:00,AWS,aws-lambda-2205,database,29.77,40.42,52.31,677.22,361.84,0.1274,running,normal,1,0,0.126783575647863,LOW,No critical resource condition identified,Continue monitoring
2026-08-02 03:00:00,Azure,azure-vm-2206,serverless,47.78,69.4,48.6,465.35,159.95,0.1374,running,normal,1,0,0.1156051095045784,LOW,No critical resource condition identified,Continue monitoring
2026-08-02 06:00:00,GCP,gcp-function-2207,database,48.72,27.52,29.94,641.21,678.42,0.1422,running,normal,1,0,0.0713295883114228,LOW,No critical resource condition identified,Continue monitoring
2026-08-02 09:00:00,AWS,aws-rds-2208,compute,42.83,83.34,38.94,673.33,461.03,0.1833,running,normal,1,0,0.093410334286613,LOW,No critical resource condition identified,Continue monitoring
2026-08-02 12:00:00,Azure,azure-sql-2209,database,1.9,7.93,72.99,666.35,20.0,0.4606,stopped,stopped_with_cost,-1,1,-0.1046096871082143,HIGH,Resource is stopped but still generating cost,Investigate billing and remove or right-size unused resources
2026-08-02 15:00:00,GCP,gcp-function-2210,serverless,40.18,76.97,63.58,547.65,478.99,0.1897,running,normal,1,0,0.1292175777289027,LOW,No critical resource condition identified,Continue monitoring
2026-08-02 18:00:00,AWS,aws-lambda-2211,database,62.83,53.13,86.34,647.59,299.9,0.2207,running,normal,1,0,0.0785865997376723,LOW,No critical resource condition identified,Continue monitoring
2026-08-02 21:00:00,Azure,azure-sql-2212,compute,32.47,83.88,53.06,307.12,357.36,0.1484,running,normal,1,0,0.0987871619390889,LOW,No critical resource condition identified,Continue monitoring
2026-08-03 00:00:00,GCP,gcp-sql-2213,database,31.48,54.86,55.82,270.66,134.68,0.1339,running,normal,1,0,0.1118610717679001,LOW,No critical resource condition identified,Continue monitoring
2026-08-03 03:00:00,AWS,aws-lambda-2214,database,54.92,78.31,67.94,932.37,896.1,0.1852,running,normal,-1,1,-0.0064795279944669,LOW,No critical resource condition identified,Continue monitoring
2026-08-03 06:00:00,Azure,azure-sql-2215,compute,54.08,48.63,62.07,401.36,288.97,0.1557,running,normal,1,0,0.1494434007058301,LOW,No critical resource condition identified,Continue monitoring
2026-08-03 09:00:00,GCP,gcp-sql-2216,compute,36.24,44.8,59.4,414.22,578.67,0.1263,running,normal,1,0,0.1289544158054059,LOW,No critical resource condition identified,Continue monitoring
2026-08-03 12:00:00,AWS,aws-rds-2217,serverless,52.28,34.43,74.87,796.49,299.54,0.1802,running,normal,1,0,0.0923275634669362,LOW,No critical resource condition identified,Continue monitoring
2026-08-03 15:00:00,Azure,azure-function-2218,storage,64.37,34.56,67.52,276.97,389.04,0.1554,running,normal,1,0,0.1102198983783446,LOW,No critical resource condition identified,Continue monitoring
2026-08-03 18:00:00,GCP,gcp-function-2219,compute,43.06,87.99,40.28,718.52,139.89,0.1778,running,normal,1,0,0.0363393398463147,LOW,No critical resource condition identified,Continue monitoring
2026-08-03 21:00:00,AWS,aws-rds-2220,serverless,48.33,12.41,21.8,267.72,549.45,0.1409,running,normal,1,0,0.0576005243389332,LOW,No critical resource condition identified,Continue monitoring
2026-08-04 00:00:00,Azure,azure-sql-2221,database,57.89,29.67,57.15,517.05,356.07,0.164,running,normal,1,0,0.1377542693666534,LOW,No critical resource condition identified,Continue monitoring
2026-08-04 03:00:00,GCP,gcp-ce-2222,storage,20.99,61.06,68.53,507.77,496.19,0.1288,running,normal,1,0,0.1180224124392569,LOW,No critical resource condition identified,Continue monitoring
2026-08-04 06:00:00,AWS,aws-lambda-2223,serverless,24.34,64.76,15.32,500.9,338.52,0.1284,running,normal,1,0,0.076112709098965,LOW,No critical resource condition identified,Continue monitoring
2026-08-04 09:00:00,Azure,azure-sql-2224,storage,54.22,51.02,35.65,690.87,432.77,0.1841,running,normal,1,0,0.1307754429701914,LOW,No critical resource condition identified,Continue monitoring
2026-08-04 12:00:00,GCP,gcp-function-2225,database,55.44,44.55,19.41,487.2,575.13,0.1754,running,normal,1,0,0.1007098796739562,LOW,No critical resource condition identified,Continue monitoring
2026-08-04 15:00:00,AWS,aws-lambda-2226,serverless,61.77,44.58,67.77,563.03,290.32,0.1944,running,normal,1,0,0.1251360379485522,LOW,No critical resource condition identified,Continue monitoring
2026-08-04 18:00:00,Azure,azure-disk-2227,database,42.17,35.14,54.08,685.87,599.64,0.1579,running,normal,1,0,0.1168589532752629,LOW,No critical resource condition identified,Continue monitoring
2026-08-04 21:00:00,GCP,gcp-disk-2228,storage,47.99,49.38,38.04,792.96,416.94,0.1738,running,normal,1,0,0.1184774905764683,LOW,No critical resource condition identified,Continue monitoring
2026-08-05 00:00:00,AWS,aws-ec2-2229,serverless,91.64,33.07,35.88,280.29,650.03,0.2246,running,normal,-1,1,-0.0086334111546739,LOW,No critical resource condition identified,Continue monitoring
2026-08-05 03:00:00,Azure,azure-disk-2230,database,69.93,56.51,76.21,439.17,481.85,0.203,running,normal,1,0,0.1079188524411857,LOW,No critical resource condition identified,Continue monitoring
2026-08-05 06:00:00,GCP,gcp-function-2231,storage,23.68,58.89,63.22,628.23,506.65,0.1334,running,normal,1,0,0.1207017775950501,LOW,No critical resource condition identified,Continue monitoring
2026-08-05 09:00:00,AWS,aws-rds-2232,serverless,69.99,76.12,45.49,519.82,523.93,0.1995,running,normal,1,0,0.0989878604056909,LOW,No critical resource condition identified,Continue monitoring
2026-08-05 12:00:00,Azure,azure-sql-2233,compute,43.05,44.0,19.29,476.88,384.7,0.1647,running,normal,1,0,0.1192491464447333,LOW,No critical resource condition identified,Continue monitoring
2026-08-05 15:00:00,GCP,gcp-disk-2234,compute,32.46,61.64,48.19,406.78,262.14,0.1344,running,normal,1,0,0.1387557055222772,LOW,No critical resource condition identified,Continue monitoring
2026-08-05 18:00:00,AWS,aws-lambda-2235,compute,54.2,82.86,61.49,526.37,351.0,0.1796,running,normal,1,0,0.112745205803745,LOW,No critical resource condition identified,Continue monitoring
2026-08-05 21:00:00,Azure,azure-vm-2236,database,2.0,31.84,80.04,516.35,339.76,0.0816,running,normal,1,0,0.0297726010466484,LOW,No critical resource condition identified,Continue monitoring
2026-08-06 00:00:00,GCP,gcp-sql-2237,database,67.99,47.82,12.56,375.49,604.68,0.1937,running,normal,1,0,0.0444882815709306,LOW,No critical resource condition identified,Continue monitoring
2026-08-06 03:00:00,AWS,aws-ebs-2238,compute,22.43,45.63,27.25,263.52,327.66,0.1215,running,normal,1,0,0.0971566818572543,LOW,No critical resource condition identified,Continue monitoring
2026-08-06 06:00:00,Azure,azure-sql-2239,serverless,99.2,94.32,58.16,1703.75,1004.02,0.1342,running,high_cpu_and_traffic,-1,1,-0.1507633520789635,HIGH,High CPU and network traffic,Investigate workload and consider scaling resources
2026-08-06 09:00:00,GCP,gcp-function-2240,compute,49.61,38.16,63.3,529.41,332.72,0.1657,running,normal,1,0,0.1452434960970902,LOW,No critical resource condition identified,Continue monitoring
2026-08-06 12:00:00,AWS,aws-rds-2241,database,51.33,54.27,67.21,599.68,382.52,0.163,running,normal,1,0,0.1488821999568577,LOW,No critical resource condition identified,Continue monitoring
2026-08-06 15:00:00,Azure,azure-function-2242,compute,53.71,55.43,46.18,629.43,292.11,0.2105,running,normal,1,0,0.1333045210940945,LOW,No critical resource condition identified,Continue monitoring
2026-08-06 18:00:00,GCP,gcp-sql-2243,storage,48.33,63.91,41.01,180.87,233.75,0.1701,running,normal,1,0,0.1131734988148238,LOW,No critical resource condition identified,Continue monitoring
2026-08-06 21:00:00,AWS,aws-ec2-2244,storage,54.66,45.99,34.08,360.95,164.67,0.1666,running,normal,1,0,0.1106848651810236,LOW,No critical resource condition identified,Continue monitoring
2026-08-07 00:00:00,Azure,azure-sql-2245,storage,51.24,45.38,33.91,91.9,458.79,0.1554,running,normal,1,0,0.1048800057728743,LOW,No critical resource condition identified,Continue monitoring
2026-08-07 03:00:00,GCP,gcp-disk-2246,database,45.23,58.65,49.96,744.85,512.76,0.1683,running,normal,1,0,0.1308720754570954,LOW,No critical resource condition identified,Continue monitoring
2026-08-07 06:00:00,AWS,aws-ebs-2247,serverless,45.81,73.33,30.04,454.2,590.35,0.1829,running,normal,1,0,0.1107075058471026,LOW,No critical resource condition identified,Continue monitoring
2026-08-07 09:00:00,Azure,azure-disk-2248,serverless,4.13,87.37,54.17,344.87,455.91,0.1079,running,normal,1,0,0.0246953378750313,LOW,No critical resource condition identified,Continue monitoring
2026-08-07 12:00:00,GCP,gcp-function-2249,compute,19.56,12.11,16.05,633.83,242.1,0.0946,running,normal,-1,1,-0.0085337085374594,LOW,No critical resource condition identified,Continue monitoring
2026-08-07 15:00:00,AWS,aws-lambda-2250,compute,39.63,52.39,39.67,666.7,700.25,0.1804,running,normal,1,0,0.0881864281741389,LOW,No critical resource condition identified,Continue monitoring
2026-08-07 18:00:00,Azure,azure-disk-2251,serverless,45.07,58.34,13.45,136.18,609.09,0.1508,running,normal,1,0,0.0475540723914432,LOW,No critical resource condition identified,Continue monitoring
2026-08-07 21:00:00,GCP,gcp-disk-2252,compute,52.03,35.19,52.83,273.83,120.93,0.1655,running,normal,1,0,0.1037919199559893,LOW,No critical resource condition identified,Continue monitoring
2026-08-08 00:00:00,AWS,aws-rds-2253,compute,35.62,76.37,59.83,656.43,306.61,0.1645,running,normal,1,0,0.1156355146271205,LOW,No critical resource condition identified,Continue monitoring
2026-08-08 03:00:00,Azure,azure-disk-2254,serverless,43.28,39.5,55.98,212.15,491.52,0.1453,running,normal,1,0,0.1268362498530839,LOW,No critical resource condition identified,Continue monitoring
2026-08-08 06:00:00,GCP,gcp-ce-2255,database,38.43,37.94,58.87,555.66,318.84,0.1266,running,normal,1,0,0.1355036269817262,LOW,No critical resource condition identified,Continue monitoring
2026-08-08 09:00:00,AWS,aws-ebs-2256,storage,72.45,55.7,48.29,282.11,518.24,0.1901,running,normal,1,0,0.1033930676834409,LOW,No critical resource condition identified,Continue monitoring
2026-08-08 12:00:00,Azure,azure-vm-2257,serverless,51.97,5.0,44.84,472.59,345.66,0.1307,running,normal,1,0,0.0739707919705093,LOW,No critical resource condition identified,Continue monitoring
2026-08-08 15:00:00,GCP,gcp-ce-2258,compute,27.44,55.08,5.0,298.16,92.36,0.1194,running,normal,1,0,0.005911709662688,LOW,No critical resource condition identified,Continue monitoring
2026-08-08 18:00:00,AWS,aws-ebs-2259,serverless,43.06,65.11,48.43,411.3,548.26,0.173,running,normal,1,0,0.1467728279277956,LOW,No critical resource condition identified,Continue monitoring
2026-08-08 21:00:00,Azure,azure-disk-2260,storage,38.77,66.51,41.27,671.63,232.46,0.181,running,normal,1,0,0.1088874316541123,LOW,No critical resource condition identified,Continue monitoring
2026-08-09 00:00:00,GCP,gcp-ce-2261,storage,54.16,38.29,48.67,362.41,378.73,0.1708,running,normal,1,0,0.1447964547517062,LOW,No critical resource condition identified,Continue monitoring
2026-08-09 03:00:00,AWS,aws-ec2-2262,compute,25.77,54.87,54.86,328.6,654.61,0.1444,running,normal,1,0,0.1082857578800299,LOW,No critical resource condition identified,Continue monitoring
2026-08-09 06:00:00,Azure,azure-function-2263,storage,40.9,44.03,73.12,627.21,405.61,0.1574,running,normal,1,0,0.1305553130645821,LOW,No critical resource condition identified,Continue monitoring
2026-08-09 09:00:00,GCP,gcp-disk-2264,storage,52.25,60.7,57.75,309.82,291.57,0.1646,running,normal,1,0,0.1473658129811164,LOW,No critical resource condition identified,Continue monitoring
2026-08-09 12:00:00,AWS,aws-ebs-2265,storage,57.17,56.24,21.21,406.63,370.51,0.179,running,normal,1,0,0.1155151055448457,LOW,No critical resource condition identified,Continue monitoring
2026-08-09 15:00:00,Azure,azure-function-2266,storage,54.36,22.39,43.35,391.31,380.27,0.1487,running,normal,1,0,0.1259498596377874,LOW,No critical resource condition identified,Continue monitoring
2026-08-09 18:00:00,GCP,gcp-function-2267,compute,60.78,5.0,75.87,82.28,789.82,0.1368,running,normal,-1,1,-0.0398925038848066,LOW,No critical resource condition identified,Continue monitoring
2026-08-09 21:00:00,AWS,aws-ec2-2268,storage,37.14,43.52,31.26,591.73,332.25,0.1267,running,normal,1,0,0.1212416998884297,LOW,No critical resource condition identified,Continue monitoring
2026-08-10 00:00:00,Azure,azure-disk-2269,database,39.08,51.93,35.15,361.52,645.6,0.1472,running,normal,1,0,0.110131815889368,LOW,No critical resource condition identified,Continue monitoring
2026-08-10 03:00:00,GCP,gcp-ce-2270,database,53.18,31.39,56.54,496.05,113.82,0.174,running,normal,1,0,0.1030409932335836,LOW,No critical resource condition identified,Continue monitoring
2026-08-10 06:00:00,AWS,aws-ebs-2271,database,24.8,54.1,19.48,695.57,325.05,0.1552,running,normal,1,0,0.0754038786863696,LOW,No critical resource condition identified,Continue monitoring
2026-08-10 09:00:00,Azure,azure-vm-2272,serverless,67.81,44.18,53.44,646.68,311.03,0.1673,running,normal,1,0,0.1177194219131835,LOW,No critical resource condition identified,Continue monitoring
2026-08-10 12:00:00,GCP,gcp-sql-2273,storage,52.0,69.11,42.52,192.47,23.56,0.2106,running,normal,1,0,0.0336047491070692,LOW,No critical resource condition identified,Continue monitoring
2026-08-10 15:00:00,AWS,aws-lambda-2274,storage,50.02,24.24,32.1,763.8,505.34,0.1383,running,normal,1,0,0.0729415978710257,LOW,No critical resource condition identified,Continue monitoring
2026-08-10 18:00:00,Azure,azure-vm-2275,serverless,39.32,86.88,44.23,235.88,390.62,0.175,running,normal,1,0,0.0793056953960125,LOW,No critical resource condition identified,Continue monitoring
2026-08-10 21:00:00,GCP,gcp-disk-2276,database,66.76,52.5,32.06,354.8,134.59,0.1799,running,normal,1,0,0.0847326428707185,LOW,No critical resource condition identified,Continue monitoring
2026-08-11 00:00:00,AWS,aws-ebs-2277,database,79.91,64.26,12.14,130.99,242.56,0.2323,running,normal,-1,1,-0.0235615792789073,LOW,No critical resource condition identified,Continue monitoring
2026-08-11 03:00:00,Azure,azure-sql-2278,database,45.18,46.23,23.05,512.94,368.61,0.1489,running,normal,1,0,0.1271231341548114,LOW,No critical resource condition identified,Continue monitoring
2026-08-11 06:00:00,GCP,gcp-ce-2279,database,68.96,21.41,98.0,382.81,513.15,0.1815,running,normal,1,0,0.0238774207524338,HIGH,Storage utilization exceeds 90%,Review storage usage and increase capacity if required
2026-08-11 09:00:00,AWS,aws-lambda-2280,storage,60.68,37.16,33.97,458.16,381.52,0.1884,running,normal,1,0,0.1231558764184345,LOW,No critical resource condition identified,Continue monitoring
2026-08-11 12:00:00,Azure,azure-sql-2281,database,55.91,13.16,35.69,501.81,578.46,0.149,running,normal,1,0,0.076455870850137,LOW,No critical resource condition identified,Continue monitoring
2026-08-11 15:00:00,GCP,gcp-disk-2282,serverless,36.21,47.48,56.17,369.25,645.01,0.126,running,normal,1,0,0.1127325829788328,LOW,No critical resource condition identified,Continue monitoring
2026-08-11 18:00:00,AWS,aws-lambda-2283,storage,39.36,40.3,46.48,596.16,320.02,0.1236,running,normal,1,0,0.1294678209617181,LOW,No critical resource condition identified,Continue monitoring
2026-08-11 21:00:00,Azure,azure-disk-2284,database,63.14,63.67,91.6,650.69,284.15,0.2014,running,normal,1,0,0.0712584035235758,HIGH,Storage utilization exceeds 90%,Review storage usage and increase capacity if required
2026-08-12 00:00:00,GCP,gcp-disk-2285,storage,19.57,44.85,58.9,438.12,224.1,0.0856,running,normal,1,0,0.0975913644997966,LOW,No critical resource condition identified,Continue monitoring
2026-08-12 03:00:00,AWS,aws-ec2-2286,compute,30.17,58.31,91.78,561.68,20.0,0.1733,running,normal,1,0,0.0320016214801346,HIGH,Storage utilization exceeds 90%,Review storage usage and increase capacity if required
2026-08-12 06:00:00,Azure,azure-vm-2287,serverless,24.6,36.68,53.69,77.22,385.56,0.1227,running,normal,1,0,0.099386584550467,LOW,No critical resource condition identified,Continue monitoring
2026-08-12 09:00:00,GCP,gcp-disk-2288,database,42.49,43.91,36.1,236.1,483.07,0.1522,running,normal,1,0,0.1284275588629179,LOW,No critical resource condition identified,Continue monitoring
2026-08-12 12:00:00,AWS,aws-lambda-2289,database,47.46,32.63,51.57,714.25,390.43,0.1312,running,normal,1,0,0.1219908811349318,LOW,No critical resource condition identified,Continue monitoring
2026-08-12 15:00:00,Azure,azure-sql-2290,compute,42.3,58.56,61.82,456.39,390.29,0.1882,running,normal,1,0,0.159067581837124,LOW,No critical resource condition identified,Continue monitoring
2026-08-12 18:00:00,GCP,gcp-function-2291,serverless,47.36,31.9,70.55,475.97,307.65,0.1386,running,normal,1,0,0.1289065453699499,LOW,No critical resource condition identified,Continue monitoring
2026-08-12 21:00:00,AWS,aws-lambda-2292,serverless,57.29,53.27,47.14,327.48,59.19,0.1451,running,normal,1,0,0.0815382509810085,LOW,No critical resource condition identified,Continue monitoring
2026-08-13 00:00:00,Azure,azure-vm-2293,storage,50.21,64.61,45.43,703.61,274.74,0.1745,running,normal,1,0,0.1260269391944631,LOW,No critical resource condition identified,Continue monitoring
2026-08-13 03:00:00,GCP,gcp-function-2294,storage,64.66,51.91,50.67,152.13,256.01,0.1931,running,normal,1,0,0.0984444724206919,LOW,No critical resource condition identified,Continue monitoring
2026-08-13 06:00:00,AWS,aws-ec2-2295,database,97.04,65.2,31.36,1748.49,1187.11,0.1668,running,high_cpu_and_traffic,-1,1,-0.1409800619060264,HIGH,High CPU and network traffic,Investigate workload and consider scaling resources
2026-08-13 09:00:00,Azure,azure-function-2296,storage,43.28,31.14,20.67,472.88,278.26,0.1385,running,normal,1,0,0.1029014215941762,LOW,No critical resource condition identified,Continue monitoring
2026-08-13 12:00:00,GCP,gcp-ce-2297,serverless,25.92,50.83,41.23,759.31,427.44,0.1625,running,normal,1,0,0.1102687571238854,LOW,No critical resource condition identified,Continue monitoring
2026-08-13 15:00:00,AWS,aws-rds-2298,database,41.24,56.22,72.37,612.89,484.96,0.1539,running,normal,1,0,0.1368825908147729,LOW,No critical resource condition identified,Continue monitoring
2026-08-13 18:00:00,Azure,azure-disk-2299,compute,69.23,39.33,33.12,287.26,532.75,0.1678,running,normal,1,0,0.0961231544829998,LOW,No critical resource condition identified,Continue monitoring
2026-08-13 21:00:00,GCP,gcp-ce-2300,storage,35.19,78.15,18.75,748.72,451.02,0.1382,running,normal,1,0,0.0468271808092541,LOW,No critical resource condition identified,Continue monitoring
2026-08-14 00:00:00,AWS,aws-ebs-2301,serverless,37.29,32.64,16.62,884.78,252.26,0.1158,running,normal,1,0,0.0257288095963006,LOW,No critical resource condition identified,Continue monitoring
2026-08-14 03:00:00,Azure,azure-vm-2302,storage,96.8,73.95,57.28,1486.74,1654.8,0.1344,running,high_cpu_and_traffic,-1,1,-0.1519806072328914,HIGH,High CPU and network traffic,Investigate workload and consider scaling resources
2026-08-14 06:00:00,GCP,gcp-function-2303,database,58.86,33.22,24.11,421.69,744.85,0.1528,running,normal,1,0,0.0558755080297348,LOW,No critical resource condition identified,Continue monitoring
2026-08-14 09:00:00,AWS,aws-ec2-2304,database,43.04,41.75,71.1,531.8,535.33,0.1582,running,normal,1,0,0.1359421754496978,LOW,No critical resource condition identified,Continue monitoring
2026-08-14 12:00:00,Azure,azure-function-2305,database,68.96,91.85,72.35,329.5,535.57,0.2349,running,normal,1,0,0.0142842089205934,LOW,No critical resource condition identified,Continue monitoring
2026-08-14 15:00:00,GCP,gcp-ce-2306,compute,27.59,60.04,34.38,542.26,365.64,0.1448,running,normal,1,0,0.131086847815254,LOW,No critical resource condition identified,Continue monitoring
2026-08-14 18:00:00,AWS,aws-rds-2307,serverless,48.71,52.74,87.0,381.15,454.76,0.1635,running,normal,1,0,0.1205093779457623,LOW,No critical resource condition identified,Continue monitoring
2026-08-14 21:00:00,Azure,azure-disk-2308,compute,46.15,39.79,85.42,394.62,143.17,0.1307,running,normal,1,0,0.0733169183951731,LOW,No critical resource condition identified,Continue monitoring
2026-08-15 00:00:00,GCP,gcp-sql-2309,serverless,38.47,48.74,71.61,563.29,493.41,0.1344,running,normal,1,0,0.1356779757398972,LOW,No critical resource condition identified,Continue monitoring
2026-08-15 03:00:00,AWS,aws-rds-2310,storage,2.61,0.58,22.71,639.8,684.93,0.9796,stopped,stopped_with_cost,-1,1,-0.1539128146115156,HIGH,Resource is stopped but still generating cost,Investigate billing and remove or right-size unused resources
2026-08-15 06:00:00,Azure,azure-vm-2311,compute,4.41,15.56,55.42,294.46,319.89,0.1633,running,underutilized,1,0,0.0654886255110154,MEDIUM,Resource has very low CPU and memory utilization,Consider right-sizing or reducing allocated capacity
2026-08-15 09:00:00,GCP,gcp-sql-2312,compute,47.14,25.49,52.4,307.8,660.88,0.1164,running,normal,1,0,0.0817197285642113,LOW,No critical resource condition identified,Continue monitoring
2026-08-15 12:00:00,AWS,aws-rds-2313,serverless,44.83,61.99,68.44,439.08,521.79,0.1561,running,normal,1,0,0.1444852278304981,LOW,No critical resource condition identified,Continue monitoring
2026-08-15 15:00:00,Azure,azure-disk-2314,compute,50.98,40.47,42.42,632.82,225.3,0.1418,running,normal,1,0,0.1182143214180538,LOW,No critical resource condition identified,Continue monitoring
2026-08-15 18:00:00,GCP,gcp-function-2315,serverless,18.84,74.31,26.01,414.1,300.88,0.1276,running,normal,1,0,0.0760220830543467,LOW,No critical resource condition identified,Continue monitoring
2026-08-15 21:00:00,AWS,aws-lambda-2316,database,46.99,67.71,35.82,833.94,95.26,0.1495,running,normal,1,0,0.0487425643095835,LOW,No critical resource condition identified,Continue monitoring
2026-08-16 00:00:00,Azure,azure-function-2317,storage,51.14,57.76,59.42,503.96,245.46,0.1802,running,normal,1,0,0.1481573832605103,LOW,No critical resource condition identified,Continue monitoring
2026-08-16 03:00:00,GCP,gcp-sql-2318,compute,76.76,55.95,23.45,769.05,237.1,0.2151,running,normal,1,0,0.0238910468250124,LOW,No critical resource condition identified,Continue monitoring
2026-08-16 06:00:00,AWS,aws-rds-2319,storage,58.76,54.4,58.26,303.18,372.15,0.1636,running,normal,1,0,0.141510759294617,LOW,No critical resource condition identified,Continue monitoring
2026-08-16 09:00:00,Azure,azure-sql-2320,serverless,78.2,45.33,5.49,701.12,471.88,0.2051,running,normal,-1,1,-0.0087888473624987,LOW,No critical resource condition identified,Continue monitoring
2026-08-16 12:00:00,GCP,gcp-function-2321,serverless,79.88,50.93,13.24,508.99,592.99,0.215,running,normal,1,0,0.0182037030776461,LOW,No critical resource condition identified,Continue monitoring
2026-08-16 15:00:00,AWS,aws-ec2-2322,storage,28.49,77.39,46.57,147.83,461.46,0.1489,running,normal,1,0,0.0884840671496613,LOW,No critical resource condition identified,Continue monitoring
2026-08-16 18:00:00,Azure,azure-sql-2323,serverless,25.85,69.56,52.95,536.16,439.16,0.1488,running,normal,1,0,0.1304823245064095,LOW,No critical resource condition identified,Continue monitoring
2026-08-16 21:00:00,GCP,gcp-disk-2324,database,65.97,75.46,23.56,412.51,534.29,0.2365,running,normal,1,0,0.0533329364061261,LOW,No critical resource condition identified,Continue monitoring
2026-08-17 00:00:00,AWS,aws-lambda-2325,compute,67.95,51.06,68.89,591.89,197.77,0.1968,running,normal,1,0,0.0964933041214369,LOW,No critical resource condition identified,Continue monitoring
2026-08-17 03:00:00,Azure,azure-disk-2326,storage,40.57,21.71,61.67,487.57,252.45,0.1181,running,normal,1,0,0.1103056803845856,LOW,No critical resource condition identified,Continue monitoring
2026-08-17 06:00:00,GCP,gcp-ce-2327,serverless,45.05,18.5,74.99,452.86,224.1,0.089,running,normal,1,0,0.0660741763072498,LOW,No critical resource condition identified,Continue monitoring
2026-08-17 09:00:00,AWS,aws-rds-2328,serverless,48.79,65.55,65.22,485.0,359.33,0.1663,running,normal,1,0,0.1573921543824886,LOW,No critical resource condition identified,Continue monitoring
2026-08-17 12:00:00,Azure,azure-sql-2329,database,43.15,76.58,55.46,518.52,784.82,0.2068,running,normal,1,0,0.0488115321752351,LOW,No critical resource condition identified,Continue monitoring
2026-08-17 15:00:00,GCP,gcp-function-2330,storage,84.46,48.52,43.45,61.34,452.21,0.1895,running,normal,1,0,0.0402318733632366,LOW,No critical resource condition identified,Continue monitoring
2026-08-17 18:00:00,AWS,aws-rds-2331,database,77.36,59.93,93.6,265.86,647.87,0.1852,running,normal,1,0,0.0082319845781811,HIGH,Storage utilization exceeds 90%,Review storage usage and increase capacity if required
2026-08-17 21:00:00,Azure,azure-vm-2332,storage,36.94,40.7,29.71,223.26,329.21,0.1308,running,normal,1,0,0.1121176426115435,LOW,No critical resource condition identified,Continue monitoring
2026-08-18 00:00:00,GCP,gcp-ce-2333,compute,66.0,23.39,39.34,577.98,454.91,0.1555,running,normal,1,0,0.1053367858150092,LOW,No critical resource condition identified,Continue monitoring
2026-08-18 03:00:00,AWS,aws-lambda-2334,database,31.01,58.77,48.12,355.88,310.9,0.1208,running,normal,1,0,0.1361319546519754,LOW,No critical resource condition identified,Continue monitoring
2026-08-18 06:00:00,Azure,azure-function-2335,compute,37.88,69.8,52.89,622.55,482.57,0.1556,running,normal,1,0,0.1348224432769948,LOW,No critical resource condition identified,Continue monitoring
2026-08-18 09:00:00,GCP,gcp-function-2336,compute,32.92,36.53,67.62,624.71,753.9,0.1247,running,normal,1,0,0.0557271782977889,LOW,No critical resource condition identified,Continue monitoring
2026-08-18 12:00:00,AWS,aws-ebs-2337,storage,40.82,58.52,72.81,439.39,378.18,0.145,running,normal,1,0,0.1450615329521335,LOW,No critical resource condition identified,Continue monitoring
2026-08-18 15:00:00,Azure,azure-disk-2338,database,32.22,30.64,56.44,188.76,528.97,0.1245,running,normal,1,0,0.1021626969201658,LOW,No critical resource condition identified,Continue monitoring
2026-08-18 18:00:00,GCP,gcp-sql-2339,storage,23.58,63.51,51.75,497.13,480.3,0.1261,running,normal,1,0,0.1319171664886252,LOW,No critical resource condition identified,Continue monitoring
2026-08-18 21:00:00,AWS,aws-rds-2340,database,57.4,40.36,56.18,676.44,582.19,0.1651,running,normal,1,0,0.1213989424180057,LOW,No critical resource condition identified,Continue monitoring
2026-08-19 00:00:00,Azure,azure-vm-2341,storage,39.39,76.32,33.43,342.66,301.29,0.155,running,normal,1,0,0.1097578908778062,LOW,No critical resource condition identified,Continue monitoring
2026-08-19 03:00:00,GCP,gcp-function-2342,serverless,64.52,47.39,97.58,238.76,654.38,0.2034,running,normal,1,0,0.014837101749717,HIGH,Storage utilization exceeds 90%,Review storage usage and increase capacity if required
2026-08-19 06:00:00,AWS,aws-ebs-2343,database,28.42,33.62,47.99,453.73,143.62,0.1459,running,normal,1,0,0.113806411796538,LOW,No critical resource condition identified,Continue monitoring
2026-08-19 09:00:00,Azure,azure-sql-2344,database,33.73,45.19,40.84,449.47,397.67,0.1458,running,normal,1,0,0.1476278302573352,LOW,No critical resource condition identified,Continue monitoring
2026-08-19 12:00:00,GCP,gcp-disk-2345,storage,44.82,54.16,43.17,630.56,451.62,0.1598,running,normal,1,0,0.1492609059989921,LOW,No critical resource condition identified,Continue monitoring
2026-08-19 15:00:00,AWS,aws-lambda-2346,storage,45.55,48.99,36.82,587.68,532.49,0.1867,running,normal,1,0,0.1336089167481437,LOW,No critical resource condition identified,Continue monitoring
2026-08-19 18:00:00,Azure,azure-sql-2347,compute,10.64,64.92,18.87,272.82,453.16,0.1031,running,normal,1,0,0.0396309462035751,LOW,No critical resource condition identified,Continue monitoring
2026-08-19 21:00:00,GCP,gcp-sql-2348,serverless,58.13,33.21,46.92,381.84,531.18,0.1747,running,normal,1,0,0.1292323635066408,LOW,No critical resource condition identified,Continue monitoring
2026-08-20 00:00:00,AWS,aws-ec2-2349,compute,34.01,54.25,29.22,516.8,808.22,0.1528,running,normal,1,0,0.0590921706424542,LOW,No critical resource condition identified,Continue monitoring
2026-08-20 03:00:00,Azure,azure-vm-2350,database,18.56,76.08,54.26,261.2,237.39,0.1289,running,normal,1,0,0.074910214031343,LOW,No critical resource condition identified,Continue monitoring
2026-08-20 06:00:00,GCP,gcp-disk-2351,compute,65.04,48.35,29.4,365.82,679.77,0.1663,running,normal,1,0,0.0787465139073029,LOW,No critical resource condition identified,Continue monitoring
2026-08-20 09:00:00,AWS,aws-ec2-2352,serverless,48.9,35.76,67.3,632.21,453.02,0.1445,running,normal,1,0,0.1302967770649306,LOW,No critical resource condition identified,Continue monitoring
2026-08-20 12:00:00,Azure,azure-sql-2353,database,21.39,73.9,82.0,407.53,456.98,0.1563,running,normal,1,0,0.0867978983770229,LOW,No critical resource condition identified,Continue monitoring
2026-08-20 15:00:00,GCP,gcp-ce-2354,serverless,13.76,44.32,58.01,361.04,685.24,0.1315,running,normal,1,0,0.0683880519212785,LOW,No critical resource condition identified,Continue monitoring
2026-08-20 18:00:00,AWS,aws-rds-2355,storage,31.51,46.49,43.49,621.77,257.85,0.0928,running,normal,1,0,0.1010173624880576,LOW,No critical resource condition identified,Continue monitoring
2026-08-20 21:00:00,Azure,azure-sql-2356,database,33.2,53.37,26.4,232.0,251.29,0.1154,running,normal,1,0,0.0921139659392825,LOW,No critical resource condition identified,Continue monitoring
2026-08-21 00:00:00,GCP,gcp-ce-2357,database,57.4,32.19,40.85,351.9,529.42,0.1572,running,normal,1,0,0.1263825104382621,LOW,No critical resource condition identified,Continue monitoring
2026-08-21 03:00:00,AWS,aws-ebs-2358,database,44.11,39.63,23.48,437.85,677.27,0.1374,running,normal,1,0,0.0847176636056715,LOW,No critical resource condition identified,Continue monitoring
2026-08-21 06:00:00,Azure,azure-disk-2359,storage,18.73,35.83,39.0,377.0,363.84,0.0769,running,normal,1,0,0.0876953576142369,LOW,No critical resource condition identified,Continue monitoring
2026-08-21 09:00:00,GCP,gcp-sql-2360,compute,20.55,43.61,53.86,309.19,454.64,0.0882,running,normal,1,0,0.1070978875449972,LOW,No critical resource condition identified,Continue monitoring
2026-08-21 12:00:00,AWS,aws-rds-2361,serverless,46.0,70.25,41.41,338.79,619.61,0.202,running,normal,1,0,0.1043610391625213,LOW,No critical resource condition identified,Continue monitoring
2026-08-21 15:00:00,Azure,azure-function-2362,compute,63.81,48.59,59.89,590.47,310.03,0.1889,running,normal,1,0,0.1357790929790452,LOW,No critical resource condition identified,Continue monitoring
2026-08-21 18:00:00,GCP,gcp-ce-2363,database,27.19,38.26,66.57,623.04,519.99,0.1308,running,normal,1,0,0.1164068555927381,LOW,No critical resource condition identified,Continue monitoring
2026-08-21 21:00:00,AWS,aws-lambda-2364,storage,52.43,55.0,56.15,535.57,175.29,0.155,running,normal,1,0,0.1303190395861993,LOW,No critical resource condition identified,Continue monitoring
2026-08-22 00:00:00,Azure,azure-vm-2365,database,74.77,10.96,79.3,465.61,562.04,0.1791,running,normal,1,0,0.02130923676211,LOW,No critical resource condition identified,Continue monitoring
2026-08-22 03:00:00,GCP,gcp-function-2366,database,20.46,48.1,58.31,411.13,505.24,0.1165,running,normal,1,0,0.1218324276881768,LOW,No critical resource condition identified,Continue monitoring
2026-08-22 06:00:00,AWS,aws-ebs-2367,storage,37.95,53.68,8.81,309.59,80.53,0.1284,running,normal,1,0,0.033336710125585,LOW,No critical resource condition identified,Continue monitoring
2026-08-22 09:00:00,Azure,azure-disk-2368,storage,57.66,98.0,77.07,474.03,537.35,0.1946,running,normal,1,0,0.0389239465098919,LOW,No critical resource condition identified,Continue monitoring
2026-08-22 12:00:00,GCP,gcp-ce-2369,compute,52.17,69.7,36.62,484.81,425.46,0.1803,running,normal,1,0,0.1418033569183482,LOW,No critical resource condition identified,Continue monitoring
2026-08-22 15:00:00,AWS,aws-ebs-2370,database,50.03,53.51,39.2,569.84,564.45,0.1807,running,normal,1,0,0.1426642116878669,LOW,No critical resource condition identified,Continue monitoring
2026-08-22 18:00:00,Azure,azure-sql-2371,compute,28.59,51.74,29.85,679.89,525.33,0.1557,running,normal,1,0,0.102716975018102,LOW,No critical resource condition identified,Continue monitoring
2026-08-22 21:00:00,GCP,gcp-sql-2372,database,37.34,81.35,44.7,206.18,561.19,0.1686,running,normal,1,0,0.0801365258420543,LOW,No critical resource condition identified,Continue monitoring
2026-08-23 00:00:00,AWS,aws-ebs-2373,storage,44.64,77.47,17.23,344.63,258.02,0.1381,running,normal,1,0,0.0660898926402321,LOW,No critical resource condition identified,Continue monitoring
2026-08-23 03:00:00,Azure,azure-disk-2374,database,61.3,57.0,60.14,368.03,277.72,0.1818,running,normal,1,0,0.1357880135273969,LOW,No critical resource condition identified,Continue monitoring
2026-08-23 06:00:00,GCP,gcp-ce-2375,compute,32.37,28.42,52.08,350.27,388.52,0.1125,running,normal,1,0,0.1281318826070797,LOW,No critical resource condition identified,Continue monitoring
2026-08-23 09:00:00,AWS,aws-rds-2376,compute,54.98,85.38,63.16,736.86,269.02,0.1769,running,normal,1,0,0.0718110451486765,LOW,No critical resource condition identified,Continue monitoring
2026-08-23 12:00:00,Azure,azure-vm-2377,compute,57.62,71.8,5.0,675.54,453.67,0.1733,running,normal,1,0,0.0375200530784542,LOW,No critical resource condition identified,Continue monitoring
2026-08-23 15:00:00,GCP,gcp-function-2378,compute,51.86,67.98,56.61,184.89,377.12,0.1492,running,normal,1,0,0.1190408207218927,LOW,No critical resource condition identified,Continue monitoring
2026-08-23 18:00:00,AWS,aws-ebs-2379,serverless,22.65,37.91,30.35,368.3,465.99,0.1044,running,normal,1,0,0.0978303854842023,LOW,No critical resource condition identified,Continue monitoring
2026-08-23 21:00:00,Azure,azure-vm-2380,compute,64.83,29.87,75.72,713.89,648.43,0.176,running,normal,1,0,0.0611272879666833,LOW,No critical resource condition identified,Continue monitoring
2026-08-24 00:00:00,GCP,gcp-disk-2381,compute,25.17,50.21,64.96,685.18,322.31,0.1275,running,normal,1,0,0.1189776340484439,LOW,No critical resource condition identified,Continue monitoring
2026-08-24 03:00:00,AWS,aws-ebs-2382,storage,58.24,56.53,50.84,514.49,498.47,0.1919,running,normal,1,0,0.144661538634383,LOW,No critical resource condition identified,Continue monitoring
2026-08-24 06:00:00,Azure,azure-function-2383,serverless,49.6,42.18,52.68,512.01,573.09,0.1441,running,normal,1,0,0.1384617677153632,LOW,No critical resource condition identified,Continue monitoring
2026-08-24 09:00:00,GCP,gcp-disk-2384,database,35.89,40.34,27.97,136.64,508.38,0.1587,running,normal,1,0,0.0919339127749475,LOW,No critical resource condition identified,Continue monitoring
2026-08-24 12:00:00,AWS,aws-ebs-2385,storage,58.53,49.18,64.69,431.69,307.1,0.1685,running,normal,1,0,0.1462157994187664,LOW,No critical resource condition identified,Continue monitoring
2026-08-24 15:00:00,Azure,azure-vm-2386,database,62.07,71.45,76.12,529.36,39.03,0.1821,running,normal,1,0,0.0434922036005061,LOW,No critical resource condition identified,Continue monitoring
2026-08-24 18:00:00,GCP,gcp-function-2387,storage,69.53,45.75,21.87,442.69,402.37,0.2113,running,normal,1,0,0.0846514589801634,LOW,No critical resource condition identified,Continue monitoring
2026-08-24 21:00:00,AWS,aws-lambda-2388,storage,46.32,57.2,60.53,319.58,230.78,0.1768,running,normal,1,0,0.1380111460032635,LOW,No critical resource condition identified,Continue monitoring
2026-08-25 00:00:00,Azure,azure-vm-2389,compute,10.61,39.48,67.44,450.06,189.36,0.0967,running,normal,1,0,0.0824667884217244,LOW,No critical resource condition identified,Continue monitoring
2026-08-25 03:00:00,GCP,gcp-function-2390,storage,33.77,49.38,94.79,888.22,361.6,0.1395,running,storage_pressure,1,0,0.0413249412734655,HIGH,Storage utilization is critically high,Clean up unused storage or increase storage capacity
2026-08-25 06:00:00,AWS,aws-ebs-2391,compute,51.47,45.69,19.53,302.57,450.71,0.1459,running,normal,1,0,0.1086737922062315,LOW,No critical resource condition identified,Continue monitoring
2026-08-25 09:00:00,Azure,azure-vm-2392,serverless,3.05,7.5,31.06,398.63,343.64,1.1561,stopped,stopped_with_cost,-1,1,-0.1253041493395004,HIGH,Resource is stopped but still generating cost,Investigate billing and remove or right-size unused resources
2026-08-25 12:00:00,GCP,gcp-ce-2393,serverless,67.73,54.18,96.39,562.06,366.23,0.1627,running,storage_pressure,1,0,0.064518605794626,HIGH,Storage utilization is critically high,Clean up unused storage or increase storage capacity
2026-08-25 15:00:00,AWS,aws-rds-2394,storage,31.85,54.07,52.96,465.37,418.38,0.1393,running,normal,1,0,0.1555348670151785,LOW,No critical resource condition identified,Continue monitoring
2026-08-25 18:00:00,Azure,azure-disk-2395,compute,98.93,69.32,44.55,1450.67,1549.27,0.149,running,high_cpu_and_traffic,-1,1,-0.1544599612655128,HIGH,High CPU and network traffic,Investigate workload and consider scaling resources
2026-08-25 21:00:00,GCP,gcp-disk-2396,database,37.44,28.91,46.19,789.04,214.26,0.1391,running,normal,1,0,0.083141131133141,LOW,No critical resource condition identified,Continue monitoring
2026-08-26 00:00:00,AWS,aws-ec2-2397,storage,52.38,60.86,42.65,333.64,305.49,0.1651,running,normal,1,0,0.1465735019735398,LOW,No critical resource condition identified,Continue monitoring
2026-08-26 03:00:00,Azure,azure-vm-2398,compute,38.8,71.43,23.71,135.17,593.09,0.157,running,normal,1,0,0.0615812471688785,LOW,No critical resource condition identified,Continue monitoring
2026-08-26 06:00:00,GCP,gcp-disk-2399,serverless,48.77,40.57,58.12,276.79,351.71,0.115,running,normal,1,0,0.120801443515039,LOW,No critical resource condition identified,Continue monitoring
2026-08-26 09:00:00,AWS,aws-ebs-2400,database,57.06,58.58,59.0,448.6,462.12,0.1663,running,normal,1,0,0.1535840358679716,LOW,No critical resource condition identified,Continue monitoring
2026-08-26 12:00:00,Azure,azure-sql-2401,serverless,32.76,75.66,55.5,321.03,356.55,0.1552,running,normal,1,0,0.1273623749433567,LOW,No critical resource condition identified,Continue monitoring
2026-08-26 15:00:00,GCP,gcp-function-2402,serverless,46.24,24.97,5.0,382.75,489.68,0.1313,running,normal,1,0,0.0427731644084933,LOW,No critical resource condition identified,Continue monitoring
2026-08-26 18:00:00,AWS,aws-ebs-2403,serverless,69.43,70.73,69.03,233.37,402.74,0.2218,running,normal,1,0,0.0808523672626814,LOW,No critical resource condition identified,Continue monitoring
2026-08-26 21:00:00,Azure,azure-sql-2404,storage,20.02,84.54,32.17,91.0,343.82,0.0996,running,normal,1,0,0.0137174275696621,LOW,No critical resource condition identified,Continue monitoring
2026-08-27 00:00:00,GCP,gcp-function-2405,compute,38.16,24.3,48.51,288.4,538.32,0.1099,running,normal,1,0,0.1014037723050964,LOW,No critical resource condition identified,Continue monitoring
2026-08-27 03:00:00,AWS,aws-lambda-2406,compute,91.78,59.07,45.09,397.27,311.42,0.2177,running,normal,1,0,0.0531809600233864,LOW,No critical resource condition identified,Continue monitoring
2026-08-27 06:00:00,Azure,azure-sql-2407,serverless,35.05,11.67,24.68,616.99,359.63,0.1094,running,normal,1,0,0.0509884081753215,LOW,No critical resource condition identified,Continue monitoring
2026-08-27 09:00:00,GCP,gcp-ce-2408,storage,56.38,37.98,59.52,379.6,361.35,0.1721,running,normal,1,0,0.1406006886496718,LOW,No critical resource condition identified,Continue monitoring
2026-08-27 12:00:00,AWS,aws-ebs-2409,compute,58.46,47.02,38.57,737.85,494.29,0.1741,running,normal,1,0,0.1167435322332106,LOW,No critical resource condition identified,Continue monitoring
2026-08-27 15:00:00,Azure,azure-function-2410,database,47.08,47.06,50.3,510.8,390.93,0.1744,running,normal,1,0,0.1539666722886016,LOW,No critical resource condition identified,Continue monitoring
2026-08-27 18:00:00,GCP,gcp-disk-2411,compute,69.74,50.15,61.81,630.8,563.05,0.2124,running,normal,1,0,0.1094850711438675,LOW,No critical resource condition identified,Continue monitoring
2026-08-27 21:00:00,AWS,aws-lambda-2412,compute,35.29,47.21,43.71,383.75,81.8,0.1506,running,normal,1,0,0.1047384275697092,LOW,No critical resource condition identified,Continue monitoring
2026-08-28 00:00:00,Azure,azure-vm-2413,storage,19.41,61.17,32.29,245.53,431.09,0.1111,running,normal,1,0,0.0886480438111151,LOW,No critical resource condition identified,Continue monitoring
2026-08-28 03:00:00,GCP,gcp-sql-2414,serverless,59.4,35.27,28.18,454.23,486.28,0.1881,running,normal,1,0,0.112620076692231,LOW,No critical resource condition identified,Continue monitoring
2026-08-28 06:00:00,AWS,aws-rds-2415,database,66.16,85.52,28.14,317.01,460.98,0.2046,running,normal,1,0,0.0599846384344505,LOW,No critical resource condition identified,Continue monitoring
2026-08-28 09:00:00,Azure,azure-disk-2416,serverless,72.89,26.43,77.97,346.54,455.33,0.2004,running,normal,1,0,0.0647444737863781,LOW,No critical resource condition identified,Continue monitoring
2026-08-28 12:00:00,GCP,gcp-ce-2417,storage,57.93,46.88,58.43,413.16,537.78,0.1525,running,normal,1,0,0.1374166978748493,LOW,No critical resource condition identified,Continue monitoring
2026-08-28 15:00:00,AWS,aws-rds-2418,storage,43.98,22.47,34.16,250.65,636.75,0.1168,running,normal,1,0,0.0560049260708574,LOW,No critical resource condition identified,Continue monitoring
2026-08-28 18:00:00,Azure,azure-vm-2419,compute,75.36,47.91,47.23,682.34,540.52,0.2122,running,normal,1,0,0.0826561855340459,LOW,No critical resource condition identified,Continue monitoring
2026-08-28 21:00:00,GCP,gcp-sql-2420,compute,20.51,38.77,76.63,684.36,470.0,0.0859,running,normal,1,0,0.0646648827786888,LOW,No critical resource condition identified,Continue monitoring
2026-08-29 00:00:00,AWS,aws-rds-2421,storage,41.91,27.49,43.07,768.11,464.13,0.1428,running,normal,1,0,0.099555872834269,LOW,No critical resource condition identified,Continue monitoring
2026-08-29 03:00:00,Azure,azure-disk-2422,compute,22.89,19.77,49.5,519.1,245.55,0.0977,running,normal,1,0,0.0850633363883126,LOW,No critical resource condition identified,Continue monitoring
2026-08-29 06:00:00,GCP,gcp-sql-2423,database,58.87,46.85,62.76,693.33,78.84,0.1935,running,normal,1,0,0.0735156058470147,LOW,No critical resource condition identified,Continue monitoring
2026-08-29 09:00:00,AWS,aws-lambda-2424,serverless,38.61,55.76,25.77,398.73,484.04,0.1535,running,normal,1,0,0.1271391922487356,LOW,No critical resource condition identified,Continue monitoring
2026-08-29 12:00:00,Azure,azure-sql-2425,serverless,57.49,69.02,67.93,526.97,550.22,0.2061,running,normal,1,0,0.1221557334054335,LOW,No critical resource condition identified,Continue monitoring
2026-08-29 15:00:00,GCP,gcp-sql-2426,serverless,43.4,33.59,42.78,390.28,481.83,0.1289,running,normal,1,0,0.1317100999693323,LOW,No critical resource condition identified,Continue monitoring
2026-08-29 18:00:00,AWS,aws-ec2-2427,compute,96.98,70.0,31.15,1363.02,1299.54,0.0905,running,high_cpu_and_traffic,-1,1,-0.1448958414740861,HIGH,High CPU and network traffic,Investigate workload and consider scaling resources
2026-08-29 21:00:00,Azure,azure-function-2428,serverless,47.66,54.06,44.34,536.62,462.44,0.1846,running,normal,1,0,0.1563958085112375,LOW,No critical resource condition identified,Continue monitoring
2026-08-30 00:00:00,GCP,gcp-ce-2429,serverless,51.11,49.53,29.22,216.11,529.01,0.1498,running,normal,1,0,0.1106248514078243,LOW,No critical resource condition identified,Continue monitoring
2026-08-30 03:00:00,AWS,aws-lambda-2430,compute,53.26,47.91,29.71,429.58,594.49,0.1445,running,normal,1,0,0.120999166567907,LOW,No critical resource condition identified,Continue monitoring
2026-08-30 06:00:00,Azure,azure-sql-2431,compute,44.52,41.07,60.86,645.99,444.6,0.1599,running,normal,1,0,0.1447406324829622,LOW,No critical resource condition identified,Continue monitoring
2026-08-30 09:00:00,GCP,gcp-sql-2432,compute,21.72,31.5,20.98,423.27,437.16,0.0832,running,normal,1,0,0.0719828570231225,LOW,No critical resource condition identified,Continue monitoring
2026-08-30 12:00:00,AWS,aws-ebs-2433,compute,25.75,38.74,25.59,559.2,373.12,0.1305,running,normal,1,0,0.1046707906758279,LOW,No critical resource condition identified,Continue monitoring
2026-08-30 15:00:00,Azure,azure-sql-2434,compute,78.72,20.78,73.69,747.81,522.53,0.1852,running,normal,1,0,0.0188177247745422,LOW,No critical resource condition identified,Continue monitoring
2026-08-30 18:00:00,GCP,gcp-ce-2435,compute,32.3,43.01,36.6,279.61,577.6,0.1184,running,normal,1,0,0.1048671530375137,LOW,No critical resource condition identified,Continue monitoring
2026-08-30 21:00:00,AWS,aws-rds-2436,database,45.55,29.19,24.39,430.33,569.12,0.1483,running,normal,1,0,0.1083344246452927,LOW,No critical resource condition identified,Continue monitoring
2026-08-31 00:00:00,Azure,azure-sql-2437,storage,38.96,64.24,36.74,600.2,597.75,0.1512,running,normal,1,0,0.1161201223784275,LOW,No critical resource condition identified,Continue monitoring
2026-08-31 03:00:00,GCP,gcp-ce-2438,database,18.59,41.55,74.03,261.8,612.03,0.1021,running,normal,1,0,0.0544362314079432,LOW,No critical resource condition identified,Continue monitoring
2026-08-31 06:00:00,AWS,aws-ec2-2439,serverless,42.41,33.62,34.25,690.87,475.93,0.1593,running,normal,1,0,0.1205346547443325,LOW,No critical resource condition identified,Continue monitoring
2026-08-31 09:00:00,Azure,azure-sql-2440,database,27.51,25.93,52.78,491.14,408.54,0.1208,running,normal,1,0,0.1243443074243733,LOW,No critical resource condition identified,Continue monitoring
2026-08-31 12:00:00,GCP,gcp-function-2441,database,23.57,77.04,85.65,384.08,133.04,0.1166,running,normal,1,0,0.0280563386964918,LOW,No critical resource condition identified,Continue monitoring
2026-08-31 15:00:00,AWS,aws-lambda-2442,compute,45.31,38.89,34.29,211.91,539.93,0.1427,running,normal,1,0,0.1159198522862735,LOW,No critical resource condition identified,Continue monitoring
2026-08-31 18:00:00,Azure,azure-vm-2443,storage,59.94,45.64,26.18,292.76,180.92,0.1796,running,normal,1,0,0.0861278366768121,LOW,No critical resource condition identified,Continue monitoring
2026-08-31 21:00:00,GCP,gcp-function-2444,compute,47.45,44.73,24.61,504.29,365.02,0.1679,running,normal,1,0,0.129547846367954,LOW,No critical resource condition identified,Continue monitoring
2026-09-01 00:00:00,AWS,aws-lambda-2445,storage,74.54,54.91,63.71,552.94,703.69,0.2164,running,normal,1,0,0.0569298045684601,LOW,No critical resource condition identified,Continue monitoring
2026-09-01 03:00:00,Azure,azure-disk-2446,storage,31.06,28.25,73.34,268.5,519.34,0.1212,running,normal,1,0,0.0872049205307776,LOW,No critical resource condition identified,Continue monitoring
2026-09-01 06:00:00,GCP,gcp-sql-2447,database,30.77,56.81,42.15,228.41,710.16,0.1285,running,normal,1,0,0.0734807812322987,LOW,No critical resource condition identified,Continue monitoring
2026-09-01 09:00:00,AWS,aws-ec2-2448,compute,67.55,11.0,71.4,285.93,442.32,0.1446,running,normal,1,0,0.0502358482447006,LOW,No critical resource condition identified,Continue monitoring
2026-09-01 12:00:00,Azure,azure-function-2449,database,32.25,44.58,49.79,481.98,470.2,0.1331,running,normal,1,0,0.1457810685677332,LOW,No critical resource condition identified,Continue monitoring
2026-09-01 15:00:00,GCP,gcp-ce-2450,compute,55.92,37.94,61.46,455.71,365.16,0.1786,running,normal,1,0,0.1446668437980543,LOW,No critical resource condition identified,Continue monitoring
2026-09-01 18:00:00,AWS,aws-rds-2451,storage,67.18,82.94,93.72,459.06,473.26,0.228,running,normal,1,0,0.0134114401595735,HIGH,Storage utilization exceeds 90%,Review storage usage and increase capacity if required
2026-09-01 21:00:00,Azure,azure-function-2452,storage,61.67,58.28,58.44,284.69,347.33,0.1739,running,normal,1,0,0.1326863230883855,LOW,No critical resource condition identified,Continue monitoring
2026-09-02 00:00:00,GCP,gcp-function-2453,compute,37.37,45.25,50.1,550.03,430.1,0.138,running,normal,1,0,0.1471305844281669,LOW,No critical resource condition identified,Continue monitoring
2026-09-02 03:00:00,AWS,aws-lambda-2454,serverless,43.17,42.19,44.27,318.11,315.09,0.1327,running,normal,1,0,0.1345091659334904,LOW,No critical resource condition identified,Continue monitoring
2026-09-02 06:00:00,Azure,azure-vm-2455,storage,52.33,77.84,72.23,802.16,489.47,0.2047,running,normal,1,0,0.0783974733023003,LOW,No critical resource condition identified,Continue monitoring
2026-09-02 09:00:00,GCP,gcp-sql-2456,database,33.19,23.53,78.53,225.15,470.22,0.0993,running,normal,1,0,0.0591442687269119,LOW,No critical resource condition identified,Continue monitoring
2026-09-02 12:00:00,AWS,aws-ec2-2457,storage,54.53,72.43,48.15,852.15,519.39,0.1837,running,normal,1,0,0.0952558619149555,LOW,No critical resource condition identified,Continue monitoring
2026-09-02 15:00:00,Azure,azure-function-2458,compute,40.49,20.17,55.74,200.56,20.0,0.1061,running,normal,1,0,0.0355598781049379,LOW,No critical resource condition identified,Continue monitoring
2026-09-02 18:00:00,GCP,gcp-ce-2459,database,2.0,34.68,44.53,335.85,461.97,0.0976,running,normal,1,0,0.0630324784706806,LOW,No critical resource condition identified,Continue monitoring
2026-09-02 21:00:00,AWS,aws-ec2-2460,database,64.96,31.66,56.78,629.13,330.25,0.1601,running,normal,1,0,0.1227321653323146,LOW,No critical resource condition identified,Continue monitoring
2026-09-03 00:00:00,Azure,azure-disk-2461,compute,25.42,38.0,57.01,489.4,565.18,0.1058,running,normal,1,0,0.1082705779787113,LOW,No critical resource condition identified,Continue monitoring
2026-09-03 03:00:00,GCP,gcp-ce-2462,database,30.62,39.14,10.86,502.35,646.61,0.1148,running,normal,1,0,0.0366576317899869,LOW,No critical resource condition identified,Continue monitoring
2026-09-03 06:00:00,AWS,aws-rds-2463,compute,13.22,33.89,28.87,393.02,467.12,0.1219,running,normal,1,0,0.0890445224098512,LOW,No critical resource condition identified,Continue monitoring
2026-09-03 09:00:00,Azure,azure-disk-2464,database,28.87,27.18,49.91,450.27,109.79,0.1065,running,normal,1,0,0.090322449056143,LOW,No critical resource condition identified,Continue monitoring
2026-09-03 12:00:00,GCP,gcp-ce-2465,database,67.85,58.34,51.55,354.82,410.7,0.2022,running,normal,1,0,0.122413870070144,LOW,No critical resource condition identified,Continue monitoring
2026-09-03 15:00:00,AWS,aws-ebs-2466,database,48.91,26.3,33.31,577.36,534.73,0.1481,running,normal,1,0,0.1074372355390974,LOW,No critical resource condition identified,Continue monitoring
2026-09-03 18:00:00,Azure,azure-function-2467,database,40.8,28.04,76.77,588.66,687.73,0.1717,running,normal,1,0,0.0726410621678088,LOW,No critical resource condition identified,Continue monitoring
2026-09-03 21:00:00,GCP,gcp-sql-2468,database,2.0,66.53,61.13,467.6,203.82,0.0983,running,normal,1,0,0.0519450378350204,LOW,No critical resource condition identified,Continue monitoring
2026-09-04 00:00:00,AWS,aws-rds-2469,serverless,49.91,61.95,45.52,662.67,501.08,0.1599,running,normal,1,0,0.1392181307745891,LOW,No critical resource condition identified,Continue monitoring
2026-09-04 03:00:00,Azure,azure-vm-2470,database,53.38,55.05,81.17,156.0,598.6,0.1621,running,normal,1,0,0.0824388608605991,LOW,No critical resource condition identified,Continue monitoring
2026-09-04 06:00:00,GCP,gcp-function-2471,storage,22.63,41.06,68.43,412.16,300.56,0.1016,running,normal,1,0,0.1102871019882629,LOW,No critical resource condition identified,Continue monitoring
2026-09-04 09:00:00,AWS,aws-lambda-2472,compute,6.46,98.0,52.07,554.44,330.2,0.1357,running,normal,1,0,0.0132977145722589,LOW,No critical resource condition identified,Continue monitoring
2026-09-04 12:00:00,Azure,azure-function-2473,serverless,30.5,71.32,16.95,529.39,340.72,0.1358,running,normal,1,0,0.0821758256758505,LOW,No critical resource condition identified,Continue monitoring
2026-09-04 15:00:00,GCP,gcp-disk-2474,storage,24.66,46.63,32.63,451.15,424.86,0.1253,running,normal,1,0,0.1295598285998839,LOW,No critical resource condition identified,Continue monitoring
2026-09-04 18:00:00,AWS,aws-rds-2475,storage,56.58,47.99,38.09,716.4,380.59,0.1916,running,normal,1,0,0.1217978438658367,LOW,No critical resource condition identified,Continue monitoring
2026-09-04 21:00:00,Azure,azure-sql-2476,serverless,57.44,49.99,46.72,406.06,53.3,0.1761,running,normal,1,0,0.0824446412966056,LOW,No critical resource condition identified,Continue monitoring
2026-09-05 00:00:00,GCP,gcp-disk-2477,serverless,42.89,61.97,20.45,239.53,20.0,0.1471,running,normal,1,0,0.0360658940041151,LOW,No critical resource condition identified,Continue monitoring
2026-09-05 03:00:00,AWS,aws-rds-2478,compute,51.02,42.34,19.34,908.06,394.08,0.1502,running,normal,1,0,0.0531043600013528,LOW,No critical resource condition identified,Continue monitoring
2026-09-05 06:00:00,Azure,azure-disk-2479,database,41.85,73.44,46.41,783.94,330.81,0.1802,running,normal,1,0,0.1031313461889955,LOW,No critical resource condition identified,Continue monitoring
2026-09-05 09:00:00,GCP,gcp-sql-2480,serverless,68.61,45.1,47.89,20.0,368.64,0.1931,running,normal,1,0,0.0793467402881192,LOW,No critical resource condition identified,Continue monitoring
2026-09-05 12:00:00,AWS,aws-ec2-2481,compute,4.45,8.59,33.68,365.73,220.41,0.1989,running,underutilized,1,0,0.0205213312499406,MEDIUM,Resource has very low CPU and memory utilization,Consider right-sizing or reducing allocated capacity
2026-09-05 15:00:00,Azure,azure-function-2482,compute,5.79,56.77,49.98,251.91,383.25,0.0929,running,normal,1,0,0.0718798763385516,LOW,No critical resource condition identified,Continue monitoring
2026-09-05 18:00:00,GCP,gcp-sql-2483,serverless,50.97,30.37,36.84,499.83,366.18,0.148,running,normal,1,0,0.1322847985964478,LOW,No critical resource condition identified,Continue monitoring
2026-09-05 21:00:00,AWS,aws-rds-2484,compute,60.91,44.5,46.05,515.04,436.32,0.1857,running,normal,1,0,0.1351411557784785,LOW,No critical resource condition identified,Continue monitoring
2026-09-06 00:00:00,Azure,azure-sql-2485,database,39.14,30.76,19.45,149.27,682.04,0.0968,running,normal,1,0,0.0086440686564347,LOW,No critical resource condition identified,Continue monitoring
2026-09-06 03:00:00,GCP,gcp-sql-2486,storage,66.36,10.35,43.3,711.72,514.11,0.1573,running,normal,1,0,0.042052213893254,LOW,No critical resource condition identified,Continue monitoring
2026-09-06 06:00:00,AWS,aws-lambda-2487,serverless,70.0,43.73,46.56,501.04,191.55,0.19,running,normal,1,0,0.0997453878899367,LOW,No critical resource condition identified,Continue monitoring
2026-09-06 09:00:00,Azure,azure-function-2488,serverless,34.6,21.68,39.45,565.34,463.05,0.1203,running,normal,1,0,0.1031230477377956,LOW,No critical resource condition identified,Continue monitoring
2026-09-06 12:00:00,GCP,gcp-ce-2489,compute,46.01,41.36,67.13,502.48,310.89,0.126,running,normal,1,0,0.1348715113970293,LOW,No critical resource condition identified,Continue monitoring
2026-09-06 15:00:00,AWS,aws-rds-2490,storage,46.3,92.35,64.03,740.01,313.9,0.2105,running,normal,1,0,0.0440854133706841,LOW,No critical resource condition identified,Continue monitoring
2026-09-06 18:00:00,Azure,azure-sql-2491,serverless,81.38,44.98,48.39,287.42,542.15,0.1962,running,normal,1,0,0.0664847775417951,LOW,No critical resource condition identified,Continue monitoring
2026-09-06 21:00:00,GCP,gcp-disk-2492,compute,54.88,38.41,62.61,447.56,314.35,0.1525,running,normal,1,0,0.1439707200192056,LOW,No critical resource condition identified,Continue monitoring
2026-09-07 00:00:00,AWS,aws-lambda-2493,database,26.12,45.19,54.9,740.43,398.51,0.1245,running,normal,1,0,0.1176882296652757,LOW,No critical resource condition identified,Continue monitoring
2026-09-07 03:00:00,Azure,azure-disk-2494,database,23.42,43.24,33.74,161.85,537.24,0.1176,running,normal,1,0,0.0799328095583706,LOW,No critical resource condition identified,Continue monitoring
2026-09-07 06:00:00,GCP,gcp-sql-2495,serverless,46.43,59.26,42.7,530.02,272.63,0.1646,running,normal,1,0,0.1478539394169367,LOW,No critical resource condition identified,Continue monitoring
2026-09-07 09:00:00,AWS,aws-lambda-2496,serverless,68.9,55.14,48.63,369.22,110.8,0.1669,running,normal,1,0,0.0874342165688263,LOW,No critical resource condition identified,Continue monitoring
2026-09-07 12:00:00,Azure,azure-function-2497,serverless,70.42,73.67,34.27,597.3,323.67,0.2232,running,normal,1,0,0.0815823981633067,LOW,No critical resource condition identified,Continue monitoring
2026-09-07 15:00:00,GCP,gcp-ce-2498,serverless,36.13,68.26,10.54,683.32,396.0,0.1603,running,normal,1,0,0.0553276712897214,LOW,No critical resource condition identified,Continue monitoring
2026-09-07 18:00:00,AWS,aws-ec2-2499,serverless,69.4,42.32,62.27,456.22,570.03,0.1914,running,normal,1,0,0.1103009649545494,LOW,No critical resource condition identified,Continue monitoring
2026-09-07 21:00:00,Azure,azure-sql-2500,database,73.82,58.96,45.67,856.03,585.47,0.229,running,normal,1,0,0.0508293240231221,LOW,No critical resource condition identified,Continue monitoring
2026-09-08 00:00:00,GCP,gcp-ce-2501,serverless,58.73,10.71,55.9,421.05,320.04,0.1386,running,normal,1,0,0.0801725813004186,LOW,No critical resource condition identified,Continue monitoring
2026-09-08 03:00:00,AWS,aws-ebs-2502,database,67.44,58.32,5.0,346.25,540.89,0.1914,running,normal,1,0,0.0342602013408162,LOW,No critical resource condition identified,Continue monitoring
2026-09-08 06:00:00,Azure,azure-vm-2503,serverless,20.58,47.42,39.04,199.94,167.32,0.0941,running,normal,1,0,0.0730315419190967,LOW,No critical resource condition identified,Continue monitoring
2026-09-08 09:00:00,GCP,gcp-ce-2504,storage,63.8,59.25,63.01,402.01,496.48,0.1888,running,normal,1,0,0.1397559099350556,LOW,No critical resource condition identified,Continue monitoring
2026-09-08 12:00:00,AWS,aws-ec2-2505,database,3.05,16.28,55.65,402.3,170.08,0.0432,running,normal,1,0,0.030273953405338,MEDIUM,Very low resource utilization,Consider right-sizing the resource
2026-09-08 15:00:00,Azure,azure-vm-2506,serverless,66.82,79.51,16.22,203.92,170.3,0.2207,running,normal,-1,1,-0.0003736443329395,LOW,No critical resource condition identified,Continue monitoring
2026-09-08 18:00:00,GCP,gcp-sql-2507,serverless,49.13,48.98,25.58,542.37,370.22,0.1431,running,normal,1,0,0.1266623945806996,LOW,No critical resource condition identified,Continue monitoring
2026-09-08 21:00:00,AWS,aws-ec2-2508,compute,49.09,47.75,65.83,489.63,258.61,0.1616,running,normal,1,0,0.1472157217186879,LOW,No critical resource condition identified,Continue monitoring
2026-09-09 00:00:00,Azure,azure-function-2509,compute,63.65,38.91,61.36,139.53,380.8,0.1629,running,normal,1,0,0.1022432169107874,LOW,No critical resource condition identified,Continue monitoring
2026-09-09 03:00:00,GCP,gcp-ce-2510,database,55.94,18.29,40.96,297.66,796.08,0.1404,running,normal,1,0,0.0397411875119934,LOW,No critical resource condition identified,Continue monitoring
2026-09-09 06:00:00,AWS,aws-lambda-2511,serverless,16.39,40.53,56.1,465.43,31.93,0.0885,running,normal,1,0,0.0556376871476052,LOW,No critical resource condition identified,Continue monitoring
2026-09-09 09:00:00,Azure,azure-function-2512,database,66.92,32.26,73.62,442.01,654.76,0.1782,running,normal,1,0,0.0773717090725174,LOW,No critical resource condition identified,Continue monitoring
2026-09-09 12:00:00,GCP,gcp-function-2513,compute,37.02,43.23,18.94,742.0,316.62,0.1649,running,normal,1,0,0.0779135275221117,LOW,No critical resource condition identified,Continue monitoring
2026-09-09 15:00:00,AWS,aws-rds-2514,serverless,68.75,48.68,46.73,219.31,326.78,0.1894,running,normal,1,0,0.1085880389929939,LOW,No critical resource condition identified,Continue monitoring
2026-09-09 18:00:00,Azure,azure-disk-2515,compute,0.08,1.58,77.59,396.01,289.52,0.2199,stopped,stopped_with_cost,1,0,1.565705064476841e-05,HIGH,Resource is stopped but still generating cost,Investigate billing and remove or right-size unused resources
2026-09-09 21:00:00,GCP,gcp-ce-2516,storage,61.57,57.27,69.54,637.93,433.37,0.1952,running,normal,1,0,0.1295745676223688,LOW,No critical resource condition identified,Continue monitoring
2026-09-10 00:00:00,AWS,aws-rds-2517,serverless,89.97,40.77,40.98,231.86,210.86,0.221,running,normal,1,0,0.0174500069647303,LOW,No critical resource condition identified,Continue monitoring
2026-09-10 03:00:00,Azure,azure-function-2518,serverless,51.25,53.96,68.0,849.37,643.36,0.1763,running,normal,1,0,0.0941937987906016,LOW,No critical resource condition identified,Continue monitoring
2026-09-10 06:00:00,GCP,gcp-ce-2519,storage,44.64,30.27,32.02,656.67,600.21,0.1432,running,normal,1,0,0.0901220720567063,LOW,No critical resource condition identified,Continue monitoring
2026-09-10 09:00:00,AWS,aws-ec2-2520,compute,14.32,41.97,88.36,503.88,219.33,0.1013,running,normal,1,0,0.0406655516569584,LOW,No critical resource condition identified,Continue monitoring
2026-09-10 12:00:00,Azure,azure-sql-2521,database,48.17,43.3,15.16,464.75,378.16,0.1534,running,normal,1,0,0.1098123403803354,LOW,No critical resource condition identified,Continue monitoring
2026-09-10 15:00:00,GCP,gcp-disk-2522,compute,18.81,37.57,65.19,491.95,388.93,0.0903,running,normal,1,0,0.108848040956039,LOW,No critical resource condition identified,Continue monitoring
2026-09-10 18:00:00,AWS,aws-lambda-2523,storage,54.09,41.41,5.0,328.53,322.77,0.1437,running,normal,1,0,0.0596108662195375,LOW,No critical resource condition identified,Continue monitoring
2026-09-10 21:00:00,Azure,azure-function-2524,compute,44.33,67.81,17.83,395.09,89.76,0.154,running,normal,1,0,0.0560934615200411,LOW,No critical resource condition identified,Continue monitoring
2026-09-11 00:00:00,GCP,gcp-sql-2525,serverless,52.37,68.27,39.41,266.45,231.75,0.1771,running,normal,1,0,0.1145213270757743,LOW,No critical resource condition identified,Continue monitoring
2026-09-11 03:00:00,AWS,aws-ec2-2526,storage,38.25,46.6,47.37,814.8,597.38,0.1568,running,normal,1,0,0.1031386948090416,LOW,No critical resource condition identified,Continue monitoring
2026-09-11 06:00:00,Azure,azure-vm-2527,database,53.9,42.56,31.12,635.8,403.52,0.1799,running,normal,1,0,0.1239007151447059,LOW,No critical resource condition identified,Continue monitoring
2026-09-11 09:00:00,GCP,gcp-disk-2528,storage,51.45,98.0,52.14,253.7,355.0,0.221,running,normal,1,0,0.0336343547017093,LOW,No critical resource condition identified,Continue monitoring
2026-09-11 12:00:00,AWS,aws-lambda-2529,serverless,64.92,45.11,45.8,643.21,285.31,0.16,running,normal,1,0,0.1217990794920733,LOW,No critical resource condition identified,Continue monitoring
2026-09-11 15:00:00,Azure,azure-function-2530,compute,49.66,37.53,24.82,401.3,578.64,0.1416,running,normal,1,0,0.1076445738489527,LOW,No critical resource condition identified,Continue monitoring
2026-09-11 18:00:00,GCP,gcp-sql-2531,compute,45.79,43.39,54.76,830.73,434.85,0.1579,running,normal,1,0,0.1180256186052393,LOW,No critical resource condition identified,Continue monitoring
2026-09-11 21:00:00,AWS,aws-ec2-2532,storage,34.6,91.44,47.51,492.55,488.22,0.1799,running,normal,1,0,0.0760001509067817,LOW,No critical resource condition identified,Continue monitoring
2026-09-12 00:00:00,Azure,azure-function-2533,storage,59.1,52.96,67.65,411.3,343.93,0.1871,running,normal,1,0,0.1402246192108821,LOW,No critical resource condition identified,Continue monitoring
2026-09-12 03:00:00,GCP,gcp-ce-2534,serverless,69.22,63.19,46.52,365.72,458.26,0.2108,running,normal,1,0,0.1147989440342386,LOW,No critical resource condition identified,Continue monitoring
2026-09-12 06:00:00,AWS,aws-ec2-2535,compute,56.75,7.66,51.92,575.03,492.94,0.1546,running,normal,1,0,0.0795647622544447,LOW,No critical resource condition identified,Continue monitoring
2026-09-12 09:00:00,Azure,azure-disk-2536,serverless,12.6,69.66,62.06,660.33,283.98,0.1356,running,normal,1,0,0.0772823923747973,LOW,No critical resource condition identified,Continue monitoring
2026-09-12 12:00:00,GCP,gcp-disk-2537,serverless,47.27,61.94,81.58,406.79,261.48,0.1501,running,normal,1,0,0.1165955851116393,LOW,No critical resource condition identified,Continue monitoring
2026-09-12 15:00:00,AWS,aws-lambda-2538,serverless,58.62,70.03,43.22,449.7,511.88,0.1856,running,normal,1,0,0.1349519856019153,LOW,No critical resource condition identified,Continue monitoring
2026-09-12 18:00:00,Azure,azure-sql-2539,storage,36.95,50.88,31.57,501.48,445.53,0.1424,running,normal,1,0,0.1407273155058499,LOW,No critical resource condition identified,Continue monitoring
2026-09-12 21:00:00,GCP,gcp-sql-2540,database,35.91,50.84,69.96,224.47,747.76,0.1429,running,normal,1,0,0.0681152612553228,LOW,No critical resource condition identified,Continue monitoring
2026-09-13 00:00:00,AWS,aws-rds-2541,storage,65.56,47.74,40.12,346.41,357.04,0.1869,running,normal,1,0,0.1263462998093457,LOW,No critical resource condition identified,Continue monitoring
2026-09-13 03:00:00,Azure,azure-sql-2542,storage,32.19,36.15,38.78,532.85,505.96,0.1399,running,normal,1,0,0.1276053831145069,LOW,No critical resource condition identified,Continue monitoring
2026-09-13 06:00:00,GCP,gcp-function-2543,storage,41.97,18.64,43.68,382.44,233.75,0.1117,running,normal,1,0,0.0907071440395737,LOW,No critical resource condition identified,Continue monitoring
2026-09-13 09:00:00,AWS,aws-ec2-2544,storage,32.21,77.86,15.95,417.03,213.39,0.1419,running,normal,1,0,0.0540854048159926,LOW,No critical resource condition identified,Continue monitoring
2026-09-13 12:00:00,Azure,azure-function-2545,storage,55.33,74.32,64.83,634.43,179.24,0.1851,running,normal,1,0,0.097477130719524,LOW,No critical resource condition identified,Continue monitoring
2026-09-13 15:00:00,GCP,gcp-sql-2546,serverless,76.56,69.24,65.93,924.05,415.41,0.2227,running,normal,1,0,0.0351332224561682,LOW,No critical resource condition identified,Continue monitoring
2026-09-13 18:00:00,AWS,aws-ebs-2547,storage,46.22,18.92,37.41,429.24,551.94,0.1507,running,normal,1,0,0.1030995183684394,LOW,No critical resource condition identified,Continue monitoring
2026-09-13 21:00:00,Azure,azure-vm-2548,storage,96.72,90.82,15.65,1287.53,1139.26,0.1656,running,high_cpu_and_traffic,-1,1,-0.1539911114349709,HIGH,High CPU and network traffic,Investigate workload and consider scaling resources
2026-09-14 00:00:00,GCP,gcp-sql-2549,compute,42.75,78.15,22.82,275.09,698.18,0.1848,running,normal,1,0,0.0334370671437541,LOW,No critical resource condition identified,Continue monitoring
2026-09-14 03:00:00,AWS,aws-lambda-2550,serverless,30.48,54.98,51.95,453.58,214.44,0.137,running,normal,1,0,0.1392076125752405,LOW,No critical resource condition identified,Continue monitoring
2026-09-14 06:00:00,Azure,azure-function-2551,database,67.8,89.05,86.85,567.02,357.51,0.2204,running,normal,1,0,0.0274040783226706,LOW,No critical resource condition identified,Continue monitoring
2026-09-14 09:00:00,GCP,gcp-function-2552,serverless,68.74,13.36,42.09,594.19,264.77,0.1574,running,normal,1,0,0.0589043274503535,LOW,No critical resource condition identified,Continue monitoring
2026-09-14 12:00:00,AWS,aws-lambda-2553,serverless,21.71,25.37,29.08,173.24,165.38,0.075,running,normal,1,0,0.0299999377581245,LOW,No critical resource condition identified,Continue monitoring
2026-09-14 15:00:00,Azure,azure-function-2554,storage,45.56,32.8,60.67,787.64,257.98,0.1714,running,normal,1,0,0.1063443011408571,LOW,No critical resource condition identified,Continue monitoring
2026-09-14 18:00:00,GCP,gcp-disk-2555,database,52.2,57.03,85.14,543.64,486.58,0.1682,running,normal,1,0,0.1238540945567622,LOW,No critical resource condition identified,Continue monitoring
2026-09-14 21:00:00,AWS,aws-rds-2556,storage,46.96,98.0,5.0,491.97,443.46,0.1941,running,normal,-1,1,-0.005495476326331,LOW,No critical resource condition identified,Continue monitoring
2026-09-15 00:00:00,Azure,azure-function-2557,serverless,40.46,54.0,38.25,814.03,359.68,0.1659,running,normal,1,0,0.1127887420270434,LOW,No critical resource condition identified,Continue monitoring
2026-09-15 03:00:00,GCP,gcp-function-2558,compute,32.96,66.8,62.67,525.47,235.63,0.1368,running,normal,1,0,0.1280820401913502,LOW,No critical resource condition identified,Continue monitoring
2026-09-15 06:00:00,AWS,aws-ec2-2559,compute,56.54,33.0,68.17,326.45,245.89,0.142,running,normal,1,0,0.1090039183221867,LOW,No critical resource condition identified,Continue monitoring
2026-09-15 09:00:00,Azure,azure-sql-2560,serverless,46.25,30.29,47.44,244.17,502.97,0.1509,running,normal,1,0,0.1218904747916815,LOW,No critical resource condition identified,Continue monitoring
2026-09-15 12:00:00,GCP,gcp-ce-2561,compute,76.54,47.16,29.11,554.26,218.78,0.1948,running,normal,1,0,0.0692063162770499,LOW,No critical resource condition identified,Continue monitoring
2026-09-15 15:00:00,AWS,aws-ec2-2562,database,40.5,66.2,70.11,616.72,453.82,0.1613,running,normal,1,0,0.1394294258280547,LOW,No critical resource condition identified,Continue monitoring
2026-09-15 18:00:00,Azure,azure-disk-2563,serverless,3.97,15.38,44.77,497.62,327.83,0.0878,running,normal,1,0,0.0482673343240129,MEDIUM,Very low resource utilization,Consider right-sizing the resource
2026-09-15 21:00:00,GCP,gcp-sql-2564,compute,69.95,78.17,58.25,310.45,311.96,0.1882,running,normal,1,0,0.0980345909012661,LOW,No critical resource condition identified,Continue monitoring
2026-09-16 00:00:00,AWS,aws-lambda-2565,compute,96.58,98.96,8.33,222.53,318.9,0.1424,running,high_utilization,-1,1,-0.0817545755973423,HIGH,CPU and memory utilization are high,Consider scaling or increasing resource capacity
2026-09-16 03:00:00,Azure,azure-vm-2566,serverless,35.37,46.16,41.79,470.12,467.02,0.149,running,normal,1,0,0.1520314146609081,LOW,No critical resource condition identified,Continue monitoring
2026-09-16 06:00:00,GCP,gcp-sql-2567,storage,67.89,56.94,28.91,499.99,570.88,0.2247,running,normal,1,0,0.0849014192180073,LOW,No critical resource condition identified,Continue monitoring
2026-09-16 09:00:00,AWS,aws-lambda-2568,compute,23.23,49.35,41.3,511.66,657.79,0.1315,running,normal,1,0,0.0926072859074717,LOW,No critical resource condition identified,Continue monitoring
2026-09-16 12:00:00,Azure,azure-function-2569,storage,74.62,59.25,56.96,388.13,442.86,0.1912,running,normal,1,0,0.1143598404731742,LOW,No critical resource condition identified,Continue monitoring
2026-09-16 15:00:00,GCP,gcp-function-2570,storage,38.53,38.43,5.0,387.58,256.18,0.1283,running,normal,1,0,0.0532091431917002,LOW,No critical resource condition identified,Continue monitoring
2026-09-16 18:00:00,AWS,aws-rds-2571,serverless,50.48,56.01,57.91,606.93,472.68,0.1764,running,normal,1,0,0.1541904493903796,LOW,No critical resource condition identified,Continue monitoring
2026-09-16 21:00:00,Azure,azure-function-2572,compute,82.6,78.62,52.34,195.66,593.66,0.2222,running,normal,1,0,0.0136511745952961,LOW,No critical resource condition identified,Continue monitoring
2026-09-17 00:00:00,GCP,gcp-function-2573,compute,85.08,24.04,49.38,68.01,393.4,0.1797,running,normal,1,0,0.0191533787868817,LOW,No critical resource condition identified,Continue monitoring
2026-09-17 03:00:00,AWS,aws-ebs-2574,serverless,65.5,31.57,42.36,402.86,479.29,0.1767,running,normal,1,0,0.1217819222246996,LOW,No critical resource condition identified,Continue monitoring
2026-09-17 06:00:00,Azure,azure-function-2575,storage,56.9,33.84,55.78,739.48,131.2,0.1672,running,normal,1,0,0.0813937398013213,LOW,No critical resource condition identified,Continue monitoring
2026-09-17 09:00:00,GCP,gcp-sql-2576,serverless,58.07,51.81,56.6,317.69,337.93,0.1516,running,normal,1,0,0.1416516443959097,LOW,No critical resource condition identified,Continue monitoring
2026-09-17 12:00:00,AWS,aws-rds-2577,serverless,28.51,54.88,71.19,628.7,251.58,0.0873,running,normal,1,0,0.0914531147939952,LOW,No critical resource condition identified,Continue monitoring
2026-09-17 15:00:00,Azure,azure-vm-2578,compute,56.2,67.1,70.27,764.05,597.82,0.2215,running,normal,1,0,0.0826386678427171,LOW,No critical resource condition identified,Continue monitoring
2026-09-17 18:00:00,GCP,gcp-ce-2579,storage,44.26,26.79,97.65,461.33,596.59,0.1307,running,normal,1,0,0.0477822527239776,HIGH,Storage utilization exceeds 90%,Review storage usage and increase capacity if required
2026-09-17 21:00:00,AWS,aws-ebs-2580,compute,37.61,48.23,57.25,642.96,224.94,0.1523,running,normal,1,0,0.1290392890446402,LOW,No critical resource condition identified,Continue monitoring
2026-09-18 00:00:00,Azure,azure-vm-2581,serverless,57.72,41.73,22.56,779.26,517.97,0.1756,running,normal,1,0,0.0804014081532106,LOW,No critical resource condition identified,Continue monitoring
2026-09-18 03:00:00,GCP,gcp-sql-2582,storage,56.36,56.37,9.07,563.87,149.05,0.1942,running,normal,1,0,0.0367433244009698,LOW,No critical resource condition identified,Continue monitoring
2026-09-18 06:00:00,AWS,aws-ebs-2583,compute,62.82,56.36,74.5,464.49,422.21,0.1828,running,normal,1,0,0.1332452280811337,LOW,No critical resource condition identified,Continue monitoring
2026-09-18 09:00:00,Azure,azure-sql-2584,serverless,35.95,61.66,30.39,77.99,433.19,0.149,running,normal,1,0,0.0924718058534028,LOW,No critical resource condition identified,Continue monitoring
2026-09-18 12:00:00,GCP,gcp-ce-2585,database,50.48,54.79,30.22,206.37,359.62,0.1707,running,normal,1,0,0.1212120623994378,LOW,No critical resource condition identified,Continue monitoring
2026-09-18 15:00:00,AWS,aws-ebs-2586,serverless,52.5,34.14,50.74,609.68,212.37,0.1535,running,normal,1,0,0.1248473093005078,LOW,No critical resource condition identified,Continue monitoring
2026-09-18 18:00:00,Azure,azure-function-2587,compute,65.8,79.15,43.56,388.26,565.3,0.2083,running,normal,1,0,0.0875716092624497,LOW,No critical resource condition identified,Continue monitoring
2026-09-18 21:00:00,GCP,gcp-sql-2588,serverless,53.47,63.32,30.39,401.44,556.31,0.1791,running,normal,1,0,0.1283207230700874,LOW,No critical resource condition identified,Continue monitoring
2026-09-19 00:00:00,AWS,aws-ebs-2589,storage,41.15,69.64,20.09,428.22,481.56,0.1643,running,normal,1,0,0.1093798611478729,LOW,No critical resource condition identified,Continue monitoring
2026-09-19 03:00:00,Azure,azure-disk-2590,compute,72.42,54.46,71.34,617.16,495.5,0.1996,running,normal,1,0,0.1034500847199758,LOW,No critical resource condition identified,Continue monitoring
2026-09-19 06:00:00,GCP,gcp-function-2591,compute,46.49,84.23,18.01,160.76,558.09,0.1692,running,normal,1,0,0.0320705703077284,LOW,No critical resource condition identified,Continue monitoring
2026-09-19 09:00:00,AWS,aws-rds-2592,database,73.58,65.92,29.57,151.32,639.25,0.1864,running,normal,1,0,0.0438172755534993,LOW,No critical resource condition identified,Continue monitoring
2026-09-19 12:00:00,Azure,azure-disk-2593,serverless,43.63,57.96,57.31,413.57,628.11,0.1835,running,normal,1,0,0.1263167635319637,LOW,No critical resource condition identified,Continue monitoring
2026-09-19 15:00:00,GCP,gcp-ce-2594,storage,31.7,39.2,74.12,85.94,471.02,0.1311,running,normal,1,0,0.0907639156027533,LOW,No critical resource condition identified,Continue monitoring
2026-09-19 18:00:00,AWS,aws-lambda-2595,compute,44.53,40.18,67.26,254.58,539.07,0.1151,running,normal,1,0,0.0984722980176342,LOW,No critical resource condition identified,Continue monitoring
2026-09-19 21:00:00,Azure,azure-disk-2596,serverless,35.29,57.01,46.41,639.85,489.62,0.1579,running,normal,1,0,0.14118753319422,LOW,No critical resource condition identified,Continue monitoring
2026-09-20 00:00:00,GCP,gcp-ce-2597,serverless,39.57,54.47,44.53,650.06,414.95,0.1599,running,normal,1,0,0.1403958002894614,LOW,No critical resource condition identified,Continue monitoring
2026-09-20 03:00:00,AWS,aws-lambda-2598,database,34.54,31.23,80.92,575.57,556.34,0.1362,running,normal,1,0,0.0970442028820808,LOW,No critical resource condition identified,Continue monitoring
2026-09-20 06:00:00,Azure,azure-function-2599,database,59.02,70.39,46.64,823.06,368.43,0.1778,running,normal,1,0,0.1053899189044937,LOW,No critical resource condition identified,Continue monitoring
2026-09-20 09:00:00,GCP,gcp-ce-2600,storage,37.55,45.82,61.65,444.85,534.94,0.1433,running,normal,1,0,0.1441363956331668,LOW,No critical resource condition identified,Continue monitoring
2026-09-20 12:00:00,AWS,aws-rds-2601,database,70.61,22.43,54.03,417.3,525.08,0.1724,running,normal,1,0,0.0972737630624968,LOW,No critical resource condition identified,Continue monitoring
2026-09-20 15:00:00,Azure,azure-vm-2602,serverless,70.08,50.04,87.39,499.0,403.48,0.191,running,normal,1,0,0.0951536600559502,LOW,No critical resource condition identified,Continue monitoring
2026-09-20 18:00:00,GCP,gcp-sql-2603,database,47.62,50.15,54.5,513.01,464.32,0.1625,running,normal,1,0,0.1595333780957212,LOW,No critical resource condition identified,Continue monitoring
2026-09-20 21:00:00,AWS,aws-lambda-2604,storage,73.24,57.61,98.0,458.97,553.43,0.1953,running,normal,1,0,0.0380892142017717,HIGH,Storage utilization exceeds 90%,Review storage usage and increase capacity if required
2026-09-21 00:00:00,Azure,azure-vm-2605,serverless,53.21,45.24,57.04,407.74,273.72,0.1556,running,normal,1,0,0.1485962306245901,LOW,No critical resource condition identified,Continue monitoring
2026-09-21 03:00:00,GCP,gcp-sql-2606,compute,21.8,69.72,30.17,583.8,488.51,0.1492,running,normal,1,0,0.1004445478440633,LOW,No critical resource condition identified,Continue monitoring
2026-09-21 06:00:00,AWS,aws-rds-2607,compute,55.99,72.67,35.13,315.76,354.05,0.1904,running,normal,1,0,0.1217971541837925,LOW,No critical resource condition identified,Continue monitoring
2026-09-21 09:00:00,Azure,azure-disk-2608,database,19.65,73.28,58.28,794.37,507.01,0.1396,running,normal,1,0,0.0720409794889959,LOW,No critical resource condition identified,Continue monitoring
2026-09-21 12:00:00,GCP,gcp-function-2609,storage,44.46,71.35,29.43,813.76,603.96,0.1791,running,normal,1,0,0.0681262196067675,LOW,No critical resource condition identified,Continue monitoring
2026-09-21 15:00:00,AWS,aws-ec2-2610,serverless,48.7,27.02,84.93,153.47,169.53,0.1216,running,normal,1,0,0.042149942858136,LOW,No critical resource condition identified,Continue monitoring
2026-09-21 18:00:00,Azure,azure-function-2611,compute,47.2,68.34,45.69,526.04,664.28,0.1756,running,normal,1,0,0.1102272558266458,LOW,No critical resource condition identified,Continue monitoring
2026-09-21 21:00:00,GCP,gcp-disk-2612,storage,58.32,51.99,68.07,413.77,420.41,0.1814,running,normal,1,0,0.1432255914087322,LOW,No critical resource condition identified,Continue monitoring
2026-09-22 00:00:00,AWS,aws-ec2-2613,compute,74.04,56.65,41.92,545.04,561.42,0.2201,running,normal,1,0,0.0901635316734253,LOW,No critical resource condition identified,Continue monitoring
2026-09-22 03:00:00,Azure,azure-function-2614,serverless,2.0,72.95,56.78,446.12,511.09,0.1394,running,normal,1,0,0.0672464822188292,LOW,No critical resource condition identified,Continue monitoring
2026-09-22 06:00:00,GCP,gcp-disk-2615,serverless,29.04,36.38,5.0,564.03,577.38,0.1433,running,normal,1,0,0.0439496446779241,LOW,No critical resource condition identified,Continue monitoring
2026-09-22 09:00:00,AWS,aws-ec2-2616,compute,34.84,35.14,44.73,273.99,680.95,0.1099,running,normal,1,0,0.076792885036983,LOW,No critical resource condition identified,Continue monitoring
2026-09-22 12:00:00,Azure,azure-vm-2617,storage,50.34,49.96,40.86,282.1,400.39,0.151,running,normal,1,0,0.1418050100243496,LOW,No critical resource condition identified,Continue monitoring
2026-09-22 15:00:00,GCP,gcp-sql-2618,storage,48.1,59.59,38.71,308.8,396.33,0.2015,running,normal,1,0,0.1392912243972021,LOW,No critical resource condition identified,Continue monitoring
2026-09-22 18:00:00,AWS,aws-ebs-2619,storage,30.09,5.0,32.2,878.53,495.26,0.1312,running,normal,1,0,0.0182134280990827,LOW,No critical resource condition identified,Continue monitoring
2026-09-22 21:00:00,Azure,azure-disk-2620,compute,25.04,57.15,52.75,448.12,315.16,0.1426,running,normal,1,0,0.1445394283122115,LOW,No critical resource condition identified,Continue monitoring
2026-09-23 00:00:00,GCP,gcp-ce-2621,compute,48.52,43.37,30.37,373.08,699.78,0.1756,running,normal,1,0,0.0905064242433453,LOW,No critical resource condition identified,Continue monitoring
2026-09-23 03:00:00,AWS,aws-lambda-2622,storage,19.12,69.74,66.1,474.7,340.71,0.1088,running,normal,1,0,0.1056767025173591,LOW,No critical resource condition identified,Continue monitoring
2026-09-23 06:00:00,Azure,azure-vm-2623,storage,32.78,36.27,72.82,334.46,684.65,0.1269,running,normal,1,0,0.0773415441451655,LOW,No critical resource condition identified,Continue monitoring
2026-09-23 09:00:00,GCP,gcp-ce-2624,storage,38.04,70.27,65.72,645.86,429.52,0.1579,running,normal,1,0,0.132950379296696,LOW,No critical resource condition identified,Continue monitoring
2026-09-23 12:00:00,AWS,aws-rds-2625,database,71.4,68.04,46.17,283.23,646.53,0.2122,running,normal,1,0,0.0634656465577778,LOW,No critical resource condition identified,Continue monitoring
2026-09-23 15:00:00,Azure,azure-disk-2626,database,35.82,44.26,43.38,213.02,450.52,0.121,running,normal,1,0,0.1199547892787233,LOW,No critical resource condition identified,Continue monitoring
2026-09-23 18:00:00,GCP,gcp-disk-2627,compute,42.29,37.32,36.26,299.0,439.55,0.1357,running,normal,1,0,0.1302725882083705,LOW,No critical resource condition identified,Continue monitoring
2026-09-23 21:00:00,AWS,aws-rds-2628,serverless,42.2,60.89,62.37,438.69,443.81,0.16,running,normal,1,0,0.1582146614411635,LOW,No critical resource condition identified,Continue monitoring
2026-09-24 00:00:00,Azure,azure-vm-2629,storage,36.1,50.3,8.56,719.29,745.74,0.1563,running,normal,1,0,0.0123047371590205,LOW,No critical resource condition identified,Continue monitoring
2026-09-24 03:00:00,GCP,gcp-sql-2630,serverless,97.32,77.29,39.47,1235.5,1685.7,0.1534,running,high_cpu_and_traffic,-1,1,-0.1454845593433197,HIGH,High CPU and network traffic,Investigate workload and consider scaling resources
2026-09-24 06:00:00,AWS,aws-rds-2631,serverless,49.12,37.99,5.0,643.39,321.79,0.1709,running,normal,1,0,0.0521883544169457,LOW,No critical resource condition identified,Continue monitoring
2026-09-24 09:00:00,Azure,azure-disk-2632,storage,59.43,5.64,60.3,388.14,586.4,0.152,running,normal,1,0,0.0539063282158251,LOW,No critical resource condition identified,Continue monitoring
2026-09-24 12:00:00,GCP,gcp-ce-2633,compute,28.57,42.21,12.0,343.74,165.73,0.0952,running,normal,1,0,0.037075668457731,LOW,No critical resource condition identified,Continue monitoring
2026-09-24 15:00:00,AWS,aws-lambda-2634,compute,44.43,41.02,29.05,392.91,268.44,0.1417,running,normal,1,0,0.1271931913391646,LOW,No critical resource condition identified,Continue monitoring
2026-09-24 18:00:00,Azure,azure-sql-2635,database,34.79,56.77,65.74,509.02,527.86,0.1173,running,normal,1,0,0.1340121295554749,LOW,No critical resource condition identified,Continue monitoring
2026-09-24 21:00:00,GCP,gcp-function-2636,database,54.17,83.27,82.09,503.93,359.68,0.1808,running,normal,1,0,0.0845598719216281,LOW,No critical resource condition identified,Continue monitoring
2026-09-25 00:00:00,AWS,aws-ebs-2637,serverless,34.32,33.47,56.03,755.4,549.32,0.1295,running,normal,1,0,0.1079424054703469,LOW,No critical resource condition identified,Continue monitoring
2026-09-25 03:00:00,Azure,azure-function-2638,compute,83.39,56.24,47.19,431.44,368.01,0.2258,running,normal,1,0,0.0669103725501956,LOW,No critical resource condition identified,Continue monitoring
2026-09-25 06:00:00,GCP,gcp-sql-2639,serverless,31.02,55.51,56.57,393.64,218.88,0.1519,running,normal,1,0,0.138050396563359,LOW,No critical resource condition identified,Continue monitoring
2026-09-25 09:00:00,AWS,aws-ebs-2640,database,69.11,46.24,51.8,654.88,664.41,0.2121,running,normal,1,0,0.0807772264653938,LOW,No critical resource condition identified,Continue monitoring
2026-09-25 12:00:00,Azure,azure-disk-2641,storage,8.53,65.81,74.84,303.36,356.84,0.1003,running,normal,1,0,0.0603715941585256,LOW,No critical resource condition identified,Continue monitoring
2026-09-25 15:00:00,GCP,gcp-sql-2642,database,48.93,45.87,98.0,191.8,487.67,0.138,running,normal,1,0,0.0580950564470141,HIGH,Storage utilization exceeds 90%,Review storage usage and increase capacity if required
2026-09-25 18:00:00,AWS,aws-ebs-2643,compute,60.2,45.3,40.66,399.76,227.21,0.1786,running,normal,1,0,0.1295944611283355,LOW,No critical resource condition identified,Continue monitoring
2026-09-25 21:00:00,Azure,azure-vm-2644,storage,30.46,57.83,46.61,415.28,588.1,0.1574,running,normal,1,0,0.1307655149384114,LOW,No critical resource condition identified,Continue monitoring
2026-09-26 00:00:00,GCP,gcp-function-2645,storage,70.47,56.71,75.05,375.11,367.86,0.2139,running,normal,1,0,0.1004004154473036,LOW,No critical resource condition identified,Continue monitoring
2026-09-26 03:00:00,AWS,aws-ec2-2646,storage,26.17,46.33,34.3,760.41,521.61,0.1205,running,normal,1,0,0.0854002780594903,LOW,No critical resource condition identified,Continue monitoring
2026-09-26 06:00:00,Azure,azure-sql-2647,serverless,34.94,47.0,70.29,276.03,766.33,0.1267,running,normal,1,0,0.0550904076742495,LOW,No critical resource condition identified,Continue monitoring
2026-09-26 09:00:00,GCP,gcp-sql-2648,serverless,68.78,46.72,55.63,523.18,421.87,0.17,running,normal,1,0,0.135193965752089,LOW,No critical resource condition identified,Continue monitoring
2026-09-26 12:00:00,AWS,aws-lambda-2649,compute,77.69,83.4,42.76,277.57,444.5,0.2343,running,normal,1,0,0.0315289617704408,LOW,No critical resource condition identified,Continue monitoring
2026-09-26 15:00:00,Azure,azure-function-2650,database,98.0,70.38,44.04,320.67,557.97,0.2583,running,normal,-1,1,-0.0086137373048743,LOW,No critical resource condition identified,Continue monitoring
2026-09-26 18:00:00,GCP,gcp-sql-2651,serverless,42.97,57.23,62.53,511.8,446.55,0.1803,running,normal,1,0,0.1568864010429161,LOW,No critical resource condition identified,Continue monitoring
2026-09-26 21:00:00,AWS,aws-lambda-2652,database,3.14,5.08,40.08,681.79,376.16,1.1331,stopped,stopped_with_cost,-1,1,-0.1239404194405858,HIGH,Resource is stopped but still generating cost,Investigate billing and remove or right-size unused resources
2026-09-27 00:00:00,Azure,azure-sql-2653,storage,42.5,28.53,39.18,337.9,354.38,0.1408,running,normal,1,0,0.1302492335455469,LOW,No critical resource condition identified,Continue monitoring
2026-09-27 03:00:00,GCP,gcp-sql-2654,storage,38.09,77.15,61.46,470.2,496.54,0.158,running,normal,1,0,0.1305066897527904,LOW,No critical resource condition identified,Continue monitoring
2026-09-27 06:00:00,AWS,aws-rds-2655,database,58.45,51.44,45.26,297.39,87.07,0.1879,running,normal,1,0,0.0894283526113593,LOW,No critical resource condition identified,Continue monitoring
2026-09-27 09:00:00,Azure,azure-vm-2656,storage,32.91,72.58,65.63,275.9,586.33,0.1525,running,normal,1,0,0.0907895712511421,LOW,No critical resource condition identified,Continue monitoring
2026-09-27 12:00:00,GCP,gcp-disk-2657,storage,30.9,26.22,63.52,410.27,498.75,0.1198,running,normal,1,0,0.1175896292993984,LOW,No critical resource condition identified,Continue monitoring
2026-09-27 15:00:00,AWS,aws-ebs-2658,storage,29.4,60.25,22.5,517.15,177.49,0.1364,running,normal,1,0,0.090713397107262,LOW,No critical resource condition identified,Continue monitoring
2026-09-27 18:00:00,Azure,azure-sql-2659,storage,11.69,65.27,84.44,953.46,476.01,0.1079,running,normal,-1,1,-0.0108326811996286,LOW,No critical resource condition identified,Continue monitoring
2026-09-27 21:00:00,GCP,gcp-ce-2660,serverless,41.63,68.78,31.21,517.02,20.0,0.144,running,normal,1,0,0.0531719468796073,LOW,No critical resource condition identified,Continue monitoring
2026-09-28 00:00:00,AWS,aws-rds-2661,compute,4.2,11.41,54.59,434.48,409.75,0.1231,running,underutilized,1,0,0.057894829528114,MEDIUM,Resource has very low CPU and memory utilization,Consider right-sizing or reducing allocated capacity
2026-09-28 03:00:00,Azure,azure-disk-2662,storage,65.03,43.59,42.21,487.21,495.79,0.1985,running,normal,1,0,0.1270707797387186,LOW,No critical resource condition identified,Continue monitoring
2026-09-28 06:00:00,GCP,gcp-disk-2663,serverless,6.9,46.81,77.08,194.83,144.12,0.0879,running,normal,1,0,0.0306607083345458,LOW,No critical resource condition identified,Continue monitoring
2026-09-28 09:00:00,AWS,aws-ebs-2664,compute,10.72,19.7,49.95,237.74,421.87,0.078,running,normal,1,0,0.0578953329612312,LOW,No critical resource condition identified,Continue monitoring
2026-09-28 12:00:00,Azure,azure-disk-2665,serverless,55.63,71.81,66.41,422.99,368.89,0.1823,running,normal,1,0,0.137924263855138,LOW,No critical resource condition identified,Continue monitoring
2026-09-28 15:00:00,GCP,gcp-disk-2666,storage,76.05,36.57,52.29,408.77,327.87,0.2207,running,normal,1,0,0.087083965844318,LOW,No critical resource condition identified,Continue monitoring
2026-09-28 18:00:00,AWS,aws-rds-2667,storage,33.05,50.74,45.97,248.53,332.1,0.1409,running,normal,1,0,0.1350454833022696,LOW,No critical resource condition identified,Continue monitoring
2026-09-28 21:00:00,Azure,azure-sql-2668,compute,46.06,43.5,37.95,284.48,150.94,0.1321,running,normal,1,0,0.1021895753090057,LOW,No critical resource condition identified,Continue monitoring
2026-09-29 00:00:00,GCP,gcp-ce-2669,compute,38.77,43.42,72.89,282.89,444.33,0.1364,running,normal,1,0,0.1219581632059723,LOW,No critical resource condition identified,Continue monitoring
2026-09-29 03:00:00,AWS,aws-ebs-2670,storage,46.03,64.27,47.41,763.99,407.12,0.1483,running,normal,1,0,0.1217658267119964,LOW,No critical resource condition identified,Continue monitoring
2026-09-29 06:00:00,Azure,azure-sql-2671,compute,45.59,45.33,5.71,99.57,663.6,0.1411,running,normal,-1,1,-0.0007983729839726,LOW,No critical resource condition identified,Continue monitoring
2026-09-29 09:00:00,GCP,gcp-sql-2672,storage,26.16,62.22,45.95,546.78,397.82,0.1348,running,normal,1,0,0.137197193125438,LOW,No critical resource condition identified,Continue monitoring
2026-09-29 12:00:00,AWS,aws-ec2-2673,compute,70.25,78.21,27.23,251.27,344.36,0.215,running,normal,1,0,0.0537175602576874,LOW,No critical resource condition identified,Continue monitoring
2026-09-29 15:00:00,Azure,azure-disk-2674,serverless,44.11,47.94,96.26,355.46,662.39,0.1766,running,normal,1,0,0.0452653806675404,HIGH,Storage utilization exceeds 90%,Review storage usage and increase capacity if required
2026-09-29 18:00:00,GCP,gcp-ce-2675,compute,45.56,40.74,48.4,258.67,521.0,0.1613,running,normal,1,0,0.132062211006226,LOW,No critical resource condition identified,Continue monitoring
2026-09-29 21:00:00,AWS,aws-ebs-2676,database,25.93,56.33,83.12,462.49,472.37,0.1291,running,normal,1,0,0.1080070661391739,LOW,No critical resource condition identified,Continue monitoring
2026-09-30 00:00:00,Azure,azure-sql-2677,serverless,43.09,57.26,58.15,512.55,489.26,0.1477,running,normal,1,0,0.1521467068478391,LOW,No critical resource condition identified,Continue monitoring
2026-09-30 03:00:00,GCP,gcp-sql-2678,serverless,44.67,40.6,52.82,613.48,590.0,0.1747,running,normal,1,0,0.1281160884983915,LOW,No critical resource condition identified,Continue monitoring
2026-09-30 06:00:00,AWS,aws-ebs-2679,database,39.79,51.45,43.23,350.52,351.29,0.1521,running,normal,1,0,0.1518280309084281,LOW,No critical resource condition identified,Continue monitoring
2026-09-30 09:00:00,Azure,azure-function-2680,storage,45.38,68.92,36.4,553.38,416.01,0.1854,running,normal,1,0,0.1438705451239351,LOW,No critical resource condition identified,Continue monitoring
2026-09-30 12:00:00,GCP,gcp-disk-2681,serverless,18.14,67.09,50.37,266.7,712.33,0.1582,running,normal,1,0,0.055371190886279,LOW,No critical resource condition identified,Continue monitoring
2026-09-30 15:00:00,AWS,aws-lambda-2682,storage,57.7,57.95,78.31,685.37,442.43,0.2196,running,normal,1,0,0.1051717385087079,LOW,No critical resource condition identified,Continue monitoring
2026-09-30 18:00:00,Azure,azure-vm-2683,compute,35.06,72.38,32.14,376.25,361.67,0.1606,running,normal,1,0,0.1245463092312922,LOW,No critical resource condition identified,Continue monitoring
2026-09-30 21:00:00,GCP,gcp-function-2684,storage,65.92,42.72,88.4,504.72,602.75,0.1947,running,normal,1,0,0.0681727080299985,LOW,No critical resource condition identified,Continue monitoring
2026-10-01 00:00:00,AWS,aws-ebs-2685,compute,49.23,69.68,97.72,401.44,527.19,0.1781,running,normal,1,0,0.0735600807273653,HIGH,Storage utilization exceeds 90%,Review storage usage and increase capacity if required
2026-10-01 03:00:00,Azure,azure-disk-2686,storage,6.16,46.4,67.99,312.26,547.35,0.0963,running,normal,1,0,0.0685805583811264,LOW,No critical resource condition identified,Continue monitoring
2026-10-01 06:00:00,GCP,gcp-ce-2687,database,57.26,57.57,68.32,486.56,136.85,0.1687,running,normal,1,0,0.1068515584011783,LOW,No critical resource condition identified,Continue monitoring
2026-10-01 09:00:00,AWS,aws-ec2-2688,compute,61.13,66.95,57.78,624.23,147.74,0.1891,running,normal,1,0,0.0927606126071758,LOW,No critical resource condition identified,Continue monitoring
2026-10-01 12:00:00,Azure,azure-sql-2689,serverless,74.09,69.68,61.25,417.31,241.02,0.2129,running,normal,1,0,0.0900839951756925,LOW,No critical resource condition identified,Continue monitoring
2026-10-01 15:00:00,GCP,gcp-function-2690,storage,16.46,51.88,9.73,594.75,289.12,0.0955,running,normal,1,0,0.029377710327711,LOW,No critical resource condition identified,Continue monitoring
2026-10-01 18:00:00,AWS,aws-lambda-2691,serverless,49.18,89.45,60.7,333.91,483.07,0.1874,running,normal,1,0,0.0840140604341194,LOW,No critical resource condition identified,Continue monitoring
2026-10-01 21:00:00,Azure,azure-function-2692,database,51.84,24.04,49.23,439.87,236.13,0.1372,running,normal,1,0,0.1255074465104916,LOW,No critical resource condition identified,Continue monitoring
2026-10-02 00:00:00,GCP,gcp-ce-2693,storage,19.58,45.08,38.64,484.83,413.69,0.1072,running,normal,1,0,0.1133324994322268,LOW,No critical resource condition identified,Continue monitoring
2026-10-02 03:00:00,AWS,aws-rds-2694,database,62.33,55.02,76.46,653.97,639.47,0.2139,running,normal,1,0,0.0837584026685878,LOW,No critical resource condition identified,Continue monitoring
2026-10-02 06:00:00,Azure,azure-function-2695,database,56.65,71.93,75.98,311.27,505.18,0.19,running,normal,1,0,0.1021851654903092,LOW,No critical resource condition identified,Continue monitoring
2026-10-02 09:00:00,GCP,gcp-disk-2696,serverless,31.15,17.41,50.89,857.49,392.91,0.1172,running,normal,1,0,0.055140346764998,LOW,No critical resource condition identified,Continue monitoring
2026-10-02 12:00:00,AWS,aws-rds-2697,compute,51.59,57.06,31.09,433.07,518.71,0.186,running,normal,1,0,0.1365077976512586,LOW,No critical resource condition identified,Continue monitoring
2026-10-02 15:00:00,Azure,azure-vm-2698,storage,51.4,63.5,36.1,335.56,380.03,0.1531,running,normal,1,0,0.1441750531167112,LOW,No critical resource condition identified,Continue monitoring
2026-10-02 18:00:00,GCP,gcp-ce-2699,database,32.22,57.83,35.42,267.02,728.89,0.1295,running,normal,1,0,0.0699492219267937,LOW,No critical resource condition identified,Continue monitoring
2026-10-02 21:00:00,AWS,aws-ec2-2700,serverless,49.83,62.01,88.02,310.12,307.45,0.1908,running,normal,1,0,0.1034811285294661,LOW,No critical resource condition identified,Continue monitoring
2026-10-03 00:00:00,Azure,azure-sql-2701,database,34.38,70.27,64.06,484.12,306.41,0.1552,running,normal,1,0,0.139539131990721,LOW,No critical resource condition identified,Continue monitoring
2026-10-03 03:00:00,GCP,gcp-disk-2702,serverless,30.6,38.7,39.78,447.17,553.37,0.1338,running,normal,1,0,0.1275450661168081,LOW,No critical resource condition identified,Continue monitoring
2026-10-03 06:00:00,AWS,aws-ec2-2703,database,56.23,19.73,69.43,301.25,329.04,0.1478,running,normal,1,0,0.101128462860203,LOW,No critical resource condition identified,Continue monitoring
2026-10-03 09:00:00,Azure,azure-function-2704,compute,47.55,44.79,78.58,577.45,448.34,0.1681,running,normal,1,0,0.132525326302565,LOW,No critical resource condition identified,Continue monitoring
2026-10-03 12:00:00,GCP,gcp-ce-2705,serverless,25.42,52.04,42.27,391.61,327.32,0.1126,running,normal,1,0,0.1272096539603862,LOW,No critical resource condition identified,Continue monitoring
2026-10-03 15:00:00,AWS,aws-ec2-2706,serverless,62.7,61.67,40.38,545.87,374.74,0.1753,running,normal,1,0,0.1401782903308205,LOW,No critical resource condition identified,Continue monitoring
2026-10-03 18:00:00,Azure,azure-function-2707,serverless,55.86,54.36,40.17,415.72,347.91,0.1463,running,normal,1,0,0.145399877357763,LOW,No critical resource condition identified,Continue monitoring
2026-10-03 21:00:00,GCP,gcp-function-2708,compute,61.5,59.4,49.35,768.45,239.27,0.18,running,normal,1,0,0.1023484549877461,LOW,No critical resource condition identified,Continue monitoring
2026-10-04 00:00:00,AWS,aws-lambda-2709,storage,10.78,60.85,52.97,68.51,381.33,0.0917,running,normal,1,0,0.047286336922406,LOW,No critical resource condition identified,Continue monitoring
2026-10-04 03:00:00,Azure,azure-sql-2710,compute,52.49,81.71,53.3,61.31,445.7,0.1813,running,normal,1,0,0.068412235443412,LOW,No critical resource condition identified,Continue monitoring
2026-10-04 06:00:00,GCP,gcp-ce-2711,serverless,60.84,37.97,15.13,87.9,293.49,0.1569,running,normal,1,0,0.0471753657802673,LOW,No critical resource condition identified,Continue monitoring
2026-10-04 09:00:00,AWS,aws-ebs-2712,compute,55.22,58.33,51.99,596.97,294.99,0.1609,running,normal,1,0,0.1451521711500609,LOW,No critical resource condition identified,Continue monitoring
2026-10-04 12:00:00,Azure,azure-sql-2713,compute,8.08,40.18,70.1,594.15,484.03,0.0978,running,normal,1,0,0.0677269245998455,LOW,No critical resource condition identified,Continue monitoring
2026-10-04 15:00:00,GCP,gcp-sql-2714,database,27.63,70.24,48.55,329.19,488.31,0.1374,running,normal,1,0,0.1284676555990587,LOW,No critical resource condition identified,Continue monitoring
2026-10-04 18:00:00,AWS,aws-lambda-2715,database,50.79,53.7,78.33,397.78,350.86,0.1857,running,normal,1,0,0.1371561848358545,LOW,No critical resource condition identified,Continue monitoring
2026-10-04 21:00:00,Azure,azure-sql-2716,database,16.9,35.39,26.92,456.56,318.67,0.1232,running,normal,1,0,0.0954553315385745,LOW,No critical resource condition identified,Continue monitoring
2026-10-05 00:00:00,GCP,gcp-function-2717,database,49.4,59.39,5.0,137.63,357.82,0.1819,running,normal,1,0,0.0401890168808752,LOW,No critical resource condition identified,Continue monitoring
2026-10-05 03:00:00,AWS,aws-lambda-2718,serverless,41.93,34.94,60.66,725.14,600.96,0.1469,running,normal,1,0,0.1058663328606259,LOW,No critical resource condition identified,Continue monitoring
2026-10-05 06:00:00,Azure,azure-disk-2719,storage,69.85,42.79,11.69,385.2,355.36,0.1565,running,normal,1,0,0.0578728761883372,LOW,No critical resource condition identified,Continue monitoring
2026-10-05 09:00:00,GCP,gcp-sql-2720,compute,78.48,26.02,62.61,624.03,483.14,0.1756,running,normal,1,0,0.0682431057167747,LOW,No critical resource condition identified,Continue monitoring
2026-10-05 12:00:00,AWS,aws-ec2-2721,serverless,46.62,39.93,73.83,377.86,97.01,0.138,running,normal,1,0,0.082982256551363,LOW,No critical resource condition identified,Continue monitoring
2026-10-05 15:00:00,Azure,azure-disk-2722,database,51.02,76.89,25.7,373.73,647.21,0.1589,running,normal,1,0,0.066342567365455,LOW,No critical resource condition identified,Continue monitoring
2026-10-05 18:00:00,GCP,gcp-sql-2723,storage,66.85,61.88,61.71,262.62,619.71,0.1794,running,normal,1,0,0.0966223535222376,LOW,No critical resource condition identified,Continue monitoring
2026-10-05 21:00:00,AWS,aws-ebs-2724,storage,36.13,53.72,56.62,770.06,469.4,0.1427,running,normal,1,0,0.1259759913697011,LOW,No critical resource condition identified,Continue monitoring
2026-10-06 00:00:00,Azure,azure-sql-2725,storage,61.44,51.16,56.01,129.48,39.88,0.144,running,normal,1,0,0.0464781276921784,LOW,No critical resource condition identified,Continue monitoring
2026-10-06 03:00:00,GCP,gcp-disk-2726,database,58.18,38.45,94.78,441.95,663.0,0.1789,running,storage_pressure,1,0,0.0499629372563346,HIGH,Storage utilization is critically high,Clean up unused storage or increase storage capacity
2026-10-06 06:00:00,AWS,aws-ebs-2727,compute,64.23,66.22,65.8,422.1,330.03,0.1813,running,normal,1,0,0.1388171603192672,LOW,No critical resource condition identified,Continue monitoring
2026-10-06 09:00:00,Azure,azure-function-2728,serverless,51.6,45.89,56.63,537.82,230.44,0.1431,running,normal,1,0,0.1347200203821167,LOW,No critical resource condition identified,Continue monitoring
2026-10-06 12:00:00,GCP,gcp-function-2729,storage,29.15,80.52,17.33,814.15,446.22,0.1781,running,normal,1,0,0.0255979733227464,LOW,No critical resource condition identified,Continue monitoring
2026-10-06 15:00:00,AWS,aws-lambda-2730,serverless,74.91,30.52,44.87,296.49,128.63,0.1654,running,normal,1,0,0.0645133693224675,LOW,No critical resource condition identified,Continue monitoring
2026-10-06 18:00:00,Azure,azure-vm-2731,serverless,80.7,87.54,98.0,792.99,777.3,0.2574,running,normal,-1,1,-0.0990728548635778,HIGH,Storage utilization exceeds 90%,Review storage usage and increase capacity if required
2026-10-06 21:00:00,GCP,gcp-function-2732,storage,49.11,55.31,48.0,476.94,520.35,0.1609,running,normal,1,0,0.1552688782708665,LOW,No critical resource condition identified,Continue monitoring
2026-10-07 00:00:00,AWS,aws-lambda-2733,compute,32.53,39.39,45.14,383.01,577.61,0.127,running,normal,1,0,0.1211563957715755,LOW,No critical resource condition identified,Continue monitoring
2026-10-07 03:00:00,Azure,azure-disk-2734,database,43.41,52.85,22.17,510.85,535.87,0.1732,running,normal,1,0,0.1202682389471631,LOW,No critical resource condition identified,Continue monitoring
2026-10-07 06:00:00,GCP,gcp-ce-2735,database,35.34,74.92,52.42,310.55,167.53,0.1422,running,normal,1,0,0.1059874771661492,LOW,No critical resource condition identified,Continue monitoring
2026-10-07 09:00:00,AWS,aws-lambda-2736,storage,63.23,31.1,63.06,567.14,211.25,0.164,running,normal,1,0,0.1059889444890819,LOW,No critical resource condition identified,Continue monitoring
2026-10-07 12:00:00,Azure,azure-disk-2737,database,14.21,52.36,60.73,734.33,292.99,0.1056,running,normal,1,0,0.0785788415379069,LOW,No critical resource condition identified,Continue monitoring
2026-10-07 15:00:00,GCP,gcp-sql-2738,compute,46.75,60.88,25.5,521.43,281.25,0.1627,running,normal,1,0,0.1283917866311602,LOW,No critical resource condition identified,Continue monitoring
2026-10-07 18:00:00,AWS,aws-lambda-2739,storage,39.97,27.06,51.06,638.68,427.14,0.1312,running,normal,1,0,0.1218077113162458,LOW,No critical resource condition identified,Continue monitoring
2026-10-07 21:00:00,Azure,azure-function-2740,storage,59.75,62.87,5.0,436.2,227.51,0.1708,running,normal,1,0,0.0467552054928188,LOW,No critical resource condition identified,Continue monitoring
2026-10-08 00:00:00,GCP,gcp-function-2741,serverless,79.07,24.66,26.33,587.22,345.38,0.1916,running,normal,1,0,0.0407550989401537,LOW,No critical resource condition identified,Continue monitoring
2026-10-08 03:00:00,AWS,aws-ec2-2742,database,39.52,53.23,60.83,740.6,367.6,0.1481,running,normal,1,0,0.126982911513015,LOW,No critical resource condition identified,Continue monitoring
2026-10-08 06:00:00,Azure,azure-sql-2743,database,57.43,15.82,9.14,300.59,436.82,0.143,running,normal,1,0,0.0286641267460442,LOW,No critical resource condition identified,Continue monitoring
2026-10-08 09:00:00,GCP,gcp-sql-2744,serverless,70.15,63.9,49.55,656.16,136.18,0.2009,running,normal,1,0,0.0651464302542997,LOW,No critical resource condition identified,Continue monitoring
2026-10-08 12:00:00,AWS,aws-ebs-2745,database,14.13,45.31,56.01,535.89,589.78,0.1214,running,normal,1,0,0.0897302616156262,LOW,No critical resource condition identified,Continue monitoring
2026-10-08 15:00:00,Azure,azure-disk-2746,compute,41.38,52.64,63.9,441.85,457.92,0.1666,running,normal,1,0,0.1584172159824012,LOW,No critical resource condition identified,Continue monitoring
2026-10-08 18:00:00,GCP,gcp-ce-2747,compute,86.91,62.65,38.77,542.13,475.01,0.24,running,normal,1,0,0.031332968291737,LOW,No critical resource condition identified,Continue monitoring
2026-10-08 21:00:00,AWS,aws-ebs-2748,serverless,72.25,83.31,59.36,556.58,361.34,0.2235,running,normal,1,0,0.0705288958398499,LOW,No critical resource condition identified,Continue monitoring
2026-10-09 00:00:00,Azure,azure-sql-2749,storage,57.97,61.28,65.97,591.6,236.1,0.195,running,normal,1,0,0.1276567592339719,LOW,No critical resource condition identified,Continue monitoring
2026-10-09 03:00:00,GCP,gcp-disk-2750,storage,97.22,83.03,47.4,1539.29,1187.73,0.2085,running,high_cpu_and_traffic,-1,1,-0.1428643190848211,HIGH,High CPU and network traffic,Investigate workload and consider scaling resources
2026-10-09 06:00:00,AWS,aws-lambda-2751,database,29.83,51.98,90.86,360.0,536.61,0.1421,running,normal,1,0,0.085475785631549,HIGH,Storage utilization exceeds 90%,Review storage usage and increase capacity if required
2026-10-09 09:00:00,Azure,azure-disk-2752,database,76.55,59.96,62.2,738.16,353.69,0.1989,running,normal,1,0,0.0794316747866839,LOW,No critical resource condition identified,Continue monitoring
2026-10-09 12:00:00,GCP,gcp-sql-2753,compute,61.08,36.28,55.77,252.55,410.2,0.1542,running,normal,1,0,0.1224433002263384,LOW,No critical resource condition identified,Continue monitoring
2026-10-09 15:00:00,AWS,aws-rds-2754,serverless,3.72,29.12,63.65,512.58,228.13,0.0819,running,normal,1,0,0.0566642631015992,LOW,No critical resource condition identified,Continue monitoring
2026-10-09 18:00:00,Azure,azure-function-2755,database,42.92,44.15,46.18,910.72,278.59,0.1569,running,normal,1,0,0.0808467946137139,LOW,No critical resource condition identified,Continue monitoring
2026-10-09 21:00:00,GCP,gcp-function-2756,compute,16.3,39.18,63.19,388.44,363.02,0.1145,running,normal,1,0,0.1152750719266881,LOW,No critical resource condition identified,Continue monitoring
2026-10-10 00:00:00,AWS,aws-ec2-2757,database,17.75,55.77,52.59,593.2,216.76,0.1146,running,normal,1,0,0.0963052046908538,LOW,No critical resource condition identified,Continue monitoring
2026-10-10 03:00:00,Azure,azure-sql-2758,storage,71.67,44.23,20.68,327.62,142.25,0.1629,running,normal,1,0,0.0536113222353805,LOW,No critical resource condition identified,Continue monitoring
2026-10-10 06:00:00,GCP,gcp-disk-2759,compute,50.62,50.46,37.37,490.92,249.97,0.1737,running,normal,1,0,0.1429814198900508,LOW,No critical resource condition identified,Continue monitoring
2026-10-10 09:00:00,AWS,aws-ec2-2760,database,35.9,62.41,58.89,20.0,440.68,0.1168,running,normal,1,0,0.0804095582459905,LOW,No critical resource condition identified,Continue monitoring
2026-10-10 12:00:00,Azure,azure-vm-2761,database,38.66,59.01,62.4,310.78,270.43,0.1463,running,normal,1,0,0.1382571159025662,LOW,No critical resource condition identified,Continue monitoring
2026-10-10 15:00:00,GCP,gcp-function-2762,storage,69.27,22.89,41.2,343.39,720.84,0.1654,running,normal,1,0,0.0491645856784734,LOW,No critical resource condition identified,Continue monitoring
2026-10-10 18:00:00,AWS,aws-rds-2763,serverless,45.17,54.86,30.28,627.97,443.37,0.1758,running,normal,1,0,0.1345968628356051,LOW,No critical resource condition identified,Continue monitoring
2026-10-10 21:00:00,Azure,azure-sql-2764,compute,41.16,76.24,50.33,451.58,326.68,0.1606,running,normal,1,0,0.1379028425822679,LOW,No critical resource condition identified,Continue monitoring
2026-10-11 00:00:00,GCP,gcp-function-2765,serverless,32.68,52.28,51.68,514.51,126.8,0.1198,running,normal,1,0,0.1108134941754414,LOW,No critical resource condition identified,Continue monitoring
2026-10-11 03:00:00,AWS,aws-ebs-2766,serverless,28.78,41.07,24.11,377.42,220.14,0.1293,running,normal,1,0,0.0967679635688935,LOW,No critical resource condition identified,Continue monitoring
2026-10-11 06:00:00,Azure,azure-sql-2767,storage,39.57,13.32,38.84,312.94,439.56,0.1244,running,normal,1,0,0.088783717793961,LOW,No critical resource condition identified,Continue monitoring
2026-10-11 09:00:00,GCP,gcp-ce-2768,database,34.77,39.02,68.76,479.92,360.48,0.1579,running,normal,1,0,0.1435759420754991,LOW,No critical resource condition identified,Continue monitoring
2026-10-11 12:00:00,AWS,aws-ec2-2769,compute,32.65,73.88,52.14,454.41,508.2,0.1705,running,normal,1,0,0.133573482663852,LOW,No critical resource condition identified,Continue monitoring
2026-10-11 15:00:00,Azure,azure-function-2770,compute,53.12,59.99,33.37,775.86,202.61,0.1819,running,normal,1,0,0.0829751100134724,LOW,No critical resource condition identified,Continue monitoring
2026-10-11 18:00:00,GCP,gcp-sql-2771,database,94.55,85.74,36.57,1325.22,1042.76,0.1267,running,high_cpu_and_traffic,-1,1,-0.1296494154598289,HIGH,High CPU and network traffic,Investigate workload and consider scaling resources
2026-10-11 21:00:00,AWS,aws-lambda-2772,storage,47.72,68.4,32.12,356.52,297.18,0.1642,running,normal,1,0,0.131678398958917,LOW,No critical resource condition identified,Continue monitoring
2026-10-12 00:00:00,Azure,azure-vm-2773,database,23.5,25.42,76.03,339.41,347.73,0.0751,running,normal,1,0,0.066767462924628,LOW,No critical resource condition identified,Continue monitoring
2026-10-12 03:00:00,GCP,gcp-sql-2774,database,49.55,48.06,16.7,390.97,423.51,0.1442,running,normal,1,0,0.1099045058874922,LOW,No critical resource condition identified,Continue monitoring
2026-10-12 06:00:00,AWS,aws-rds-2775,serverless,35.48,63.06,45.81,656.48,725.46,0.1449,running,normal,1,0,0.0822654881340312,LOW,No critical resource condition identified,Continue monitoring
2026-10-12 09:00:00,Azure,azure-vm-2776,compute,27.53,39.65,36.27,426.1,342.98,0.1154,running,normal,1,0,0.1243905691527972,LOW,No critical resource condition identified,Continue monitoring
2026-10-12 12:00:00,GCP,gcp-disk-2777,database,99.87,90.67,59.06,1443.47,1644.66,0.1557,running,high_cpu_and_traffic,-1,1,-0.1677435266703896,HIGH,High CPU and network traffic,Investigate workload and consider scaling resources
2026-10-12 15:00:00,AWS,aws-ebs-2778,storage,64.62,52.08,13.05,529.82,243.39,0.165,running,normal,1,0,0.0697887449626876,LOW,No critical resource condition identified,Continue monitoring
2026-10-12 18:00:00,Azure,azure-vm-2779,compute,6.89,12.5,59.58,479.13,447.45,0.144,running,underutilized,1,0,0.0678007219417337,MEDIUM,Resource has very low CPU and memory utilization,Consider right-sizing or reducing allocated capacity
2026-10-12 21:00:00,GCP,gcp-function-2780,database,42.73,57.73,70.03,511.9,270.26,0.1232,running,normal,1,0,0.128252001917866,LOW,No critical resource condition identified,Continue monitoring
2026-10-13 00:00:00,AWS,aws-ebs-2781,compute,31.85,54.36,49.69,784.47,477.29,0.1751,running,normal,1,0,0.1186815826894112,LOW,No critical resource condition identified,Continue monitoring
2026-10-13 03:00:00,Azure,azure-disk-2782,serverless,38.54,30.66,39.02,447.86,299.49,0.1123,running,normal,1,0,0.1243557541335597,LOW,No critical resource condition identified,Continue monitoring
2026-10-13 06:00:00,GCP,gcp-ce-2783,compute,17.4,29.8,43.31,271.63,363.51,0.1016,running,normal,1,0,0.0900853562082787,LOW,No critical resource condition identified,Continue monitoring
2026-10-13 09:00:00,AWS,aws-rds-2784,serverless,21.53,39.64,61.11,610.06,456.46,0.1334,running,normal,1,0,0.1178229484704584,LOW,No critical resource condition identified,Continue monitoring
2026-10-13 12:00:00,Azure,azure-sql-2785,compute,71.76,45.31,68.4,577.54,83.67,0.1726,running,normal,1,0,0.0582885675179929,LOW,No critical resource condition identified,Continue monitoring
2026-10-13 15:00:00,GCP,gcp-ce-2786,serverless,60.83,87.24,42.85,603.75,637.54,0.219,running,normal,1,0,0.0447256690044978,LOW,No critical resource condition identified,Continue monitoring
2026-10-13 18:00:00,AWS,aws-ec2-2787,database,54.68,65.74,57.24,526.94,391.81,0.1591,running,normal,1,0,0.1518586654543556,LOW,No critical resource condition identified,Continue monitoring
2026-10-13 21:00:00,Azure,azure-vm-2788,database,56.15,63.6,25.19,340.6,739.44,0.1855,running,normal,1,0,0.0618014473256106,LOW,No critical resource condition identified,Continue monitoring
2026-10-14 00:00:00,GCP,gcp-sql-2789,serverless,31.09,15.43,58.4,285.01,451.39,0.0915,running,normal,1,0,0.0752513316201528,LOW,No critical resource condition identified,Continue monitoring
2026-10-14 03:00:00,AWS,aws-lambda-2790,database,2.0,56.88,42.21,705.01,463.23,0.1132,running,normal,1,0,0.0512057623844539,LOW,No critical resource condition identified,Continue monitoring
2026-10-14 06:00:00,Azure,azure-disk-2791,database,44.54,43.51,74.76,422.4,204.03,0.1317,running,normal,1,0,0.1130700418919894,LOW,No critical resource condition identified,Continue monitoring
2026-10-14 09:00:00,GCP,gcp-ce-2792,database,41.03,69.08,29.7,47.67,263.54,0.1567,running,normal,1,0,0.073186185212513,LOW,No critical resource condition identified,Continue monitoring
2026-10-14 12:00:00,AWS,aws-rds-2793,compute,63.29,52.94,55.78,525.53,192.24,0.1862,running,normal,1,0,0.1245302638903225,LOW,No critical resource condition identified,Continue monitoring
2026-10-14 15:00:00,Azure,azure-vm-2794,storage,57.98,59.24,13.25,447.31,246.95,0.1975,running,normal,1,0,0.0733407646903286,LOW,No critical resource condition identified,Continue monitoring
2026-10-14 18:00:00,GCP,gcp-disk-2795,compute,44.17,54.47,66.02,148.39,46.46,0.1443,running,normal,1,0,0.0586554274702514,LOW,No critical resource condition identified,Continue monitoring
2026-10-14 21:00:00,AWS,aws-rds-2796,database,55.66,72.25,35.55,479.01,504.24,0.1733,running,normal,1,0,0.1299055045324161,LOW,No critical resource condition identified,Continue monitoring
2026-10-15 00:00:00,Azure,azure-disk-2797,compute,34.1,52.54,45.21,590.41,342.33,0.1452,running,normal,1,0,0.1459542579491402,LOW,No critical resource condition identified,Continue monitoring
2026-10-15 03:00:00,GCP,gcp-sql-2798,compute,48.09,33.86,64.01,556.6,277.58,0.1491,running,normal,1,0,0.1358387507205217,LOW,No critical resource condition identified,Continue monitoring
2026-10-15 06:00:00,AWS,aws-rds-2799,storage,34.25,49.09,58.43,476.91,545.23,0.1264,running,normal,1,0,0.1379142604626143,LOW,No critical resource condition identified,Continue monitoring
2026-10-15 09:00:00,Azure,azure-vm-2800,database,10.24,41.86,26.57,414.83,330.49,0.1028,running,normal,1,0,0.0781698234730748,LOW,No critical resource condition identified,Continue monitoring
2026-10-15 12:00:00,GCP,gcp-disk-2801,database,34.41,50.0,62.79,887.93,512.45,0.1344,running,normal,1,0,0.0975284788023121,LOW,No critical resource condition identified,Continue monitoring
2026-10-15 15:00:00,AWS,aws-ec2-2802,serverless,35.65,58.46,5.0,549.57,323.78,0.1461,running,normal,1,0,0.065116809222013,LOW,No critical resource condition identified,Continue monitoring
2026-10-15 18:00:00,Azure,azure-sql-2803,storage,49.91,64.29,51.41,159.45,616.06,0.1686,running,normal,1,0,0.0975568173499351,LOW,No critical resource condition identified,Continue monitoring
2026-10-15 21:00:00,GCP,gcp-function-2804,storage,38.12,28.58,51.3,342.5,507.34,0.1348,running,normal,1,0,0.1268598931522289,LOW,No critical resource condition identified,Continue monitoring
2026-10-16 00:00:00,AWS,aws-ebs-2805,database,30.54,23.54,91.87,569.18,289.21,0.1372,running,normal,1,0,0.0630635405719837,HIGH,Storage utilization exceeds 90%,Review storage usage and increase capacity if required
2026-10-16 03:00:00,Azure,azure-sql-2806,compute,6.82,13.62,26.6,432.62,513.91,0.1136,running,underutilized,1,0,0.0306676155652487,MEDIUM,Resource has very low CPU and memory utilization,Consider right-sizing or reducing allocated capacity
2026-10-16 06:00:00,GCP,gcp-function-2807,database,32.97,64.96,24.46,493.7,404.08,0.1663,running,normal,1,0,0.1235615168077296,LOW,No critical resource condition identified,Continue monitoring
2026-10-16 09:00:00,AWS,aws-lambda-2808,database,34.51,41.04,23.16,528.71,332.19,0.1189,running,normal,1,0,0.1061251611713084,LOW,No critical resource condition identified,Continue monitoring
2026-10-16 12:00:00,Azure,azure-sql-2809,compute,96.76,82.31,65.93,1332.44,1237.11,0.1072,running,high_cpu_and_traffic,-1,1,-0.142534434997262,HIGH,High CPU and network traffic,Investigate workload and consider scaling resources
2026-10-16 15:00:00,GCP,gcp-sql-2810,serverless,27.24,63.69,75.54,659.31,402.09,0.154,running,normal,1,0,0.1157967731819488,LOW,No critical resource condition identified,Continue monitoring
2026-10-16 18:00:00,AWS,aws-lambda-2811,serverless,48.46,51.77,32.24,326.51,287.76,0.1324,running,normal,1,0,0.1300443959420149,LOW,No critical resource condition identified,Continue monitoring
2026-10-16 21:00:00,Azure,azure-vm-2812,database,58.72,72.69,74.49,705.32,278.87,0.1744,running,normal,1,0,0.0914629481063982,LOW,No critical resource condition identified,Continue monitoring
2026-10-17 00:00:00,GCP,gcp-ce-2813,database,73.01,58.73,8.07,515.81,488.87,0.2254,running,normal,1,0,0.0218098736242482,LOW,No critical resource condition identified,Continue monitoring
2026-10-17 03:00:00,AWS,aws-ebs-2814,storage,1.36,0.51,58.68,307.37,636.02,0.615,stopped,stopped_with_cost,-1,1,-0.0998112457094327,HIGH,Resource is stopped but still generating cost,Investigate billing and remove or right-size unused resources
2026-10-17 06:00:00,Azure,azure-disk-2815,database,35.43,40.75,70.23,309.09,472.44,0.112,running,normal,1,0,0.115987890967177,LOW,No critical resource condition identified,Continue monitoring
2026-10-17 09:00:00,GCP,gcp-ce-2816,database,82.72,47.46,5.0,320.81,259.89,0.1938,running,normal,-1,1,-0.0055216903019388,LOW,No critical resource condition identified,Continue monitoring
2026-10-17 12:00:00,AWS,aws-ebs-2817,database,30.3,29.14,64.44,666.2,359.27,0.119,running,normal,1,0,0.1103715930741652,LOW,No critical resource condition identified,Continue monitoring
2026-10-17 15:00:00,Azure,azure-vm-2818,database,49.14,46.05,55.92,505.57,231.34,0.1732,running,normal,1,0,0.146996113767797,LOW,No critical resource condition identified,Continue monitoring
2026-10-17 18:00:00,GCP,gcp-ce-2819,serverless,52.57,85.48,71.51,490.89,284.3,0.1822,running,normal,1,0,0.0897664432422654,LOW,No critical resource condition identified,Continue monitoring
2026-10-17 21:00:00,AWS,aws-rds-2820,database,34.4,65.0,48.78,601.02,243.92,0.1655,running,normal,1,0,0.1328242877310784,LOW,No critical resource condition identified,Continue monitoring
2026-10-18 00:00:00,Azure,azure-sql-2821,storage,62.59,48.47,44.69,770.95,353.51,0.1964,running,normal,1,0,0.1137676484586096,LOW,No critical resource condition identified,Continue monitoring
2026-10-18 03:00:00,GCP,gcp-ce-2822,serverless,22.91,57.31,62.02,523.66,583.35,0.1382,running,normal,1,0,0.1177353397283687,LOW,No critical resource condition identified,Continue monitoring
2026-10-18 06:00:00,AWS,aws-lambda-2823,compute,48.05,39.64,57.45,464.29,303.2,0.1465,running,normal,1,0,0.1526420470859826,LOW,No critical resource condition identified,Continue monitoring
2026-10-18 09:00:00,Azure,azure-disk-2824,compute,48.39,51.03,19.34,759.49,565.81,0.1812,running,normal,1,0,0.0833650206989371,LOW,No critical resource condition identified,Continue monitoring
2026-10-18 12:00:00,GCP,gcp-function-2825,database,42.71,62.29,38.98,408.29,499.11,0.1504,running,normal,1,0,0.1446668805180321,LOW,No critical resource condition identified,Continue monitoring
2026-10-18 15:00:00,AWS,aws-rds-2826,serverless,69.09,64.55,69.51,461.4,639.21,0.1812,running,normal,1,0,0.0988403695076127,LOW,No critical resource condition identified,Continue monitoring
2026-10-18 18:00:00,Azure,azure-disk-2827,storage,53.22,64.98,47.24,412.28,302.26,0.1754,running,normal,1,0,0.152361231523648,LOW,No critical resource condition identified,Continue monitoring
2026-10-18 21:00:00,GCP,gcp-sql-2828,serverless,80.76,51.8,18.22,745.98,204.65,0.2032,running,normal,-1,1,-0.001126046042678,LOW,No critical resource condition identified,Continue monitoring
2026-10-19 00:00:00,AWS,aws-ebs-2829,serverless,18.98,36.56,18.38,561.91,589.34,0.0924,running,normal,1,0,0.0386218596650301,LOW,No critical resource condition identified,Continue monitoring
2026-10-19 03:00:00,Azure,azure-disk-2830,database,33.14,14.31,26.57,342.85,646.67,0.1092,running,normal,1,0,0.0326254002899076,LOW,No critical resource condition identified,Continue monitoring
2026-10-19 06:00:00,GCP,gcp-function-2831,serverless,21.68,59.26,28.45,300.15,460.08,0.1514,running,normal,1,0,0.1086458413118816,LOW,No critical resource condition identified,Continue monitoring
2026-10-19 09:00:00,AWS,aws-lambda-2832,storage,34.26,59.28,71.38,60.46,413.97,0.131,running,normal,1,0,0.0934203045577819,LOW,No critical resource condition identified,Continue monitoring
2026-10-19 12:00:00,Azure,azure-vm-2833,compute,34.78,51.06,68.16,513.78,551.61,0.1447,running,normal,1,0,0.1382992277952976,LOW,No critical resource condition identified,Continue monitoring
2026-10-19 15:00:00,GCP,gcp-disk-2834,database,57.52,68.59,45.04,282.76,453.71,0.193,running,normal,1,0,0.1257260912904216,LOW,No critical resource condition identified,Continue monitoring
2026-10-19 18:00:00,AWS,aws-lambda-2835,storage,32.98,63.61,39.85,369.06,600.66,0.1292,running,normal,1,0,0.1124782660102327,LOW,No critical resource condition identified,Continue monitoring
2026-10-19 21:00:00,Azure,azure-vm-2836,serverless,60.6,48.04,53.43,402.7,537.05,0.1729,running,normal,1,0,0.136666669876906,LOW,No critical resource condition identified,Continue monitoring
2026-10-20 00:00:00,GCP,gcp-sql-2837,database,45.53,37.84,18.19,785.8,311.69,0.1814,running,normal,1,0,0.069469354857724,LOW,No critical resource condition identified,Continue monitoring
2026-10-20 03:00:00,AWS,aws-ec2-2838,database,48.06,89.89,5.0,488.58,357.57,0.1877,running,normal,1,0,0.0176084638232102,LOW,No critical resource condition identified,Continue monitoring
2026-10-20 06:00:00,Azure,azure-disk-2839,compute,48.39,49.58,21.73,518.65,514.57,0.1548,running,normal,1,0,0.1206241680170886,LOW,No critical resource condition identified,Continue monitoring
2026-10-20 09:00:00,GCP,gcp-sql-2840,storage,60.19,64.97,48.6,655.45,651.32,0.2105,running,normal,1,0,0.0916572439739751,LOW,No critical resource condition identified,Continue monitoring
2026-10-20 12:00:00,AWS,aws-ebs-2841,storage,55.33,65.08,46.45,347.97,653.47,0.169,running,normal,1,0,0.1131226553280616,LOW,No critical resource condition identified,Continue monitoring
2026-10-20 15:00:00,Azure,azure-sql-2842,serverless,28.02,72.45,73.62,436.67,479.41,0.1481,running,normal,1,0,0.1165167391764628,LOW,No critical resource condition identified,Continue monitoring
2026-10-20 18:00:00,GCP,gcp-function-2843,compute,69.75,56.38,30.88,409.51,289.21,0.1952,running,normal,1,0,0.1075344452767578,LOW,No critical resource condition identified,Continue monitoring
2026-10-20 21:00:00,AWS,aws-lambda-2844,serverless,18.82,88.38,52.75,532.19,332.41,0.1228,running,normal,1,0,0.0647296392250576,LOW,No critical resource condition identified,Continue monitoring
2026-10-21 00:00:00,Azure,azure-sql-2845,database,57.77,66.31,63.3,627.89,688.59,0.2019,running,normal,1,0,0.0936191805974669,LOW,No critical resource condition identified,Continue monitoring
2026-10-21 03:00:00,GCP,gcp-ce-2846,storage,10.8,47.22,30.65,491.66,273.44,0.1084,running,normal,1,0,0.0840923088103218,LOW,No critical resource condition identified,Continue monitoring
2026-10-21 06:00:00,AWS,aws-lambda-2847,storage,74.15,19.83,24.02,977.01,561.52,0.1912,running,normal,-1,1,-0.0131998730142292,LOW,No critical resource condition identified,Continue monitoring
2026-10-21 09:00:00,Azure,azure-disk-2848,serverless,10.19,36.1,45.76,321.15,306.38,0.1251,running,normal,1,0,0.1040266687562989,LOW,No critical resource condition identified,Continue monitoring
2026-10-21 12:00:00,GCP,gcp-function-2849,serverless,49.37,60.61,38.45,674.46,470.97,0.1561,running,normal,1,0,0.1334301398867647,LOW,No critical resource condition identified,Continue monitoring
2026-10-21 15:00:00,AWS,aws-lambda-2850,serverless,41.07,59.17,60.69,543.0,454.23,0.1602,running,normal,1,0,0.1568212162355645,LOW,No critical resource condition identified,Continue monitoring
2026-10-21 18:00:00,Azure,azure-sql-2851,compute,53.79,32.27,53.61,566.63,587.4,0.1672,running,normal,1,0,0.1300191507414247,LOW,No critical resource condition identified,Continue monitoring
2026-10-21 21:00:00,GCP,gcp-function-2852,compute,39.48,57.42,35.58,649.85,142.45,0.1633,running,normal,1,0,0.0983284918205453,LOW,No critical resource condition identified,Continue monitoring
2026-10-22 00:00:00,AWS,aws-lambda-2853,storage,30.95,51.62,49.21,528.1,232.39,0.1425,running,normal,1,0,0.1389273026500684,LOW,No critical resource condition identified,Continue monitoring
2026-10-22 03:00:00,Azure,azure-function-2854,database,16.87,64.91,56.0,532.09,635.71,0.1258,running,normal,1,0,0.0873662121313536,LOW,No critical resource condition identified,Continue monitoring
2026-10-22 06:00:00,GCP,gcp-disk-2855,storage,43.45,73.52,89.64,372.34,533.4,0.1769,running,normal,1,0,0.0844354582464953,LOW,No critical resource condition identified,Continue monitoring
2026-10-22 09:00:00,AWS,aws-lambda-2856,database,39.0,5.0,78.7,324.95,361.35,0.1029,running,normal,1,0,0.0457773012235144,LOW,No critical resource condition identified,Continue monitoring
2026-10-22 12:00:00,Azure,azure-disk-2857,serverless,44.2,37.1,50.99,444.05,548.45,0.1257,running,normal,1,0,0.1346531590129006,LOW,No critical resource condition identified,Continue monitoring
2026-10-22 15:00:00,GCP,gcp-ce-2858,database,33.48,33.74,36.19,431.82,384.45,0.1204,running,normal,1,0,0.1296217025211949,LOW,No critical resource condition identified,Continue monitoring
2026-10-22 18:00:00,AWS,aws-rds-2859,compute,68.87,15.61,16.93,630.51,651.17,0.1395,running,normal,-1,1,-0.007326909419639,LOW,No critical resource condition identified,Continue monitoring
2026-10-22 21:00:00,Azure,azure-function-2860,database,29.48,78.43,44.44,506.63,284.92,0.1678,running,normal,1,0,0.109145790204057,LOW,No critical resource condition identified,Continue monitoring
2026-10-23 00:00:00,GCP,gcp-function-2861,database,70.93,49.84,98.0,693.14,486.48,0.1849,running,normal,1,0,0.0459956904959182,HIGH,Storage utilization exceeds 90%,Review storage usage and increase capacity if required
2026-10-23 03:00:00,AWS,aws-lambda-2862,compute,28.19,74.79,57.74,339.59,378.26,0.1426,running,normal,1,0,0.1261299768593982,LOW,No critical resource condition identified,Continue monitoring
2026-10-23 06:00:00,Azure,azure-function-2863,database,51.29,55.4,31.02,735.84,352.71,0.1581,running,normal,1,0,0.1130281165791568,LOW,No critical resource condition identified,Continue monitoring
2026-10-23 09:00:00,GCP,gcp-function-2864,storage,52.35,28.68,64.25,841.04,197.95,0.1576,running,normal,1,0,0.0802141387134157,LOW,No critical resource condition identified,Continue monitoring
2026-10-23 12:00:00,AWS,aws-ebs-2865,compute,67.31,55.08,23.44,272.51,519.4,0.1704,running,normal,1,0,0.0897046035287586,LOW,No critical resource condition identified,Continue monitoring
2026-10-23 15:00:00,Azure,azure-sql-2866,serverless,2.42,8.05,39.21,615.63,262.11,0.9728,stopped,stopped_with_cost,-1,1,-0.1249187795889367,HIGH,Resource is stopped but still generating cost,Investigate billing and remove or right-size unused resources
2026-10-23 18:00:00,GCP,gcp-ce-2867,compute,14.61,13.66,44.48,430.65,226.23,0.0629,running,normal,1,0,0.0443101266146767,LOW,No critical resource condition identified,Continue monitoring
2026-10-23 21:00:00,AWS,aws-lambda-2868,compute,22.29,42.04,56.12,337.24,270.61,0.1042,running,normal,1,0,0.114477362348701,LOW,No critical resource condition identified,Continue monitoring
2026-10-24 00:00:00,Azure,azure-disk-2869,compute,31.76,58.29,47.87,268.52,352.47,0.1177,running,normal,1,0,0.1280162441302048,LOW,No critical resource condition identified,Continue monitoring
2026-10-24 03:00:00,GCP,gcp-disk-2870,serverless,37.61,38.32,69.09,668.91,221.69,0.1327,running,normal,1,0,0.1001156752922157,LOW,No critical resource condition identified,Continue monitoring
2026-10-24 06:00:00,AWS,aws-lambda-2871,database,51.95,37.4,37.19,431.76,161.75,0.1189,running,normal,1,0,0.100182548871524,LOW,No critical resource condition identified,Continue monitoring
2026-10-24 09:00:00,Azure,azure-function-2872,compute,50.44,36.67,90.7,804.93,318.96,0.1926,running,normal,1,0,0.0580051924253285,HIGH,Storage utilization exceeds 90%,Review storage usage and increase capacity if required
2026-10-24 12:00:00,GCP,gcp-function-2873,serverless,2.0,62.39,48.63,527.65,363.39,0.0836,running,normal,1,0,0.0554621265398729,LOW,No critical resource condition identified,Continue monitoring
2026-10-24 15:00:00,AWS,aws-ec2-2874,serverless,38.62,43.51,17.61,466.42,222.09,0.1503,running,normal,1,0,0.0947362484668528,LOW,No critical resource condition identified,Continue monitoring
2026-10-24 18:00:00,Azure,azure-vm-2875,database,83.95,44.48,39.19,555.41,114.36,0.2237,running,normal,1,0,0.0183653119755586,LOW,No critical resource condition identified,Continue monitoring
2026-10-24 21:00:00,GCP,gcp-disk-2876,serverless,2.0,45.33,22.54,652.34,568.41,0.0995,running,normal,1,0,0.0145994510220511,LOW,No critical resource condition identified,Continue monitoring
2026-10-25 00:00:00,AWS,aws-lambda-2877,storage,40.28,82.5,53.31,541.23,326.35,0.1949,running,normal,1,0,0.1101935235458299,LOW,No critical resource condition identified,Continue monitoring
2026-10-25 03:00:00,Azure,azure-sql-2878,storage,48.2,49.15,59.9,709.66,562.68,0.1691,running,normal,1,0,0.1364225012756384,LOW,No critical resource condition identified,Continue monitoring
2026-10-25 06:00:00,GCP,gcp-function-2879,storage,19.1,50.63,45.68,194.8,459.6,0.1446,running,normal,1,0,0.1143677555521056,LOW,No critical resource condition identified,Continue monitoring
2026-10-25 09:00:00,AWS,aws-ebs-2880,serverless,87.4,65.53,35.1,492.66,476.92,0.2544,running,normal,1,0,0.0170109125752959,LOW,No critical resource condition identified,Continue monitoring
2026-10-25 12:00:00,Azure,azure-sql-2881,compute,29.59,48.74,27.69,20.0,283.9,0.1194,running,normal,1,0,0.0681231161606135,LOW,No critical resource condition identified,Continue monitoring
2026-10-25 15:00:00,GCP,gcp-sql-2882,compute,45.75,56.18,38.63,696.91,409.23,0.1526,running,normal,1,0,0.1303316296723597,LOW,No critical resource condition identified,Continue monitoring
2026-10-25 18:00:00,AWS,aws-ec2-2883,storage,65.04,35.17,59.92,467.02,718.92,0.1853,running,normal,1,0,0.0787961265884366,LOW,No critical resource condition identified,Continue monitoring
2026-10-25 21:00:00,Azure,azure-sql-2884,storage,58.86,42.85,24.72,546.49,410.16,0.149,running,normal,1,0,0.1141635427823223,LOW,No critical resource condition identified,Continue monitoring
2026-10-26 00:00:00,GCP,gcp-ce-2885,serverless,17.72,43.66,73.66,667.45,551.48,0.1199,running,normal,1,0,0.0789775992822557,LOW,No critical resource condition identified,Continue monitoring
2026-10-26 03:00:00,AWS,aws-lambda-2886,serverless,25.11,33.7,35.86,702.24,572.27,0.1039,running,normal,1,0,0.0684430081366985,LOW,No critical resource condition identified,Continue monitoring
2026-10-26 06:00:00,Azure,azure-sql-2887,serverless,42.21,40.35,76.11,446.6,434.59,0.1466,running,normal,1,0,0.1343396009979593,LOW,No critical resource condition identified,Continue monitoring
2026-10-26 09:00:00,GCP,gcp-ce-2888,serverless,64.12,76.51,25.04,176.65,409.94,0.2158,running,normal,1,0,0.0510596078397221,LOW,No critical resource condition identified,Continue monitoring
2026-10-26 12:00:00,AWS,aws-ebs-2889,compute,59.62,62.25,20.8,347.04,48.62,0.175,running,normal,1,0,0.041321449600353,LOW,No critical resource condition identified,Continue monitoring
2026-10-26 15:00:00,Azure,azure-vm-2890,database,72.99,52.53,17.75,517.63,697.46,0.2129,running,normal,1,0,0.0312150785986682,LOW,No critical resource condition identified,Continue monitoring
2026-10-26 18:00:00,GCP,gcp-function-2891,storage,3.68,6.17,9.47,857.54,422.34,0.419,stopped,stopped_with_cost,-1,1,-0.1043666067528743,HIGH,Resource is stopped but still generating cost,Investigate billing and remove or right-size unused resources
2026-10-26 21:00:00,AWS,aws-rds-2892,storage,52.98,51.33,32.31,423.07,247.99,0.1761,running,normal,1,0,0.132791277834137,LOW,No critical resource condition identified,Continue monitoring
2026-10-27 00:00:00,Azure,azure-sql-2893,serverless,34.77,87.93,21.96,171.97,386.88,0.1598,running,normal,1,0,0.0426562388591418,LOW,No critical resource condition identified,Continue monitoring
2026-10-27 03:00:00,GCP,gcp-sql-2894,compute,45.53,59.01,57.64,828.64,440.54,0.1607,running,normal,1,0,0.126312195860938,LOW,No critical resource condition identified,Continue monitoring
2026-10-27 06:00:00,AWS,aws-ec2-2895,database,44.41,69.67,60.04,503.74,503.88,0.1891,running,normal,1,0,0.1414125982368054,LOW,No critical resource condition identified,Continue monitoring
2026-10-27 09:00:00,Azure,azure-sql-2896,serverless,39.31,8.36,67.56,542.74,424.43,0.1047,running,normal,1,0,0.0589206293957194,LOW,No critical resource condition identified,Continue monitoring
2026-10-27 12:00:00,GCP,gcp-disk-2897,storage,44.38,48.99,57.0,243.25,490.01,0.1396,running,normal,1,0,0.1333628122308707,LOW,No critical resource condition identified,Continue monitoring
2026-10-27 15:00:00,AWS,aws-lambda-2898,database,27.09,65.9,50.03,153.31,618.32,0.1434,running,normal,1,0,0.0804344692532736,LOW,No critical resource condition identified,Continue monitoring
2026-10-27 18:00:00,Azure,azure-disk-2899,serverless,71.99,53.62,60.35,516.81,345.14,0.1744,running,normal,1,0,0.1207137651077828,LOW,No critical resource condition identified,Continue monitoring
2026-10-27 21:00:00,GCP,gcp-disk-2900,compute,55.5,30.79,69.95,394.3,65.28,0.1623,running,normal,1,0,0.0668440378431203,LOW,No critical resource condition identified,Continue monitoring
2026-10-28 00:00:00,AWS,aws-ec2-2901,storage,65.66,45.9,57.19,886.31,560.0,0.1977,running,normal,1,0,0.0821201678134468,LOW,No critical resource condition identified,Continue monitoring
2026-10-28 03:00:00,Azure,azure-disk-2902,serverless,55.47,33.15,14.51,398.2,406.15,0.1608,running,normal,1,0,0.0904413924596695,LOW,No critical resource condition identified,Continue monitoring
2026-10-28 06:00:00,GCP,gcp-function-2903,compute,30.05,60.96,66.7,378.81,245.79,0.1595,running,normal,1,0,0.1303733578164698,LOW,No critical resource condition identified,Continue monitoring
2026-10-28 09:00:00,AWS,aws-rds-2904,compute,82.07,52.74,77.37,464.99,300.72,0.1956,running,normal,1,0,0.0641886186627672,LOW,No critical resource condition identified,Continue monitoring
2026-10-28 12:00:00,Azure,azure-function-2905,serverless,70.02,50.42,72.26,411.43,274.94,0.1695,running,normal,1,0,0.1117384346699679,LOW,No critical resource condition identified,Continue monitoring
2026-10-28 15:00:00,GCP,gcp-function-2906,compute,81.17,57.91,46.09,759.96,191.64,0.2151,running,normal,1,0,0.0314357989959733,LOW,No critical resource condition identified,Continue monitoring
2026-10-28 18:00:00,AWS,aws-rds-2907,compute,89.04,64.14,74.12,690.28,400.26,0.2294,running,normal,1,0,0.0179036026068838,LOW,No critical resource condition identified,Continue monitoring
2026-10-28 21:00:00,Azure,azure-vm-2908,database,43.81,49.92,81.78,556.79,778.02,0.13,running,normal,1,0,0.0585059331941396,LOW,No critical resource condition identified,Continue monitoring
2026-10-29 00:00:00,GCP,gcp-function-2909,compute,71.86,48.03,18.64,405.88,208.38,0.1676,running,normal,1,0,0.0621721487163088,LOW,No critical resource condition identified,Continue monitoring
2026-10-29 03:00:00,AWS,aws-lambda-2910,serverless,48.12,48.33,42.97,298.68,350.3,0.1589,running,normal,1,0,0.1483937132455332,LOW,No critical resource condition identified,Continue monitoring
2026-10-29 06:00:00,Azure,azure-sql-2911,compute,23.06,67.79,57.51,337.55,429.14,0.1427,running,normal,1,0,0.1274505837066395,LOW,No critical resource condition identified,Continue monitoring
2026-10-29 09:00:00,GCP,gcp-function-2912,serverless,29.47,85.87,9.41,554.01,458.68,0.1728,running,normal,1,0,0.0351195563539724,LOW,No critical resource condition identified,Continue monitoring
2026-10-29 12:00:00,AWS,aws-rds-2913,serverless,43.06,28.65,26.1,472.45,144.56,0.1569,running,normal,1,0,0.0874957637469243,LOW,No critical resource condition identified,Continue monitoring
2026-10-29 15:00:00,Azure,azure-function-2914,serverless,75.99,43.67,30.61,20.0,335.0,0.2125,running,normal,1,0,0.029455847868969,LOW,No critical resource condition identified,Continue monitoring
2026-10-29 18:00:00,GCP,gcp-ce-2915,compute,35.02,56.75,73.72,172.94,184.36,0.1574,running,normal,1,0,0.0954224307897034,LOW,No critical resource condition identified,Continue monitoring
2026-10-29 21:00:00,AWS,aws-ec2-2916,compute,75.73,25.43,66.62,437.72,497.05,0.1468,running,normal,1,0,0.0784332110847328,LOW,No critical resource condition identified,Continue monitoring
2026-10-30 00:00:00,Azure,azure-vm-2917,compute,43.86,72.6,72.44,277.46,531.84,0.1552,running,normal,1,0,0.1029886019931191,LOW,No critical resource condition identified,Continue monitoring
2026-10-30 03:00:00,GCP,gcp-function-2918,database,29.96,64.16,37.89,345.47,513.06,0.1309,running,normal,1,0,0.1218279745057585,LOW,No critical resource condition identified,Continue monitoring
2026-10-30 06:00:00,AWS,aws-rds-2919,compute,46.95,23.83,65.11,376.81,175.52,0.0929,running,normal,1,0,0.0802705137299499,LOW,No critical resource condition identified,Continue monitoring
2026-10-30 09:00:00,Azure,azure-vm-2920,storage,22.61,61.51,64.12,308.32,546.02,0.161,running,normal,1,0,0.1156303942481621,LOW,No critical resource condition identified,Continue monitoring
2026-10-30 12:00:00,GCP,gcp-ce-2921,serverless,50.65,42.01,46.88,529.33,198.8,0.1426,running,normal,1,0,0.1284038341310303,LOW,No critical resource condition identified,Continue monitoring
2026-10-30 15:00:00,AWS,aws-lambda-2922,database,46.49,38.25,64.41,261.97,289.63,0.1531,running,normal,1,0,0.1268525113927261,LOW,No critical resource condition identified,Continue monitoring
2026-10-30 18:00:00,Azure,azure-vm-2923,serverless,49.18,35.98,44.05,475.89,489.66,0.1566,running,normal,1,0,0.1470985163595894,LOW,No critical resource condition identified,Continue monitoring
2026-10-30 21:00:00,GCP,gcp-disk-2924,database,51.99,59.92,61.78,320.49,546.49,0.1535,running,normal,1,0,0.1415440268593658,LOW,No critical resource condition identified,Continue monitoring
2026-10-31 00:00:00,AWS,aws-ebs-2925,compute,22.28,44.77,52.43,121.36,336.85,0.0822,running,normal,1,0,0.0792763614211089,LOW,No critical resource condition identified,Continue monitoring
2026-10-31 03:00:00,Azure,azure-sql-2926,storage,47.26,54.18,60.09,626.07,149.83,0.1794,running,normal,1,0,0.121307107661142,LOW,No critical resource condition identified,Continue monitoring
2026-10-31 06:00:00,GCP,gcp-disk-2927,storage,42.86,5.0,23.12,543.39,592.1,0.1319,running,normal,1,0,0.0409951988957911,LOW,No critical resource condition identified,Continue monitoring
2026-10-31 09:00:00,AWS,aws-lambda-2928,database,63.09,42.91,91.64,252.69,164.51,0.161,running,normal,1,0,0.0434337991988057,HIGH,Storage utilization exceeds 90%,Review storage usage and increase capacity if required
2026-10-31 12:00:00,Azure,azure-sql-2929,storage,59.37,49.39,47.83,460.59,30.03,0.1456,running,normal,1,0,0.071938728976454,LOW,No critical resource condition identified,Continue monitoring
2026-10-31 15:00:00,GCP,gcp-sql-2930,serverless,40.83,75.27,46.51,212.01,273.1,0.1868,running,normal,1,0,0.1077064736242462,LOW,No critical resource condition identified,Continue monitoring
2026-10-31 18:00:00,AWS,aws-ebs-2931,serverless,16.88,55.52,55.67,454.6,308.8,0.1096,running,normal,1,0,0.1230265878824744,LOW,No critical resource condition identified,Continue monitoring
2026-10-31 21:00:00,Azure,azure-vm-2932,storage,69.59,65.88,42.3,513.39,462.35,0.2417,running,normal,1,0,0.0916485663293882,LOW,No critical resource condition identified,Continue monitoring
2026-11-01 00:00:00,GCP,gcp-ce-2933,compute,45.68,42.18,75.65,567.41,267.27,0.1558,running,normal,1,0,0.122505796857243,LOW,No critical resource condition identified,Continue monitoring
2026-11-01 03:00:00,AWS,aws-ec2-2934,serverless,28.4,56.53,9.51,132.1,356.73,0.135,running,normal,1,0,0.0467040688456893,LOW,No critical resource condition identified,Continue monitoring
2026-11-01 06:00:00,Azure,azure-disk-2935,database,46.48,43.29,21.85,380.77,513.2,0.1635,running,normal,1,0,0.1203934198874522,LOW,No critical resource condition identified,Continue monitoring
2026-11-01 09:00:00,GCP,gcp-sql-2936,database,67.97,51.35,75.35,319.2,388.27,0.18,running,normal,1,0,0.1122937124015003,LOW,No critical resource condition identified,Continue monitoring
2026-11-01 12:00:00,AWS,aws-lambda-2937,compute,39.21,16.53,59.89,674.42,545.71,0.1386,running,normal,1,0,0.0796405957990212,LOW,No critical resource condition identified,Continue monitoring
2026-11-01 15:00:00,Azure,azure-disk-2938,database,56.06,62.22,34.89,413.97,411.24,0.1753,running,normal,1,0,0.1437559036868038,LOW,No critical resource condition identified,Continue monitoring
2026-11-01 18:00:00,GCP,gcp-sql-2939,storage,49.14,66.3,48.19,947.67,252.84,0.1874,running,normal,1,0,0.064587851065561,LOW,No critical resource condition identified,Continue monitoring
2026-11-01 21:00:00,AWS,aws-rds-2940,database,56.79,69.26,49.11,749.32,605.31,0.1849,running,normal,1,0,0.1033059576848987,LOW,No critical resource condition identified,Continue monitoring
2026-11-02 00:00:00,Azure,azure-vm-2941,storage,93.38,82.57,74.98,1448.0,1189.3,0.232,running,high_cpu_and_traffic,-1,1,-0.1358467758478376,HIGH,High CPU and network traffic,Investigate workload and consider scaling resources
2026-11-02 03:00:00,GCP,gcp-ce-2942,storage,49.28,30.0,34.19,770.75,378.85,0.1384,running,normal,1,0,0.0959949317464702,LOW,No critical resource condition identified,Continue monitoring
2026-11-02 06:00:00,AWS,aws-lambda-2943,serverless,9.43,54.58,97.24,815.59,491.71,0.1337,running,normal,1,0,0.0083558720508404,HIGH,Storage utilization exceeds 90%,Review storage usage and increase capacity if required
2026-11-02 09:00:00,Azure,azure-function-2944,compute,61.65,82.19,22.72,553.8,457.84,0.21,running,normal,1,0,0.0685659826620744,LOW,No critical resource condition identified,Continue monitoring
2026-11-02 12:00:00,GCP,gcp-function-2945,database,50.68,70.14,57.53,417.98,265.61,0.1687,running,normal,1,0,0.1415093571448344,LOW,No critical resource condition identified,Continue monitoring
2026-11-02 15:00:00,AWS,aws-rds-2946,compute,62.03,57.74,70.87,335.01,267.03,0.1983,running,normal,1,0,0.1174942920099881,LOW,No critical resource condition identified,Continue monitoring
2026-11-02 18:00:00,Azure,azure-disk-2947,serverless,42.3,46.35,61.97,569.06,199.08,0.1667,running,normal,1,0,0.1354760870121954,LOW,No critical resource condition identified,Continue monitoring
2026-11-02 21:00:00,GCP,gcp-sql-2948,compute,21.0,55.71,44.29,94.46,505.31,0.0892,running,normal,1,0,0.0650762282165699,LOW,No critical resource condition identified,Continue monitoring
2026-11-03 00:00:00,AWS,aws-ec2-2949,compute,35.46,33.73,64.01,405.09,335.19,0.1441,running,normal,1,0,0.1446458640274877,LOW,No critical resource condition identified,Continue monitoring
2026-11-03 03:00:00,Azure,azure-function-2950,serverless,4.59,7.54,83.51,410.97,539.92,0.6018,stopped,stopped_with_cost,-1,1,-0.0988074192043644,HIGH,Resource is stopped but still generating cost,Investigate billing and remove or right-size unused resources
2026-11-03 06:00:00,GCP,gcp-function-2951,serverless,23.34,76.72,33.3,513.74,367.65,0.1416,running,normal,1,0,0.0978898429852489,LOW,No critical resource condition identified,Continue monitoring
2026-11-03 09:00:00,AWS,aws-lambda-2952,serverless,38.58,45.15,37.93,329.38,320.09,0.1619,running,normal,1,0,0.1411097413646229,LOW,No critical resource condition identified,Continue monitoring
2026-11-03 12:00:00,Azure,azure-disk-2953,storage,62.67,21.43,75.51,683.13,757.81,0.1851,running,normal,1,0,0.0267636168393892,LOW,No critical resource condition identified,Continue monitoring
2026-11-03 15:00:00,GCP,gcp-function-2954,serverless,33.74,42.88,46.72,696.4,263.06,0.1197,running,normal,1,0,0.1084277649054893,LOW,No critical resource condition identified,Continue monitoring
2026-11-03 18:00:00,AWS,aws-ec2-2955,serverless,32.34,62.07,75.37,666.08,456.53,0.1493,running,normal,1,0,0.1225650242557297,LOW,No critical resource condition identified,Continue monitoring
2026-11-03 21:00:00,Azure,azure-function-2956,storage,61.93,85.25,64.71,270.52,201.76,0.1961,running,normal,1,0,0.0650510063836051,LOW,No critical resource condition identified,Continue monitoring
2026-11-04 00:00:00,GCP,gcp-disk-2957,serverless,84.73,57.83,41.45,246.0,588.87,0.22,running,normal,1,0,0.0303929439635306,LOW,No critical resource condition identified,Continue monitoring
2026-11-04 03:00:00,AWS,aws-ec2-2958,compute,27.08,42.34,48.12,287.07,321.98,0.1055,running,normal,1,0,0.1188738296385722,LOW,No critical resource condition identified,Continue monitoring
2026-11-04 06:00:00,Azure,azure-vm-2959,compute,36.31,33.9,59.73,486.14,591.15,0.1614,running,normal,1,0,0.1270493962747029,LOW,No critical resource condition identified,Continue monitoring
2026-11-04 09:00:00,GCP,gcp-function-2960,serverless,58.33,58.4,49.0,444.72,236.53,0.1904,running,normal,1,0,0.1379269564760707,LOW,No critical resource condition identified,Continue monitoring
2026-11-04 12:00:00,AWS,aws-rds-2961,storage,61.47,38.73,72.93,20.0,708.84,0.1477,running,normal,1,0,0.025307924413893,LOW,No critical resource condition identified,Continue monitoring
2026-11-04 15:00:00,Azure,azure-vm-2962,compute,65.23,44.08,5.09,391.09,364.93,0.1475,running,normal,1,0,0.0486709138225576,LOW,No critical resource condition identified,Continue monitoring
2026-11-04 18:00:00,GCP,gcp-function-2963,storage,56.68,45.57,87.22,403.89,468.86,0.1657,running,normal,1,0,0.111368783477772,LOW,No critical resource condition identified,Continue monitoring
2026-11-04 21:00:00,AWS,aws-lambda-2964,storage,58.56,60.84,42.13,187.78,503.11,0.1866,running,normal,1,0,0.1098899425929543,LOW,No critical resource condition identified,Continue monitoring
2026-11-05 00:00:00,Azure,azure-vm-2965,serverless,14.68,59.61,47.82,700.5,404.6,0.1211,running,normal,1,0,0.0970982880453344,LOW,No critical resource condition identified,Continue monitoring
2026-11-05 03:00:00,GCP,gcp-disk-2966,serverless,33.39,48.24,29.59,408.76,710.33,0.1567,running,normal,1,0,0.0817725727878804,LOW,No critical resource condition identified,Continue monitoring
2026-11-05 06:00:00,AWS,aws-ebs-2967,serverless,30.15,94.83,38.79,810.69,719.9,0.1554,running,normal,-1,1,-0.0159841321794653,LOW,No critical resource condition identified,Continue monitoring
2026-11-05 09:00:00,Azure,azure-vm-2968,compute,34.78,59.44,27.84,540.36,249.47,0.1482,running,normal,1,0,0.1177805156922357,LOW,No critical resource condition identified,Continue monitoring
2026-11-05 12:00:00,GCP,gcp-function-2969,storage,38.52,59.75,19.87,299.01,331.16,0.16,running,normal,1,0,0.1041674144000313,LOW,No critical resource condition identified,Continue monitoring
2026-11-05 15:00:00,AWS,aws-ebs-2970,storage,44.51,35.81,77.76,324.4,467.05,0.1396,running,normal,1,0,0.1197448958356127,LOW,No critical resource condition identified,Continue monitoring
2026-11-05 18:00:00,Azure,azure-disk-2971,compute,63.95,74.81,67.83,478.37,330.38,0.2443,running,normal,1,0,0.0886759767029831,LOW,No critical resource condition identified,Continue monitoring
2026-11-05 21:00:00,GCP,gcp-function-2972,database,50.99,48.87,51.7,358.16,468.33,0.1669,running,normal,1,0,0.1503296281005794,LOW,No critical resource condition identified,Continue monitoring
2026-11-06 00:00:00,AWS,aws-lambda-2973,compute,54.29,60.36,84.79,275.32,370.76,0.144,running,normal,1,0,0.1060698820609203,LOW,No critical resource condition identified,Continue monitoring
2026-11-06 03:00:00,Azure,azure-function-2974,compute,27.08,75.83,33.62,388.36,419.13,0.1713,running,normal,1,0,0.1102283773047642,LOW,No critical resource condition identified,Continue monitoring
2026-11-06 06:00:00,GCP,gcp-function-2975,compute,58.95,60.23,60.11,587.07,311.24,0.2099,running,normal,1,0,0.1349433688227519,LOW,No critical resource condition identified,Continue monitoring
2026-11-06 09:00:00,AWS,aws-lambda-2976,database,69.26,38.65,94.38,319.89,803.08,0.2219,running,storage_pressure,-1,1,-0.0160157087675048,HIGH,Storage utilization is critically high,Clean up unused storage or increase storage capacity
2026-11-06 12:00:00,Azure,azure-function-2977,serverless,45.7,43.73,50.39,442.69,156.69,0.1495,running,normal,1,0,0.1297927603590303,LOW,No critical resource condition identified,Continue monitoring
2026-11-06 15:00:00,GCP,gcp-ce-2978,database,43.6,43.51,65.5,545.96,623.37,0.161,running,normal,1,0,0.1216683445609769,LOW,No critical resource condition identified,Continue monitoring
2026-11-06 18:00:00,AWS,aws-ec2-2979,compute,9.35,87.87,53.49,843.2,260.9,0.1196,running,normal,1,0,1.556851387252145e-05,LOW,No critical resource condition identified,Continue monitoring
2026-11-06 21:00:00,Azure,azure-disk-2980,compute,51.09,53.34,35.44,182.64,445.3,0.1426,running,normal,1,0,0.1199645817620275,LOW,No critical resource condition identified,Continue monitoring
2026-11-07 00:00:00,GCP,gcp-sql-2981,storage,52.75,85.78,67.59,707.98,504.59,0.2075,running,normal,1,0,0.0773792365479891,LOW,No critical resource condition identified,Continue monitoring
2026-11-07 03:00:00,AWS,aws-lambda-2982,compute,37.56,43.97,65.87,273.82,522.15,0.1461,running,normal,1,0,0.122849098867603,LOW,No critical resource condition identified,Continue monitoring
2026-11-07 06:00:00,Azure,azure-disk-2983,compute,59.64,64.31,78.77,441.14,484.83,0.1784,running,normal,1,0,0.1273067108018982,LOW,No critical resource condition identified,Continue monitoring
2026-11-07 09:00:00,GCP,gcp-ce-2984,storage,30.38,61.54,58.62,661.5,134.69,0.1541,running,normal,1,0,0.0990969245041366,LOW,No critical resource condition identified,Continue monitoring
2026-11-07 12:00:00,AWS,aws-lambda-2985,compute,40.49,68.66,62.62,426.97,217.74,0.1425,running,normal,1,0,0.1286352316967372,LOW,No critical resource condition identified,Continue monitoring
2026-11-07 15:00:00,Azure,azure-function-2986,compute,42.87,98.0,57.19,583.6,230.23,0.1706,running,normal,1,0,0.0508874503016166,LOW,No critical resource condition identified,Continue monitoring
2026-11-07 18:00:00,GCP,gcp-ce-2987,serverless,66.13,52.58,98.0,364.98,462.26,0.1759,running,normal,1,0,0.0629835405146368,HIGH,Storage utilization exceeds 90%,Review storage usage and increase capacity if required
2026-11-07 21:00:00,AWS,aws-ebs-2988,serverless,29.5,46.09,77.44,693.31,189.7,0.1233,running,normal,1,0,0.0836523184879085,LOW,No critical resource condition identified,Continue monitoring
2026-11-08 00:00:00,Azure,azure-vm-2989,compute,50.1,70.28,23.36,298.85,364.21,0.1942,running,normal,1,0,0.1046223842442442,LOW,No critical resource condition identified,Continue monitoring
2026-11-08 03:00:00,GCP,gcp-sql-2990,serverless,44.3,72.13,46.95,572.03,561.93,0.2038,running,normal,1,0,0.1260880093016755,LOW,No critical resource condition identified,Continue monitoring
2026-11-08 06:00:00,AWS,aws-lambda-2991,storage,70.11,76.49,39.13,269.09,611.05,0.1908,running,normal,1,0,0.063783181595563,LOW,No critical resource condition identified,Continue monitoring
2026-11-08 09:00:00,Azure,azure-disk-2992,compute,46.84,30.92,52.44,497.96,323.14,0.1719,running,normal,1,0,0.1454671147475201,LOW,No critical resource condition identified,Continue monitoring
2026-11-08 12:00:00,GCP,gcp-sql-2993,storage,18.79,23.63,57.2,783.87,238.41,0.0997,running,normal,1,0,0.0524557213110815,LOW,No critical resource condition identified,Continue monitoring
2026-11-08 15:00:00,AWS,aws-ebs-2994,compute,48.48,41.13,21.89,210.97,98.24,0.149,running,normal,1,0,0.0663229825256686,LOW,No critical resource condition identified,Continue monitoring
2026-11-08 18:00:00,Azure,azure-vm-2995,database,28.63,68.11,62.14,451.31,374.91,0.1342,running,normal,1,0,0.137065997703586,LOW,No critical resource condition identified,Continue monitoring
2026-11-08 21:00:00,GCP,gcp-ce-2996,storage,65.48,45.39,58.77,251.74,516.81,0.1674,running,normal,1,0,0.1147274240960274,LOW,No critical resource condition identified,Continue monitoring
2026-11-09 00:00:00,AWS,aws-rds-2997,database,34.74,98.0,57.81,315.07,272.73,0.2077,running,normal,1,0,0.0428388134767719,LOW,No critical resource condition identified,Continue monitoring
2026-11-09 03:00:00,Azure,azure-disk-2998,storage,41.34,57.75,47.83,512.26,683.78,0.1452,running,normal,1,0,0.1132999350641933,LOW,No critical resource condition identified,Continue monitoring
2026-11-09 06:00:00,GCP,gcp-sql-2999,serverless,36.02,69.3,18.77,24.04,435.93,0.1466,running,normal,1,0,0.0539809401928048,LOW,No critical resource condition identified,Continue monitoring
2026-11-09 09:00:00,AWS,aws-ec2-3000,database,79.75,58.33,48.39,845.14,563.53,0.251,running,normal,1,0,0.0145398728576271,LOW,No critical resource condition identified,Continue monitoring
2026-11-09 12:00:00,Azure,azure-disk-3001,database,56.11,57.46,72.99,156.46,512.58,0.1883,running,normal,1,0,0.0999672559749206,LOW,No critical resource condition identified,Continue monitoring
2026-11-09 15:00:00,GCP,gcp-disk-3002,storage,54.34,36.04,42.14,262.27,278.61,0.1475,running,normal,1,0,0.121448909106358,LOW,No critical resource condition identified,Continue monitoring
2026-11-09 18:00:00,AWS,aws-lambda-3003,compute,21.61,85.3,37.99,509.39,118.56,0.1636,running,normal,1,0,0.0440493244025967,LOW,No critical resource condition identified,Continue monitoring
2026-11-09 21:00:00,Azure,azure-disk-3004,database,37.17,65.65,5.0,301.65,380.95,0.15,running,normal,1,0,0.0518823785912503,LOW,No critical resource condition identified,Continue monitoring
2026-11-10 00:00:00,GCP,gcp-function-3005,serverless,62.82,82.61,61.41,328.71,194.48,0.212,running,normal,1,0,0.0739064678110014,LOW,No critical resource condition identified,Continue monitoring
2026-11-10 03:00:00,AWS,aws-lambda-3006,compute,7.96,5.14,64.75,251.89,408.17,0.2419,running,underutilized,1,0,0.00483236978487,MEDIUM,Resource has very low CPU and memory utilization,Consider right-sizing or reducing allocated capacity
2026-11-10 06:00:00,Azure,azure-disk-3007,storage,38.69,52.87,52.25,160.46,329.35,0.1216,running,normal,1,0,0.1184177139991134,LOW,No critical resource condition identified,Continue monitoring
2026-11-10 09:00:00,GCP,gcp-disk-3008,compute,37.67,35.69,68.24,634.21,489.65,0.1185,running,normal,1,0,0.1130741690027189,LOW,No critical resource condition identified,Continue monitoring
2026-11-10 12:00:00,AWS,aws-lambda-3009,serverless,42.35,61.65,67.84,535.11,601.36,0.1695,running,normal,1,0,0.1282620614906772,LOW,No critical resource condition identified,Continue monitoring
2026-11-10 15:00:00,Azure,azure-function-3010,serverless,61.32,40.56,55.58,397.02,78.62,0.1705,running,normal,1,0,0.0892817935445622,LOW,No critical resource condition identified,Continue monitoring
2026-11-10 18:00:00,GCP,gcp-disk-3011,database,17.36,37.05,39.33,666.31,314.64,0.0892,running,normal,1,0,0.0787147839638969,LOW,No critical resource condition identified,Continue monitoring
2026-11-10 21:00:00,AWS,aws-lambda-3012,serverless,59.23,31.79,52.22,894.52,361.72,0.1722,running,normal,1,0,0.0845142267150477,LOW,No critical resource condition identified,Continue monitoring
2026-11-11 00:00:00,Azure,azure-vm-3013,compute,53.27,44.06,60.29,526.49,189.12,0.1747,running,normal,1,0,0.1278941076429341,LOW,No critical resource condition identified,Continue monitoring
2026-11-11 03:00:00,GCP,gcp-function-3014,storage,49.13,78.21,27.92,476.58,424.96,0.1942,running,normal,1,0,0.1110563182616125,LOW,No critical resource condition identified,Continue monitoring
2026-11-11 06:00:00,AWS,aws-lambda-3015,database,63.21,73.95,83.68,540.35,425.19,0.1962,running,normal,1,0,0.0997268244783101,LOW,No critical resource condition identified,Continue monitoring
2026-11-11 09:00:00,Azure,azure-vm-3016,compute,47.02,48.03,59.95,188.25,370.88,0.1801,running,normal,1,0,0.1289221049496626,LOW,No critical resource condition identified,Continue monitoring
2026-11-11 12:00:00,GCP,gcp-sql-3017,database,52.03,43.42,12.92,532.28,20.0,0.1489,running,normal,1,0,0.0237136157014609,LOW,No critical resource condition identified,Continue monitoring
2026-11-11 15:00:00,AWS,aws-lambda-3018,storage,84.08,82.84,68.66,283.44,707.43,0.2515,running,normal,-1,1,-0.040603690672444,LOW,No critical resource condition identified,Continue monitoring
2026-11-11 18:00:00,Azure,azure-sql-3019,compute,62.25,39.22,50.81,506.97,223.86,0.1653,running,normal,1,0,0.122516270603971,LOW,No critical resource condition identified,Continue monitoring
2026-11-11 21:00:00,GCP,gcp-function-3020,storage,28.66,55.25,20.2,245.98,210.9,0.122,running,normal,1,0,0.0777807641003434,LOW,No critical resource condition identified,Continue monitoring
2026-11-12 00:00:00,AWS,aws-rds-3021,database,13.1,46.96,32.99,546.15,357.18,0.1041,running,normal,1,0,0.0855354015914431,LOW,No critical resource condition identified,Continue monitoring
2026-11-12 03:00:00,Azure,azure-sql-3022,database,21.9,42.8,50.15,404.76,277.77,0.0836,running,normal,1,0,0.1060813490916606,LOW,No critical resource condition identified,Continue monitoring
2026-11-12 06:00:00,GCP,gcp-disk-3023,storage,75.23,90.76,46.98,197.14,518.09,0.215,running,normal,1,0,0.0140516589106619,LOW,No critical resource condition identified,Continue monitoring
2026-11-12 09:00:00,AWS,aws-lambda-3024,serverless,35.99,43.62,21.73,323.64,563.19,0.1361,running,normal,1,0,0.1065112592367575,LOW,No critical resource condition identified,Continue monitoring
2026-11-12 12:00:00,Azure,azure-vm-3025,storage,62.06,37.66,70.48,477.77,310.07,0.1438,running,normal,1,0,0.1186383493659499,LOW,No critical resource condition identified,Continue monitoring
2026-11-12 15:00:00,GCP,gcp-function-3026,serverless,60.54,82.74,52.48,693.43,323.43,0.2184,running,normal,1,0,0.078424963485093,LOW,No critical resource condition identified,Continue monitoring
2026-11-12 18:00:00,AWS,aws-ebs-3027,compute,46.75,27.19,54.59,393.85,81.99,0.1245,running,normal,1,0,0.0875844620336381,LOW,No critical resource condition identified,Continue monitoring
2026-11-12 21:00:00,Azure,azure-disk-3028,database,50.13,76.05,58.4,350.29,390.66,0.1756,running,normal,1,0,0.1319197384744551,LOW,No critical resource condition identified,Continue monitoring
2026-11-13 00:00:00,GCP,gcp-disk-3029,storage,33.69,50.15,57.22,268.84,450.72,0.1114,running,normal,1,0,0.1287762052243561,LOW,No critical resource condition identified,Continue monitoring
2026-11-13 03:00:00,AWS,aws-lambda-3030,database,74.33,29.9,70.67,618.44,370.84,0.1795,running,normal,1,0,0.0799036785475725,LOW,No critical resource condition identified,Continue monitoring
2026-11-13 06:00:00,Azure,azure-sql-3031,storage,31.48,27.4,79.91,179.63,423.82,0.1177,running,normal,1,0,0.0753692207530994,LOW,No critical resource condition identified,Continue monitoring
2026-11-13 09:00:00,GCP,gcp-disk-3032,database,62.04,41.97,49.75,397.16,608.4,0.2082,running,normal,1,0,0.1131391956712421,LOW,No critical resource condition identified,Continue monitoring
2026-11-13 12:00:00,AWS,aws-rds-3033,serverless,55.24,69.27,87.14,582.82,623.32,0.2173,running,normal,1,0,0.0717260230748653,LOW,No critical resource condition identified,Continue monitoring
2026-11-13 15:00:00,Azure,azure-sql-3034,database,21.92,49.85,54.0,432.03,393.9,0.1428,running,normal,1,0,0.143443708185446,LOW,No critical resource condition identified,Continue monitoring
2026-11-13 18:00:00,GCP,gcp-ce-3035,storage,50.7,34.56,26.47,143.76,477.69,0.1452,running,normal,1,0,0.0932834583684903,LOW,No critical resource condition identified,Continue monitoring
2026-11-13 21:00:00,AWS,aws-rds-3036,compute,52.79,46.87,33.73,276.47,361.83,0.1665,running,normal,1,0,0.1312825173352227,LOW,No critical resource condition identified,Continue monitoring
2026-11-14 00:00:00,Azure,azure-disk-3037,storage,43.95,68.82,48.81,462.32,347.89,0.1538,running,normal,1,0,0.1505780998035594,LOW,No critical resource condition identified,Continue monitoring
2026-11-14 03:00:00,GCP,gcp-sql-3038,serverless,66.26,58.32,49.65,503.2,454.32,0.1842,running,normal,1,0,0.1391105797262577,LOW,No critical resource condition identified,Continue monitoring
2026-11-14 06:00:00,AWS,aws-ec2-3039,serverless,90.21,68.36,51.36,695.88,598.35,0.2252,running,normal,1,0,0.0133024624135963,LOW,No critical resource condition identified,Continue monitoring
2026-11-14 09:00:00,Azure,azure-function-3040,storage,56.01,45.97,46.03,366.96,567.83,0.1478,running,normal,1,0,0.138995207054754,LOW,No critical resource condition identified,Continue monitoring
2026-11-14 12:00:00,GCP,gcp-function-3041,storage,26.47,55.71,54.72,393.63,579.84,0.154,running,normal,1,0,0.1266713278167554,LOW,No critical resource condition identified,Continue monitoring
2026-11-14 15:00:00,AWS,aws-ebs-3042,compute,36.85,61.28,24.12,773.25,582.4,0.1434,running,normal,1,0,0.0729463043635396,LOW,No critical resource condition identified,Continue monitoring
2026-11-14 18:00:00,Azure,azure-sql-3043,storage,38.91,59.8,40.81,724.47,401.33,0.195,running,normal,1,0,0.1211198170589135,LOW,No critical resource condition identified,Continue monitoring
2026-11-14 21:00:00,GCP,gcp-ce-3044,storage,82.56,69.78,55.6,566.39,209.75,0.1981,running,normal,1,0,0.0459611220864108,LOW,No critical resource condition identified,Continue monitoring
2026-11-15 00:00:00,AWS,aws-rds-3045,database,52.12,80.77,74.42,453.71,589.4,0.2165,running,normal,1,0,0.0792225640615285,LOW,No critical resource condition identified,Continue monitoring
2026-11-15 03:00:00,Azure,azure-vm-3046,compute,47.53,6.59,53.61,579.68,423.12,0.1318,running,normal,1,0,0.0732940645668108,LOW,No critical resource condition identified,Continue monitoring
2026-11-15 06:00:00,GCP,gcp-sql-3047,database,74.93,43.38,35.64,694.44,556.59,0.2062,running,normal,1,0,0.0701063045041782,LOW,No critical resource condition identified,Continue monitoring
2026-11-15 09:00:00,AWS,aws-ebs-3048,compute,43.54,73.31,34.46,270.3,412.58,0.1691,running,normal,1,0,0.1170824778804041,LOW,No critical resource condition identified,Continue monitoring
2026-11-15 12:00:00,Azure,azure-sql-3049,compute,2.0,66.58,26.34,340.2,50.68,0.1094,running,normal,-1,1,-0.0155257485562523,LOW,No critical resource condition identified,Continue monitoring
2026-11-15 15:00:00,GCP,gcp-sql-3050,compute,50.46,12.92,28.3,368.69,280.2,0.1249,running,normal,1,0,0.0741786342997763,LOW,No critical resource condition identified,Continue monitoring
2026-11-15 18:00:00,AWS,aws-ec2-3051,storage,18.36,49.84,62.23,283.67,369.15,0.1175,running,normal,1,0,0.1155080804513247,LOW,No critical resource condition identified,Continue monitoring
2026-11-15 21:00:00,Azure,azure-vm-3052,database,46.7,44.39,24.55,494.49,416.0,0.1389,running,normal,1,0,0.1258017938961216,LOW,No critical resource condition identified,Continue monitoring
2026-11-16 00:00:00,GCP,gcp-ce-3053,storage,33.12,36.9,32.72,147.84,720.72,0.1198,running,normal,1,0,0.0440280634066482,LOW,No critical resource condition identified,Continue monitoring
2026-11-16 03:00:00,AWS,aws-ec2-3054,compute,2.14,7.45,76.76,225.23,153.83,0.1329,running,underutilized,-1,1,-0.0030543382401206,MEDIUM,Resource has very low CPU and memory utilization,Consider right-sizing or reducing allocated capacity
2026-11-16 06:00:00,Azure,azure-disk-3055,serverless,44.16,24.7,14.64,323.92,226.5,0.131,running,normal,1,0,0.057106883330059,LOW,No critical resource condition identified,Continue monitoring
2026-11-16 09:00:00,GCP,gcp-ce-3056,storage,41.88,49.29,55.98,391.22,293.2,0.1646,running,normal,1,0,0.1518287722055818,LOW,No critical resource condition identified,Continue monitoring
2026-11-16 12:00:00,AWS,aws-rds-3057,compute,39.15,49.71,45.23,491.62,332.82,0.1464,running,normal,1,0,0.1533493213307764,LOW,No critical resource condition identified,Continue monitoring
2026-11-16 15:00:00,Azure,azure-disk-3058,compute,64.0,25.85,24.4,489.2,523.32,0.1591,running,normal,1,0,0.0880965932843289,LOW,No critical resource condition identified,Continue monitoring
2026-11-16 18:00:00,GCP,gcp-ce-3059,database,57.35,69.04,39.17,356.4,551.82,0.1855,running,normal,1,0,0.1250726465169263,LOW,No critical resource condition identified,Continue monitoring
2026-11-16 21:00:00,AWS,aws-ebs-3060,storage,94.88,80.93,17.81,1433.3,1658.12,0.1501,running,high_cpu_and_traffic,-1,1,-0.1602363603242219,HIGH,High CPU and network traffic,Investigate workload and consider scaling resources
2026-11-17 00:00:00,Azure,azure-function-3061,compute,45.45,47.73,35.11,376.57,297.41,0.1613,running,normal,1,0,0.1460495517590666,LOW,No critical resource condition identified,Continue monitoring
2026-11-17 03:00:00,GCP,gcp-disk-3062,database,46.05,44.97,36.28,614.08,20.0,0.1714,running,normal,1,0,0.0649314762899341,LOW,No critical resource condition identified,Continue monitoring
2026-11-17 06:00:00,AWS,aws-lambda-3063,serverless,36.89,59.08,58.62,335.9,141.32,0.1738,running,normal,1,0,0.1131541723499489,LOW,No critical resource condition identified,Continue monitoring
2026-11-17 09:00:00,Azure,azure-vm-3064,compute,48.16,61.18,62.82,74.45,343.86,0.1527,running,normal,1,0,0.1112222881058159,LOW,No critical resource condition identified,Continue monitoring
2026-11-17 12:00:00,GCP,gcp-function-3065,database,12.78,25.72,34.37,477.78,533.14,0.1144,running,normal,1,0,0.0751017617756492,LOW,No critical resource condition identified,Continue monitoring
2026-11-17 15:00:00,AWS,aws-rds-3066,compute,57.78,59.75,47.51,378.08,229.54,0.1597,running,normal,1,0,0.1333557660599489,LOW,No critical resource condition identified,Continue monitoring
2026-11-17 18:00:00,Azure,azure-function-3067,storage,37.52,61.97,43.99,285.63,357.36,0.161,running,normal,1,0,0.1353605837543844,LOW,No critical resource condition identified,Continue monitoring
2026-11-17 21:00:00,GCP,gcp-ce-3068,compute,44.0,36.31,42.13,167.1,417.54,0.1163,running,normal,1,0,0.0993481705029395,LOW,No critical resource condition identified,Continue monitoring
2026-11-18 00:00:00,AWS,aws-lambda-3069,storage,34.71,70.89,27.36,315.42,107.32,0.1669,running,normal,1,0,0.0666034523985308,LOW,No critical resource condition identified,Continue monitoring
2026-11-18 03:00:00,Azure,azure-function-3070,serverless,30.32,51.26,37.69,444.36,381.18,0.1391,running,normal,1,0,0.1435273197397354,LOW,No critical resource condition identified,Continue monitoring
2026-11-18 06:00:00,GCP,gcp-disk-3071,storage,24.91,42.59,13.26,377.18,308.36,0.1293,running,normal,1,0,0.079795407850212,LOW,No critical resource condition identified,Continue monitoring
2026-11-18 09:00:00,AWS,aws-ec2-3072,compute,44.6,11.68,8.06,392.64,444.57,0.1195,running,normal,1,0,0.0249654369172166,LOW,No critical resource condition identified,Continue monitoring
2026-11-18 12:00:00,Azure,azure-sql-3073,database,39.11,64.02,94.58,350.39,392.01,0.1589,running,storage_pressure,1,0,0.0898839271025087,HIGH,Storage utilization is critically high,Clean up unused storage or increase storage capacity
2026-11-18 15:00:00,GCP,gcp-ce-3074,database,66.04,29.12,35.25,65.55,424.21,0.1719,running,normal,1,0,0.0702962033579893,LOW,No critical resource condition identified,Continue monitoring
2026-11-18 18:00:00,AWS,aws-rds-3075,storage,55.88,59.85,24.08,589.16,401.49,0.1904,running,normal,1,0,0.119003324224494,LOW,No critical resource condition identified,Continue monitoring
2026-11-18 21:00:00,Azure,azure-function-3076,database,64.97,46.33,53.68,674.96,378.68,0.1687,running,normal,1,0,0.1335504155187276,LOW,No critical resource condition identified,Continue monitoring
2026-11-19 00:00:00,GCP,gcp-disk-3077,database,68.2,62.87,5.0,335.55,306.46,0.1961,running,normal,1,0,0.0403333447017689,LOW,No critical resource condition identified,Continue monitoring
2026-11-19 03:00:00,AWS,aws-ec2-3078,database,25.55,90.36,40.35,311.96,535.23,0.1714,running,normal,1,0,0.0536432635516617,LOW,No critical resource condition identified,Continue monitoring
2026-11-19 06:00:00,Azure,azure-sql-3079,database,54.04,31.4,32.06,432.92,268.81,0.166,running,normal,1,0,0.1218473192103579,LOW,No critical resource condition identified,Continue monitoring
2026-11-19 09:00:00,GCP,gcp-disk-3080,database,29.16,68.68,34.68,655.56,570.97,0.1465,running,normal,1,0,0.0979815544709125,LOW,No critical resource condition identified,Continue monitoring
2026-11-19 12:00:00,AWS,aws-ebs-3081,compute,54.82,46.5,39.65,458.31,146.85,0.1604,running,normal,1,0,0.1164033473649215,LOW,No critical resource condition identified,Continue monitoring
2026-11-19 15:00:00,Azure,azure-disk-3082,database,62.13,43.21,38.81,248.88,335.08,0.1989,running,normal,1,0,0.1089441668601161,LOW,No critical resource condition identified,Continue monitoring
2026-11-19 18:00:00,GCP,gcp-disk-3083,compute,26.89,21.23,31.39,586.65,331.67,0.0913,running,normal,1,0,0.0683806354771128,LOW,No critical resource condition identified,Continue monitoring
2026-11-19 21:00:00,AWS,aws-lambda-3084,serverless,43.54,38.71,41.83,847.06,595.14,0.1771,running,normal,1,0,0.0876510052465476,LOW,No critical resource condition identified,Continue monitoring
2026-11-20 00:00:00,Azure,azure-disk-3085,serverless,33.39,59.79,69.2,508.76,260.4,0.1334,running,normal,1,0,0.1265635346420627,LOW,No critical resource condition identified,Continue monitoring
2026-11-20 03:00:00,GCP,gcp-disk-3086,serverless,47.54,52.34,49.0,498.44,514.55,0.1729,running,normal,1,0,0.1557986317768189,LOW,No critical resource condition identified,Continue monitoring
2026-11-20 06:00:00,AWS,aws-lambda-3087,compute,43.43,35.95,32.14,547.91,285.94,0.1528,running,normal,1,0,0.1274364096590767,LOW,No critical resource condition identified,Continue monitoring
2026-11-20 09:00:00,Azure,azure-disk-3088,database,56.47,65.17,38.47,523.6,518.06,0.1644,running,normal,1,0,0.1389453233405868,LOW,No critical resource condition identified,Continue monitoring
2026-11-20 12:00:00,GCP,gcp-disk-3089,storage,62.05,64.51,59.78,391.78,382.37,0.2046,running,normal,1,0,0.1343029753011864,LOW,No critical resource condition identified,Continue monitoring
2026-11-20 15:00:00,AWS,aws-ec2-3090,compute,37.85,61.81,30.68,409.43,382.93,0.1369,running,normal,1,0,0.1387377790527924,LOW,No critical resource condition identified,Continue monitoring
2026-11-20 18:00:00,Azure,azure-sql-3091,compute,49.7,58.75,57.89,559.72,299.78,0.1561,running,normal,1,0,0.1517786939961486,LOW,No critical resource condition identified,Continue monitoring
2026-11-20 21:00:00,GCP,gcp-disk-3092,database,61.33,56.86,73.68,366.2,570.81,0.2167,running,normal,1,0,0.1082970394139642,LOW,No critical resource condition identified,Continue monitoring
2026-11-21 00:00:00,AWS,aws-ec2-3093,serverless,28.25,66.09,70.58,361.0,493.79,0.1466,running,normal,1,0,0.12540291508168,LOW,No critical resource condition identified,Continue monitoring
2026-11-21 03:00:00,Azure,azure-vm-3094,database,54.34,47.5,64.67,650.13,311.33,0.1687,running,normal,1,0,0.1409138119635225,LOW,No critical resource condition identified,Continue monitoring
2026-11-21 06:00:00,GCP,gcp-disk-3095,storage,67.02,45.37,50.67,410.36,338.58,0.1853,running,normal,1,0,0.1281191327214861,LOW,No critical resource condition identified,Continue monitoring
2026-11-21 09:00:00,AWS,aws-rds-3096,serverless,28.72,60.6,52.78,372.38,405.93,0.1338,running,normal,1,0,0.14208385936916,LOW,No critical resource condition identified,Continue monitoring
2026-11-21 12:00:00,Azure,azure-disk-3097,compute,56.43,37.31,64.28,636.72,573.52,0.1908,running,normal,1,0,0.1197190507701399,LOW,No critical resource condition identified,Continue monitoring
2026-11-21 15:00:00,GCP,gcp-sql-3098,storage,74.24,29.8,35.94,180.77,569.78,0.1576,running,normal,1,0,0.0602762095364968,LOW,No critical resource condition identified,Continue monitoring
2026-11-21 18:00:00,AWS,aws-ec2-3099,compute,13.71,54.9,26.31,145.75,393.3,0.1055,running,normal,1,0,0.0634608845999594,LOW,No critical resource condition identified,Continue monitoring
2026-11-21 21:00:00,Azure,azure-vm-3100,compute,43.66,43.58,41.41,662.27,743.45,0.1538,running,normal,1,0,0.0789618336187932,LOW,No critical resource condition identified,Continue monitoring
2026-11-22 00:00:00,GCP,gcp-function-3101,serverless,48.5,49.04,60.21,848.14,125.9,0.1539,running,normal,1,0,0.0834352833205803,LOW,No critical resource condition identified,Continue monitoring
2026-11-22 03:00:00,AWS,aws-ebs-3102,storage,59.21,61.36,72.74,794.4,453.29,0.1667,running,normal,1,0,0.1044519424987878,LOW,No critical resource condition identified,Continue monitoring
2026-11-22 06:00:00,Azure,azure-vm-3103,database,19.54,58.94,5.0,206.78,541.91,0.122,running,normal,1,0,0.0171394609728966,LOW,No critical resource condition identified,Continue monitoring
2026-11-22 09:00:00,GCP,gcp-function-3104,database,9.06,62.48,42.34,176.06,404.83,0.1139,running,normal,1,0,0.0699948609087705,LOW,No critical resource condition identified,Continue monitoring
2026-11-22 12:00:00,AWS,aws-rds-3105,storage,45.69,37.28,49.09,582.34,565.54,0.1632,running,normal,1,0,0.1414352485227928,LOW,No critical resource condition identified,Continue monitoring
2026-11-22 15:00:00,Azure,azure-vm-3106,serverless,53.38,37.23,38.71,572.34,620.31,0.1365,running,normal,1,0,0.1099973434355763,LOW,No critical resource condition identified,Continue monitoring
2026-11-22 18:00:00,GCP,gcp-disk-3107,serverless,48.58,45.67,55.81,334.7,371.57,0.1314,running,normal,1,0,0.1467060408797335,LOW,No critical resource condition identified,Continue monitoring
2026-11-22 21:00:00,AWS,aws-rds-3108,storage,46.14,53.67,47.39,301.0,350.87,0.1565,running,normal,1,0,0.1499564278868113,LOW,No critical resource condition identified,Continue monitoring
2026-11-23 00:00:00,Azure,azure-disk-3109,storage,53.63,53.39,55.86,576.91,372.72,0.1696,running,normal,1,0,0.1566781106546829,LOW,No critical resource condition identified,Continue monitoring
2026-11-23 03:00:00,GCP,gcp-sql-3110,serverless,11.27,60.0,35.41,256.08,541.64,0.1087,running,normal,1,0,0.0696054364281218,LOW,No critical resource condition identified,Continue monitoring
2026-11-23 06:00:00,AWS,aws-lambda-3111,compute,16.01,48.44,10.21,498.72,297.42,0.121,running,normal,1,0,0.0510837907510409,LOW,No critical resource condition identified,Continue monitoring
2026-11-23 09:00:00,Azure,azure-vm-3112,database,37.27,21.12,52.75,404.54,108.92,0.0972,running,normal,1,0,0.0789444785840943,LOW,No critical resource condition identified,Continue monitoring
2026-11-23 12:00:00,GCP,gcp-function-3113,compute,57.73,43.74,57.42,82.9,309.62,0.1655,running,normal,1,0,0.1028833442081911,LOW,No critical resource condition identified,Continue monitoring
2026-11-23 15:00:00,AWS,aws-ec2-3114,serverless,44.31,56.09,47.81,604.98,450.99,0.1701,running,normal,1,0,0.1538614492031425,LOW,No critical resource condition identified,Continue monitoring
2026-11-23 18:00:00,Azure,azure-sql-3115,serverless,76.34,37.91,16.15,424.75,363.9,0.2125,running,normal,1,0,0.0427735527986415,LOW,No critical resource condition identified,Continue monitoring
2026-11-23 21:00:00,GCP,gcp-sql-3116,compute,52.29,51.8,44.57,514.54,572.66,0.1947,running,normal,1,0,0.1430440138161417,LOW,No critical resource condition identified,Continue monitoring
2026-11-24 00:00:00,AWS,aws-ec2-3117,compute,72.62,30.6,83.81,691.94,638.3,0.2003,running,normal,1,0,0.0303826195677333,LOW,No critical resource condition identified,Continue monitoring
2026-11-24 03:00:00,Azure,azure-vm-3118,storage,50.52,37.84,41.69,560.31,372.8,0.1364,running,normal,1,0,0.1369089704721449,LOW,No critical resource condition identified,Continue monitoring
2026-11-24 06:00:00,GCP,gcp-disk-3119,database,40.52,62.8,49.9,689.65,424.19,0.1832,running,normal,1,0,0.1379644682496545,LOW,No critical resource condition identified,Continue monitoring
2026-11-24 09:00:00,AWS,aws-rds-3120,storage,37.84,34.54,71.17,610.04,78.96,0.1389,running,normal,1,0,0.0752353298212213,LOW,No critical resource condition identified,Continue monitoring
2026-11-24 12:00:00,Azure,azure-disk-3121,database,29.96,21.37,41.25,418.05,527.52,0.115,running,normal,1,0,0.0947425978830898,LOW,No critical resource condition identified,Continue monitoring
2026-11-24 15:00:00,GCP,gcp-function-3122,compute,40.43,33.17,16.21,562.46,471.42,0.1462,running,normal,1,0,0.0935010024368819,LOW,No critical resource condition identified,Continue monitoring
2026-11-24 18:00:00,AWS,aws-ebs-3123,serverless,20.24,32.24,48.67,497.22,139.39,0.083,running,normal,1,0,0.0776577877527214,LOW,No critical resource condition identified,Continue monitoring
2026-11-24 21:00:00,Azure,azure-vm-3124,database,30.36,52.53,52.91,405.06,442.88,0.1144,running,normal,1,0,0.1390760501576897,LOW,No critical resource condition identified,Continue monitoring
2026-11-25 00:00:00,GCP,gcp-ce-3125,database,72.09,65.17,70.01,121.34,248.21,0.193,running,normal,1,0,0.0665522061808422,LOW,No critical resource condition identified,Continue monitoring
2026-11-25 03:00:00,AWS,aws-ec2-3126,serverless,58.41,56.81,55.12,445.76,207.99,0.1356,running,normal,1,0,0.1241996383834356,LOW,No critical resource condition identified,Continue monitoring
2026-11-25 06:00:00,Azure,azure-disk-3127,compute,11.39,57.88,56.38,588.22,578.51,0.1029,running,normal,1,0,0.0757102272251248,LOW,No critical resource condition identified,Continue monitoring
2026-11-25 09:00:00,GCP,gcp-sql-3128,compute,59.79,12.15,50.56,617.78,542.54,0.1632,running,normal,1,0,0.0783271586620161,LOW,No critical resource condition identified,Continue monitoring
2026-11-25 12:00:00,AWS,aws-ec2-3129,storage,74.04,55.95,74.69,238.57,119.39,0.2198,running,normal,1,0,0.0269887940453114,LOW,No critical resource condition identified,Continue monitoring
2026-11-25 15:00:00,Azure,azure-function-3130,serverless,54.49,63.91,69.57,490.21,231.31,0.1879,running,normal,1,0,0.1284913591157065,LOW,No critical resource condition identified,Continue monitoring
2026-11-25 18:00:00,GCP,gcp-sql-3131,database,70.54,5.23,68.69,335.86,512.88,0.1646,running,normal,1,0,0.0348659913442987,LOW,No critical resource condition identified,Continue monitoring
2026-11-25 21:00:00,AWS,aws-ebs-3132,storage,43.44,62.85,91.71,208.58,20.0,0.1438,running,normal,1,0,0.0173715367883398,HIGH,Storage utilization exceeds 90%,Review storage usage and increase capacity if required
2026-11-26 00:00:00,Azure,azure-function-3133,serverless,28.32,65.7,20.37,531.14,502.15,0.1505,running,normal,1,0,0.1011328511674471,LOW,No critical resource condition identified,Continue monitoring
2026-11-26 03:00:00,GCP,gcp-sql-3134,compute,98.95,93.63,57.73,1577.49,1285.35,0.1303,running,high_cpu_and_traffic,-1,1,-0.1699041309170408,HIGH,High CPU and network traffic,Investigate workload and consider scaling resources
2026-11-26 06:00:00,AWS,aws-ebs-3135,serverless,55.75,47.6,76.53,769.13,560.11,0.1818,running,normal,1,0,0.0991267903537584,LOW,No critical resource condition identified,Continue monitoring
2026-11-26 09:00:00,Azure,azure-vm-3136,storage,36.37,37.84,33.93,448.85,474.09,0.1121,running,normal,1,0,0.1246670116908584,LOW,No critical resource condition identified,Continue monitoring
2026-11-26 12:00:00,GCP,gcp-disk-3137,storage,56.59,49.53,97.26,227.07,254.11,0.1632,running,storage_pressure,1,0,0.0564332009712701,HIGH,Storage utilization is critically high,Clean up unused storage or increase storage capacity
2026-11-26 15:00:00,AWS,aws-lambda-3138,serverless,40.74,77.21,58.89,420.74,235.87,0.1553,running,normal,1,0,0.1215125646751404,LOW,No critical resource condition identified,Continue monitoring
2026-11-26 18:00:00,Azure,azure-vm-3139,compute,55.18,56.98,40.6,358.0,727.52,0.1717,running,normal,1,0,0.0929043764837587,LOW,No critical resource condition identified,Continue monitoring
2026-11-26 21:00:00,GCP,gcp-sql-3140,database,38.64,66.92,36.48,715.95,398.83,0.1804,running,normal,1,0,0.1142422269711156,LOW,No critical resource condition identified,Continue monitoring
2026-11-27 00:00:00,AWS,aws-rds-3141,compute,46.64,58.69,44.42,502.64,494.16,0.1455,running,normal,1,0,0.1510181406308225,LOW,No critical resource condition identified,Continue monitoring
2026-11-27 03:00:00,Azure,azure-sql-3142,storage,36.54,57.32,37.9,89.09,362.16,0.1237,running,normal,1,0,0.0977722591036208,LOW,No critical resource condition identified,Continue monitoring
2026-11-27 06:00:00,GCP,gcp-ce-3143,storage,5.85,36.06,55.07,196.4,525.23,0.0978,running,normal,1,0,0.0587830775950181,LOW,No critical resource condition identified,Continue monitoring
2026-11-27 09:00:00,AWS,aws-ec2-3144,database,3.41,64.65,88.05,773.22,368.8,0.0933,running,normal,-1,1,-0.0009116012630489,LOW,No critical resource condition identified,Continue monitoring
2026-11-27 12:00:00,Azure,azure-vm-3145,serverless,53.61,55.45,49.86,635.13,570.51,0.171,running,normal,1,0,0.139821159316279,LOW,No critical resource condition identified,Continue monitoring
2026-11-27 15:00:00,GCP,gcp-function-3146,compute,38.77,30.32,56.38,389.54,363.61,0.1397,running,normal,1,0,0.1416914814457786,LOW,No critical resource condition identified,Continue monitoring
2026-11-27 18:00:00,AWS,aws-ec2-3147,compute,75.36,63.29,39.68,383.17,526.14,0.2149,running,normal,1,0,0.0904448075274604,LOW,No critical resource condition identified,Continue monitoring
2026-11-27 21:00:00,Azure,azure-sql-3148,compute,67.63,71.26,78.85,822.46,676.79,0.2236,running,normal,1,0,0.0233360430005153,LOW,No critical resource condition identified,Continue monitoring
2026-11-28 00:00:00,GCP,gcp-disk-3149,serverless,45.2,59.34,48.87,110.12,354.14,0.1642,running,normal,1,0,0.1206698140302268,LOW,No critical resource condition identified,Continue monitoring
2026-11-28 03:00:00,AWS,aws-ec2-3150,database,52.77,70.12,82.25,381.99,429.4,0.1847,running,normal,1,0,0.1153373482435471,LOW,No critical resource condition identified,Continue monitoring
2026-11-28 06:00:00,Azure,azure-disk-3151,serverless,70.65,8.04,56.36,537.73,362.36,0.1264,running,normal,1,0,0.0518112150553353,LOW,No critical resource condition identified,Continue monitoring
2026-11-28 09:00:00,GCP,gcp-sql-3152,serverless,75.2,56.76,32.09,80.52,494.5,0.2102,running,normal,1,0,0.0492042349740151,LOW,No critical resource condition identified,Continue monitoring
2026-11-28 12:00:00,AWS,aws-ebs-3153,storage,38.73,69.21,67.85,154.99,176.77,0.1806,running,normal,1,0,0.0822882775645068,LOW,No critical resource condition identified,Continue monitoring
2026-11-28 15:00:00,Azure,azure-sql-3154,serverless,16.73,53.74,25.15,392.99,392.44,0.1124,running,normal,1,0,0.09684187963335,LOW,No critical resource condition identified,Continue monitoring
2026-11-28 18:00:00,GCP,gcp-sql-3155,compute,36.38,29.65,55.78,743.67,335.49,0.1426,running,normal,1,0,0.1131278377076464,LOW,No critical resource condition identified,Continue monitoring
2026-11-28 21:00:00,AWS,aws-ec2-3156,database,24.09,50.19,45.67,559.46,684.49,0.1253,running,normal,1,0,0.0885600264878645,LOW,No critical resource condition identified,Continue monitoring
2026-11-29 00:00:00,Azure,azure-disk-3157,compute,50.39,53.63,44.85,717.79,421.79,0.1697,running,normal,1,0,0.1386081314681546,LOW,No critical resource condition identified,Continue monitoring
2026-11-29 03:00:00,GCP,gcp-sql-3158,database,50.93,54.42,26.81,442.01,376.98,0.1569,running,normal,1,0,0.1362565749690041,LOW,No critical resource condition identified,Continue monitoring
2026-11-29 06:00:00,AWS,aws-ebs-3159,compute,40.94,39.36,30.77,426.6,547.92,0.1455,running,normal,1,0,0.1266217798377974,LOW,No critical resource condition identified,Continue monitoring
2026-11-29 09:00:00,Azure,azure-function-3160,serverless,69.56,58.83,53.2,564.94,374.72,0.203,running,normal,1,0,0.1279126390460186,LOW,No critical resource condition identified,Continue monitoring
2026-11-29 12:00:00,GCP,gcp-disk-3161,serverless,51.17,56.24,42.25,636.45,284.54,0.1436,running,normal,1,0,0.1293621290491212,LOW,No critical resource condition identified,Continue monitoring
2026-11-29 15:00:00,AWS,aws-rds-3162,compute,51.08,36.46,67.69,623.48,252.0,0.1412,running,normal,1,0,0.112382768270288,LOW,No critical resource condition identified,Continue monitoring
2026-11-29 18:00:00,Azure,azure-disk-3163,compute,4.97,7.64,5.0,351.27,574.99,0.1509,running,underutilized,-1,1,-0.0365709232004269,MEDIUM,Resource has very low CPU and memory utilization,Consider right-sizing or reducing allocated capacity
2026-11-29 21:00:00,GCP,gcp-disk-3164,serverless,32.94,33.35,39.46,521.2,372.89,0.1107,running,normal,1,0,0.1213611282011433,LOW,No critical resource condition identified,Continue monitoring
2026-11-30 00:00:00,AWS,aws-lambda-3165,serverless,27.01,37.27,60.87,408.54,119.44,0.1263,running,normal,1,0,0.1020315474770945,LOW,No critical resource condition identified,Continue monitoring
2026-11-30 03:00:00,Azure,azure-function-3166,storage,38.42,35.74,61.54,383.1,388.36,0.1288,running,normal,1,0,0.1389730751752002,LOW,No critical resource condition identified,Continue monitoring
2026-11-30 06:00:00,GCP,gcp-ce-3167,serverless,56.92,36.55,51.84,625.34,408.92,0.1887,running,normal,1,0,0.1336546028574251,LOW,No critical resource condition identified,Continue monitoring
2026-11-30 09:00:00,AWS,aws-ebs-3168,storage,34.51,32.19,5.0,674.67,343.44,0.141,running,normal,1,0,0.0471258467323263,LOW,No critical resource condition identified,Continue monitoring
2026-11-30 12:00:00,Azure,azure-disk-3169,storage,28.25,81.4,46.6,331.15,232.77,0.1466,running,normal,1,0,0.0902806097653782,LOW,No critical resource condition identified,Continue monitoring
2026-11-30 15:00:00,GCP,gcp-ce-3170,serverless,48.27,78.59,75.92,510.14,844.18,0.1887,running,normal,1,0,0.0348075503607449,LOW,No critical resource condition identified,Continue monitoring
2026-11-30 18:00:00,AWS,aws-lambda-3171,compute,61.25,45.53,57.23,880.22,552.3,0.1941,running,normal,1,0,0.0918104437926943,LOW,No critical resource condition identified,Continue monitoring
2026-11-30 21:00:00,Azure,azure-function-3172,database,26.86,65.97,65.24,417.67,666.17,0.1676,running,normal,1,0,0.101520408225502,LOW,No critical resource condition identified,Continue monitoring
2026-12-01 00:00:00,GCP,gcp-sql-3173,database,34.41,45.1,26.44,363.9,383.3,0.1077,running,normal,1,0,0.1131268067997077,LOW,No critical resource condition identified,Continue monitoring
2026-12-01 03:00:00,AWS,aws-rds-3174,database,44.86,5.0,42.94,199.19,302.46,0.1331,running,normal,1,0,0.055149503772565,LOW,No critical resource condition identified,Continue monitoring
2026-12-01 06:00:00,Azure,azure-function-3175,serverless,59.93,37.37,32.43,815.83,460.54,0.1893,running,normal,1,0,0.0854231576860748,LOW,No critical resource condition identified,Continue monitoring
2026-12-01 09:00:00,GCP,gcp-sql-3176,storage,67.75,84.3,14.33,443.64,393.09,0.2094,running,normal,1,0,0.0299063085336412,LOW,No critical resource condition identified,Continue monitoring
2026-12-01 12:00:00,AWS,aws-rds-3177,storage,79.66,69.8,75.29,234.15,271.03,0.2046,running,normal,1,0,0.0422031922790697,LOW,No critical resource condition identified,Continue monitoring
2026-12-01 15:00:00,Azure,azure-function-3178,storage,28.12,29.82,98.0,424.4,484.78,0.0971,running,normal,1,0,0.0336585580007302,HIGH,Storage utilization exceeds 90%,Review storage usage and increase capacity if required
2026-12-01 18:00:00,GCP,gcp-ce-3179,compute,27.38,36.84,52.38,307.25,643.84,0.1271,running,normal,1,0,0.0976864504013631,LOW,No critical resource condition identified,Continue monitoring
2026-12-01 21:00:00,AWS,aws-ebs-3180,compute,37.92,39.37,65.92,20.0,517.57,0.1184,running,normal,1,0,0.0757600646306502,LOW,No critical resource condition identified,Continue monitoring
2026-12-02 00:00:00,Azure,azure-disk-3181,compute,35.44,67.21,53.58,518.94,359.91,0.15,running,normal,1,0,0.1498061127020089,LOW,No critical resource condition identified,Continue monitoring
2026-12-02 03:00:00,GCP,gcp-disk-3182,database,36.01,31.17,36.31,626.67,588.59,0.1416,running,normal,1,0,0.1065226792361595,LOW,No critical resource condition identified,Continue monitoring
2026-12-02 06:00:00,AWS,aws-ebs-3183,database,68.46,53.12,87.6,212.23,509.57,0.1743,running,normal,1,0,0.0710013863903125,LOW,No critical resource condition identified,Continue monitoring
2026-12-02 09:00:00,Azure,azure-sql-3184,database,77.42,58.99,39.92,361.61,359.97,0.2001,running,normal,1,0,0.0989913711740824,LOW,No critical resource condition identified,Continue monitoring
2026-12-02 12:00:00,GCP,gcp-ce-3185,storage,18.06,50.69,49.25,309.37,470.12,0.1351,running,normal,1,0,0.124930282539389,LOW,No critical resource condition identified,Continue monitoring
2026-12-02 15:00:00,AWS,aws-ec2-3186,compute,32.07,50.66,32.69,493.1,452.71,0.1519,running,normal,1,0,0.1421475465929038,LOW,No critical resource condition identified,Continue monitoring
2026-12-02 18:00:00,Azure,azure-function-3187,serverless,29.52,25.66,58.4,720.09,396.03,0.0942,running,normal,1,0,0.0871747662646209,LOW,No critical resource condition identified,Continue monitoring
2026-12-02 21:00:00,GCP,gcp-disk-3188,compute,48.08,28.98,48.32,573.64,480.48,0.1362,running,normal,1,0,0.130589622094159,LOW,No critical resource condition identified,Continue monitoring
2026-12-03 00:00:00,AWS,aws-lambda-3189,compute,74.95,66.11,92.6,239.68,444.45,0.2016,running,storage_pressure,1,0,0.0350370260236467,HIGH,Storage utilization is critically high,Clean up unused storage or increase storage capacity
2026-12-03 03:00:00,Azure,azure-function-3190,database,47.93,45.2,97.93,556.97,215.73,0.1305,running,normal,1,0,0.0575370314137796,HIGH,Storage utilization exceeds 90%,Review storage usage and increase capacity if required
2026-12-03 06:00:00,GCP,gcp-function-3191,compute,68.97,55.07,8.35,266.5,291.95,0.1953,running,normal,1,0,0.0408565223983818,LOW,No critical resource condition identified,Continue monitoring
2026-12-03 09:00:00,AWS,aws-ec2-3192,compute,20.95,50.11,55.4,713.07,439.29,0.1123,running,normal,1,0,0.1067960506534912,LOW,No critical resource condition identified,Continue monitoring
2026-12-03 12:00:00,Azure,azure-function-3193,storage,58.92,38.97,49.82,305.77,451.56,0.1768,running,normal,1,0,0.1302866270293709,LOW,No critical resource condition identified,Continue monitoring
2026-12-03 15:00:00,GCP,gcp-ce-3194,serverless,51.42,35.15,17.64,513.58,382.77,0.1512,running,normal,1,0,0.1034284922103728,LOW,No critical resource condition identified,Continue monitoring
2026-12-03 18:00:00,AWS,aws-lambda-3195,serverless,42.1,29.79,35.23,555.29,421.82,0.1283,running,normal,1,0,0.1257604814897077,LOW,No critical resource condition identified,Continue monitoring
2026-12-03 21:00:00,Azure,azure-sql-3196,compute,41.01,63.55,65.59,393.69,551.94,0.1633,running,normal,1,0,0.1443391666851318,LOW,No critical resource condition identified,Continue monitoring
2026-12-04 00:00:00,GCP,gcp-function-3197,compute,27.52,33.5,41.63,470.58,424.84,0.1203,running,normal,1,0,0.1300220334247289,LOW,No critical resource condition identified,Continue monitoring
2026-12-04 03:00:00,AWS,aws-rds-3198,storage,77.57,43.64,34.73,326.64,413.67,0.1882,running,normal,1,0,0.0882103758924847,LOW,No critical resource condition identified,Continue monitoring
2026-12-04 06:00:00,Azure,azure-function-3199,serverless,63.36,73.07,80.0,490.73,241.46,0.1916,running,normal,1,0,0.0861419977334569,LOW,No critical resource condition identified,Continue monitoring
2026-12-04 09:00:00,GCP,gcp-disk-3200,database,49.59,59.7,87.17,435.04,182.75,0.1627,running,normal,1,0,0.0941174023539566,LOW,No critical resource condition identified,Continue monitoring
2026-12-04 12:00:00,AWS,aws-ebs-3201,database,51.19,28.14,50.61,567.28,627.16,0.1578,running,normal,1,0,0.1161507191955241,LOW,No critical resource condition identified,Continue monitoring
2026-12-04 15:00:00,Azure,azure-vm-3202,serverless,39.52,74.26,20.57,377.43,580.55,0.1647,running,normal,1,0,0.082071667798771,LOW,No critical resource condition identified,Continue monitoring
2026-12-04 18:00:00,GCP,gcp-disk-3203,storage,47.11,69.55,66.48,452.06,574.78,0.182,running,normal,1,0,0.1341890864038772,LOW,No critical resource condition identified,Continue monitoring
2026-12-04 21:00:00,AWS,aws-ec2-3204,database,60.46,31.49,82.77,489.64,20.0,0.181,running,normal,1,0,0.0345813459313286,LOW,No critical resource condition identified,Continue monitoring
2026-12-05 00:00:00,Azure,azure-vm-3205,serverless,34.1,57.91,30.23,346.16,311.54,0.1362,running,normal,1,0,0.1284595898822151,LOW,No critical resource condition identified,Continue monitoring
2026-12-05 03:00:00,GCP,gcp-ce-3206,storage,49.88,57.07,60.21,433.24,236.75,0.191,running,normal,1,0,0.1458132289948369,LOW,No critical resource condition identified,Continue monitoring
2026-12-05 06:00:00,AWS,aws-lambda-3207,serverless,63.62,41.71,5.0,228.76,501.84,0.1719,running,normal,1,0,0.0329803074760842,LOW,No critical resource condition identified,Continue monitoring
2026-12-05 09:00:00,Azure,azure-disk-3208,database,69.77,5.08,47.74,255.28,284.1,0.1623,running,normal,1,0,0.0392616298986008,LOW,No critical resource condition identified,Continue monitoring
2026-12-05 12:00:00,GCP,gcp-disk-3209,database,48.34,65.7,39.95,714.1,195.41,0.1515,running,normal,1,0,0.0996121186132721,LOW,No critical resource condition identified,Continue monitoring
2026-12-05 15:00:00,AWS,aws-ec2-3210,storage,51.06,32.4,19.8,518.36,531.83,0.1693,running,normal,1,0,0.1031397984686772,LOW,No critical resource condition identified,Continue monitoring
2026-12-05 18:00:00,Azure,azure-disk-3211,database,49.97,58.94,38.5,479.66,199.74,0.1563,running,normal,1,0,0.1339999562915895,LOW,No critical resource condition identified,Continue monitoring
2026-12-05 21:00:00,GCP,gcp-sql-3212,serverless,65.73,61.9,49.59,436.46,168.38,0.1777,running,normal,1,0,0.1118707478099519,LOW,No critical resource condition identified,Continue monitoring
2026-12-06 00:00:00,AWS,aws-rds-3213,compute,62.01,63.26,71.65,463.01,242.73,0.187,running,normal,1,0,0.1202749296785044,LOW,No critical resource condition identified,Continue monitoring
2026-12-06 03:00:00,Azure,azure-sql-3214,storage,38.54,48.23,61.87,316.6,554.24,0.1236,running,normal,1,0,0.1320894838166622,LOW,No critical resource condition identified,Continue monitoring
2026-12-06 06:00:00,GCP,gcp-sql-3215,database,59.89,25.26,17.38,585.01,337.45,0.1571,running,normal,1,0,0.0710770701742753,LOW,No critical resource condition identified,Continue monitoring
2026-12-06 09:00:00,AWS,aws-lambda-3216,storage,50.39,54.33,24.61,540.27,241.25,0.1548,running,normal,1,0,0.1199017994608153,LOW,No critical resource condition identified,Continue monitoring
2026-12-06 12:00:00,Azure,azure-sql-3217,storage,64.16,54.08,39.16,469.65,416.58,0.1882,running,normal,1,0,0.1343550838464833,LOW,No critical resource condition identified,Continue monitoring
2026-12-06 15:00:00,GCP,gcp-disk-3218,compute,46.92,18.41,59.51,251.51,588.42,0.0952,running,normal,1,0,0.0495261302741536,LOW,No critical resource condition identified,Continue monitoring
2026-12-06 18:00:00,AWS,aws-ebs-3219,serverless,23.4,55.38,60.37,398.99,542.82,0.1163,running,normal,1,0,0.1227392341957804,LOW,No critical resource condition identified,Continue monitoring
2026-12-06 21:00:00,Azure,azure-disk-3220,compute,35.31,15.18,47.51,429.3,572.51,0.0959,running,normal,1,0,0.0714377238180929,LOW,No critical resource condition identified,Continue monitoring
2026-12-07 00:00:00,GCP,gcp-function-3221,database,50.28,59.89,57.07,532.42,691.37,0.1792,running,normal,1,0,0.1156136274751873,LOW,No critical resource condition identified,Continue monitoring
2026-12-07 03:00:00,AWS,aws-rds-3222,serverless,34.8,48.02,55.4,302.16,318.35,0.1402,running,normal,1,0,0.145218610173908,LOW,No critical resource condition identified,Continue monitoring
2026-12-07 06:00:00,Azure,azure-function-3223,serverless,27.25,32.19,86.12,174.56,395.73,0.1358,running,normal,1,0,0.073346219848656,LOW,No critical resource condition identified,Continue monitoring
2026-12-07 09:00:00,GCP,gcp-function-3224,compute,56.74,49.87,45.39,68.52,348.94,0.1668,running,normal,1,0,0.1040080775045071,LOW,No critical resource condition identified,Continue monitoring
2026-12-07 12:00:00,AWS,aws-lambda-3225,compute,50.06,61.34,71.3,547.29,386.23,0.1716,running,normal,1,0,0.1508455023541751,LOW,No critical resource condition identified,Continue monitoring
2026-12-07 15:00:00,Azure,azure-sql-3226,storage,41.93,61.25,27.82,476.43,648.33,0.161,running,normal,1,0,0.1012186012021474,LOW,No critical resource condition identified,Continue monitoring
2026-12-07 18:00:00,GCP,gcp-function-3227,serverless,43.98,52.1,41.77,93.5,540.83,0.1832,running,normal,1,0,0.098923679688324,LOW,No critical resource condition identified,Continue monitoring
2026-12-07 21:00:00,AWS,aws-ebs-3228,storage,41.71,70.84,47.21,498.1,149.57,0.1543,running,normal,1,0,0.1117664217295096,LOW,No critical resource condition identified,Continue monitoring
2026-12-08 00:00:00,Azure,azure-sql-3229,compute,61.83,21.57,18.44,555.14,280.51,0.1701,running,normal,1,0,0.0577626400401623,LOW,No critical resource condition identified,Continue monitoring
2026-12-08 03:00:00,GCP,gcp-sql-3230,database,44.38,58.65,27.38,95.98,427.4,0.1619,running,normal,1,0,0.0980244041536191,LOW,No critical resource condition identified,Continue monitoring
2026-12-08 06:00:00,AWS,aws-rds-3231,compute,58.96,58.74,74.45,440.03,123.22,0.1757,running,normal,1,0,0.0876446282400328,LOW,No critical resource condition identified,Continue monitoring
2026-12-08 09:00:00,Azure,azure-vm-3232,storage,17.41,44.38,65.36,431.26,351.08,0.1359,running,normal,1,0,0.1269278139310086,LOW,No critical resource condition identified,Continue monitoring
2026-12-08 12:00:00,GCP,gcp-ce-3233,storage,63.38,45.95,47.34,443.44,429.11,0.1704,running,normal,1,0,0.1450492964221001,LOW,No critical resource condition identified,Continue monitoring
2026-12-08 15:00:00,AWS,aws-ebs-3234,compute,39.18,44.41,5.0,467.58,315.61,0.112,running,normal,1,0,0.05378788687049,LOW,No critical resource condition identified,Continue monitoring
2026-12-08 18:00:00,Azure,azure-sql-3235,storage,67.95,40.29,61.36,698.91,299.51,0.1834,running,normal,1,0,0.1071771347164021,LOW,No critical resource condition identified,Continue monitoring
2026-12-08 21:00:00,GCP,gcp-disk-3236,compute,51.73,42.67,61.74,442.86,106.86,0.1474,running,normal,1,0,0.1131960993120263,LOW,No critical resource condition identified,Continue monitoring
2026-12-09 00:00:00,AWS,aws-lambda-3237,storage,28.5,58.61,48.9,225.36,321.19,0.1399,running,normal,1,0,0.1291548196476113,LOW,No critical resource condition identified,Continue monitoring
2026-12-09 03:00:00,Azure,azure-function-3238,serverless,25.25,85.12,47.8,466.46,281.7,0.1542,running,normal,1,0,0.0881089567674313,LOW,No critical resource condition identified,Continue monitoring
2026-12-09 06:00:00,GCP,gcp-sql-3239,database,64.17,50.52,27.48,327.02,221.15,0.1809,running,normal,1,0,0.0992000859337234,LOW,No critical resource condition identified,Continue monitoring
2026-12-09 09:00:00,AWS,aws-ec2-3240,serverless,39.46,35.79,55.11,227.14,218.54,0.1402,running,normal,1,0,0.1152604935801225,LOW,No critical resource condition identified,Continue monitoring
2026-12-09 12:00:00,Azure,azure-vm-3241,compute,39.65,46.96,62.52,479.79,281.11,0.1316,running,normal,1,0,0.1435640145272792,LOW,No critical resource condition identified,Continue monitoring
2026-12-09 15:00:00,GCP,gcp-function-3242,storage,44.36,47.76,48.93,443.48,275.14,0.1657,running,normal,1,0,0.1531786820733522,LOW,No critical resource condition identified,Continue monitoring
2026-12-09 18:00:00,AWS,aws-ebs-3243,storage,7.91,46.13,26.01,273.78,787.55,0.1037,running,normal,-1,1,-0.0040929660325591,LOW,No critical resource condition identified,Continue monitoring
2026-12-09 21:00:00,Azure,azure-sql-3244,compute,2.77,5.05,80.13,602.4,406.61,0.1853,running,underutilized,1,0,0.0072841750965977,MEDIUM,Resource has very low CPU and memory utilization,Consider right-sizing or reducing allocated capacity
2026-12-10 00:00:00,GCP,gcp-sql-3245,database,76.32,28.31,70.85,383.72,603.15,0.1819,running,normal,1,0,0.0552498005954771,LOW,No critical resource condition identified,Continue monitoring
2026-12-10 03:00:00,AWS,aws-ebs-3246,compute,13.85,81.3,29.14,465.1,231.61,0.1097,running,normal,1,0,0.0402605159905178,LOW,No critical resource condition identified,Continue monitoring
2026-12-10 06:00:00,Azure,azure-sql-3247,database,23.96,49.36,18.36,472.59,379.63,0.0853,running,normal,1,0,0.0724976413190877,LOW,No critical resource condition identified,Continue monitoring
2026-12-10 09:00:00,GCP,gcp-function-3248,serverless,25.86,59.21,56.65,266.81,398.03,0.1418,running,normal,1,0,0.1314776144041273,LOW,No critical resource condition identified,Continue monitoring
2026-12-10 12:00:00,AWS,aws-ebs-3249,database,65.7,34.56,57.18,255.75,374.25,0.1755,running,normal,1,0,0.115230510424995,LOW,No critical resource condition identified,Continue monitoring
2026-12-10 15:00:00,Azure,azure-disk-3250,storage,52.73,54.07,37.55,251.18,500.55,0.1625,running,normal,1,0,0.1293767071207193,LOW,No critical resource condition identified,Continue monitoring
2026-12-10 18:00:00,GCP,gcp-sql-3251,serverless,36.95,69.31,36.11,664.28,611.41,0.1821,running,normal,1,0,0.0910742235379806,LOW,No critical resource condition identified,Continue monitoring
2026-12-10 21:00:00,AWS,aws-rds-3252,storage,47.73,54.34,47.56,246.64,607.21,0.1536,running,normal,1,0,0.1213585997591179,LOW,No critical resource condition identified,Continue monitoring
2026-12-11 00:00:00,Azure,azure-disk-3253,compute,55.86,37.54,41.18,20.0,381.37,0.1639,running,normal,1,0,0.0933834398655049,LOW,No critical resource condition identified,Continue monitoring
2026-12-11 03:00:00,GCP,gcp-sql-3254,database,39.64,71.88,46.91,784.42,308.68,0.1721,running,normal,1,0,0.1013824399299722,LOW,No critical resource condition identified,Continue monitoring
2026-12-11 06:00:00,AWS,aws-ec2-3255,storage,48.23,88.31,39.6,724.96,418.88,0.2084,running,normal,1,0,0.0629537928250933,LOW,No critical resource condition identified,Continue monitoring
2026-12-11 09:00:00,Azure,azure-disk-3256,serverless,25.76,54.63,17.63,433.07,575.3,0.1407,running,normal,1,0,0.0881786310580504,LOW,No critical resource condition identified,Continue monitoring
2026-12-11 12:00:00,GCP,gcp-function-3257,serverless,53.95,78.46,28.72,827.53,398.96,0.1688,running,normal,1,0,0.0716890870500857,LOW,No critical resource condition identified,Continue monitoring
2026-12-11 15:00:00,AWS,aws-ec2-3258,database,47.33,76.68,24.04,471.33,401.08,0.1776,running,normal,1,0,0.1089068739158249,LOW,No critical resource condition identified,Continue monitoring
2026-12-11 18:00:00,Azure,azure-disk-3259,storage,48.14,55.45,53.05,667.08,207.8,0.1369,running,normal,1,0,0.1236868243209916,LOW,No critical resource condition identified,Continue monitoring
2026-12-11 21:00:00,GCP,gcp-function-3260,database,38.17,38.98,35.33,187.51,308.88,0.1381,running,normal,1,0,0.1176148310486036,LOW,No critical resource condition identified,Continue monitoring
2026-12-12 00:00:00,AWS,aws-ebs-3261,storage,36.07,66.25,37.83,70.46,450.66,0.159,running,normal,1,0,0.0967663793383903,LOW,No critical resource condition identified,Continue monitoring
2026-12-12 03:00:00,Azure,azure-sql-3262,database,29.69,62.07,82.9,456.61,363.76,0.139,running,normal,1,0,0.1169117522314269,LOW,No critical resource condition identified,Continue monitoring
2026-12-12 06:00:00,GCP,gcp-disk-3263,compute,1.71,6.38,34.92,344.97,409.86,0.5704,stopped,stopped_with_cost,-1,1,-0.0767697765970961,HIGH,Resource is stopped but still generating cost,Investigate billing and remove or right-size unused resources
2026-12-12 09:00:00,AWS,aws-rds-3264,storage,10.39,33.55,53.25,466.74,659.91,0.1094,running,normal,1,0,0.0705120501862446,LOW,No critical resource condition identified,Continue monitoring
2026-12-12 12:00:00,Azure,azure-vm-3265,compute,64.78,33.87,67.37,399.16,168.32,0.1745,running,normal,1,0,0.0960032449628879,LOW,No critical resource condition identified,Continue monitoring
2026-12-12 15:00:00,GCP,gcp-function-3266,serverless,73.13,20.19,24.06,423.59,340.68,0.1611,running,normal,1,0,0.0575274404707574,LOW,No critical resource condition identified,Continue monitoring
2026-12-12 18:00:00,AWS,aws-ebs-3267,storage,38.54,55.01,34.65,430.92,296.71,0.1283,running,normal,1,0,0.1391794436499525,LOW,No critical resource condition identified,Continue monitoring
2026-12-12 21:00:00,Azure,azure-sql-3268,compute,64.16,55.97,35.17,398.35,569.12,0.1561,running,normal,1,0,0.11811704587958,LOW,No critical resource condition identified,Continue monitoring
2026-12-13 00:00:00,GCP,gcp-ce-3269,compute,24.51,57.62,55.54,188.22,413.92,0.1156,running,normal,1,0,0.1104357746629604,LOW,No critical resource condition identified,Continue monitoring
2026-12-13 03:00:00,AWS,aws-lambda-3270,storage,52.18,51.31,53.78,238.31,395.08,0.15,running,normal,1,0,0.1401447047655014,LOW,No critical resource condition identified,Continue monitoring
2026-12-13 06:00:00,Azure,azure-disk-3271,compute,57.25,80.84,41.4,351.18,343.42,0.1704,running,normal,1,0,0.1107009241315162,LOW,No critical resource condition identified,Continue monitoring
2026-12-13 09:00:00,GCP,gcp-sql-3272,compute,19.89,30.65,45.97,375.8,541.7,0.1036,running,normal,1,0,0.0953714226654778,LOW,No critical resource condition identified,Continue monitoring
2026-12-13 12:00:00,AWS,aws-lambda-3273,compute,58.12,24.6,53.05,321.29,281.37,0.177,running,normal,1,0,0.1147159838933721,LOW,No critical resource condition identified,Continue monitoring
2026-12-13 15:00:00,Azure,azure-disk-3274,storage,46.53,65.74,33.97,354.45,505.07,0.1468,running,normal,1,0,0.1337694009998256,LOW,No critical resource condition identified,Continue monitoring
2026-12-13 18:00:00,GCP,gcp-ce-3275,database,40.58,21.22,26.87,683.58,567.11,0.1501,running,normal,1,0,0.0662516477033305,LOW,No critical resource condition identified,Continue monitoring
2026-12-13 21:00:00,AWS,aws-ec2-3276,compute,51.12,62.88,32.01,345.79,218.98,0.1931,running,normal,1,0,0.1140679741179612,LOW,No critical resource condition identified,Continue monitoring
2026-12-14 00:00:00,Azure,azure-disk-3277,database,46.51,69.9,28.95,660.29,195.4,0.1903,running,normal,1,0,0.0842505711865506,LOW,No critical resource condition identified,Continue monitoring
2026-12-14 03:00:00,GCP,gcp-ce-3278,compute,74.26,62.55,56.42,261.29,282.43,0.2225,running,normal,1,0,0.0877726460662481,LOW,No critical resource condition identified,Continue monitoring
2026-12-14 06:00:00,AWS,aws-rds-3279,storage,46.33,44.93,63.33,496.68,372.81,0.1316,running,normal,1,0,0.146666559740037,LOW,No critical resource condition identified,Continue monitoring
2026-12-14 09:00:00,Azure,azure-function-3280,serverless,34.09,71.23,52.88,497.41,541.42,0.1689,running,normal,1,0,0.1306008308672263,LOW,No critical resource condition identified,Continue monitoring
2026-12-14 12:00:00,GCP,gcp-disk-3281,storage,80.71,36.79,62.92,434.91,472.75,0.2171,running,normal,1,0,0.0657716428198099,LOW,No critical resource condition identified,Continue monitoring
2026-12-14 15:00:00,AWS,aws-ebs-3282,serverless,49.78,38.46,73.16,578.01,330.47,0.1702,running,normal,1,0,0.1317958619616042,LOW,No critical resource condition identified,Continue monitoring
2026-12-14 18:00:00,Azure,azure-vm-3283,serverless,37.27,63.52,38.41,586.53,495.11,0.1527,running,normal,1,0,0.1362010550710468,LOW,No critical resource condition identified,Continue monitoring
2026-12-14 21:00:00,GCP,gcp-disk-3284,serverless,19.64,65.41,5.01,718.53,416.28,0.1131,running,normal,1,0,0.0017441431036581,LOW,No critical resource condition identified,Continue monitoring
2026-12-15 00:00:00,AWS,aws-ebs-3285,serverless,51.89,26.12,58.04,395.13,323.94,0.1508,running,normal,1,0,0.1341509067193752,LOW,No critical resource condition identified,Continue monitoring
2026-12-15 03:00:00,Azure,azure-sql-3286,storage,33.59,49.46,35.29,479.34,275.47,0.1287,running,normal,1,0,0.1326710138447865,LOW,No critical resource condition identified,Continue monitoring
2026-12-15 06:00:00,GCP,gcp-disk-3287,serverless,4.58,6.75,45.86,345.64,430.61,0.9796,stopped,stopped_with_cost,-1,1,-0.1155888405358384,HIGH,Resource is stopped but still generating cost,Investigate billing and remove or right-size unused resources
2026-12-15 09:00:00,AWS,aws-ebs-3288,serverless,51.87,51.32,34.15,594.43,356.77,0.145,running,normal,1,0,0.1366019894997053,LOW,No critical resource condition identified,Continue monitoring
2026-12-15 12:00:00,Azure,azure-sql-3289,storage,30.27,47.87,46.57,439.94,597.54,0.1148,running,normal,1,0,0.1145592343251772,LOW,No critical resource condition identified,Continue monitoring
2026-12-15 15:00:00,GCP,gcp-function-3290,serverless,55.44,52.3,13.48,259.82,316.12,0.1814,running,normal,1,0,0.0838831053908174,LOW,No critical resource condition identified,Continue monitoring
2026-12-15 18:00:00,AWS,aws-ebs-3291,storage,47.97,58.51,56.85,272.88,144.32,0.1652,running,normal,1,0,0.1133338657182927,LOW,No critical resource condition identified,Continue monitoring
2026-12-15 21:00:00,Azure,azure-vm-3292,database,24.4,42.26,55.88,408.03,625.15,0.1349,running,normal,1,0,0.1066712746868299,LOW,No critical resource condition identified,Continue monitoring
2026-12-16 00:00:00,GCP,gcp-sql-3293,serverless,32.54,40.14,33.07,484.35,433.83,0.1042,running,normal,1,0,0.1162568024258449,LOW,No critical resource condition identified,Continue monitoring
2026-12-16 03:00:00,AWS,aws-ec2-3294,storage,51.44,63.41,32.66,676.6,377.31,0.2016,running,normal,1,0,0.1166600181856871,LOW,No critical resource condition identified,Continue monitoring
2026-12-16 06:00:00,Azure,azure-vm-3295,storage,28.73,95.88,28.96,640.19,342.02,0.1802,running,normal,1,0,0.017688023309712,LOW,No critical resource condition identified,Continue monitoring
2026-12-16 09:00:00,GCP,gcp-function-3296,database,2.0,95.14,49.46,20.0,448.42,0.1288,running,normal,-1,1,-0.0449307766511765,LOW,No critical resource condition identified,Continue monitoring
2026-12-16 12:00:00,AWS,aws-rds-3297,database,44.64,71.65,50.0,713.38,581.0,0.1767,running,normal,1,0,0.1091262958842345,LOW,No critical resource condition identified,Continue monitoring
2026-12-16 15:00:00,Azure,azure-disk-3298,database,20.76,45.92,58.53,460.78,501.51,0.1301,running,normal,1,0,0.1265607730160755,LOW,No critical resource condition identified,Continue monitoring
2026-12-16 18:00:00,GCP,gcp-sql-3299,serverless,54.36,90.24,18.2,537.71,693.12,0.1907,running,normal,1,0,0.0137015191567581,LOW,No critical resource condition identified,Continue monitoring
2026-12-16 21:00:00,AWS,aws-rds-3300,storage,18.42,62.82,42.57,439.12,348.01,0.1433,running,normal,1,0,0.126498168686251,LOW,No critical resource condition identified,Continue monitoring
2026-12-17 00:00:00,Azure,azure-vm-3301,compute,36.97,43.86,26.41,365.02,418.83,0.1423,running,normal,1,0,0.1252979845608752,LOW,No critical resource condition identified,Continue monitoring
2026-12-17 03:00:00,GCP,gcp-sql-3302,storage,36.46,31.8,53.89,428.87,386.51,0.1304,running,normal,1,0,0.1476027628725073,LOW,No critical resource condition identified,Continue monitoring
2026-12-17 06:00:00,AWS,aws-ebs-3303,storage,41.93,35.58,35.74,602.69,332.23,0.1199,running,normal,1,0,0.1175175593028805,LOW,No critical resource condition identified,Continue monitoring
2026-12-17 09:00:00,Azure,azure-sql-3304,serverless,45.63,58.84,48.06,20.0,462.48,0.1751,running,normal,1,0,0.1011680636307867,LOW,No critical resource condition identified,Continue monitoring
2026-12-17 12:00:00,GCP,gcp-ce-3305,serverless,83.29,26.13,26.43,590.74,472.45,0.1983,running,normal,1,0,0.0281167677792679,LOW,No critical resource condition identified,Continue monitoring
2026-12-17 15:00:00,AWS,aws-lambda-3306,storage,44.29,21.82,72.65,489.47,578.4,0.1438,running,normal,1,0,0.0997632317841878,LOW,No critical resource condition identified,Continue monitoring
2026-12-17 18:00:00,Azure,azure-vm-3307,database,45.29,62.96,41.92,594.47,20.0,0.1595,running,normal,1,0,0.0688467700519978,LOW,No critical resource condition identified,Continue monitoring
2026-12-17 21:00:00,GCP,gcp-disk-3308,storage,29.22,66.31,37.91,486.05,394.05,0.152,running,normal,1,0,0.1365545468869407,LOW,No critical resource condition identified,Continue monitoring
2026-12-18 00:00:00,AWS,aws-ec2-3309,serverless,60.15,52.61,37.88,424.52,354.63,0.1864,running,normal,1,0,0.1376830565674094,LOW,No critical resource condition identified,Continue monitoring
2026-12-18 03:00:00,Azure,azure-sql-3310,compute,41.0,22.53,44.31,450.24,689.35,0.1526,running,normal,1,0,0.0940690618502394,LOW,No critical resource condition identified,Continue monitoring
2026-12-18 06:00:00,GCP,gcp-function-3311,database,48.95,45.85,44.67,386.29,699.63,0.1556,running,normal,1,0,0.1166892581515618,LOW,No critical resource condition identified,Continue monitoring
2026-12-18 09:00:00,AWS,aws-ebs-3312,compute,59.82,71.32,26.96,357.86,472.24,0.1937,running,normal,1,0,0.1062767181526595,LOW,No critical resource condition identified,Continue monitoring
2026-12-18 12:00:00,Azure,azure-disk-3313,storage,33.41,44.83,85.27,329.45,830.65,0.1578,running,normal,1,0,0.0348997449052119,LOW,No critical resource condition identified,Continue monitoring
2026-12-18 15:00:00,GCP,gcp-sql-3314,serverless,61.37,60.87,5.61,197.17,457.22,0.1818,running,normal,1,0,0.0332380144802673,LOW,No critical resource condition identified,Continue monitoring
2026-12-18 18:00:00,AWS,aws-lambda-3315,serverless,29.09,41.81,35.06,541.83,124.89,0.113,running,normal,1,0,0.0850142416098975,LOW,No critical resource condition identified,Continue monitoring
2026-12-18 21:00:00,Azure,azure-disk-3316,serverless,58.01,63.34,33.45,546.0,370.37,0.2064,running,normal,1,0,0.1246788714900474,LOW,No critical resource condition identified,Continue monitoring
2026-12-19 00:00:00,GCP,gcp-ce-3317,storage,61.1,41.74,42.52,510.47,172.05,0.1698,running,normal,1,0,0.1133646287728333,LOW,No critical resource condition identified,Continue monitoring
2026-12-19 03:00:00,AWS,aws-lambda-3318,serverless,4.12,7.23,28.05,337.41,378.24,1.0966,stopped,stopped_with_cost,-1,1,-0.1308433829434213,HIGH,Resource is stopped but still generating cost,Investigate billing and remove or right-size unused resources
2026-12-19 06:00:00,Azure,azure-disk-3319,database,58.19,54.33,11.81,646.11,419.15,0.1923,running,normal,1,0,0.0605369949722135,LOW,No critical resource condition identified,Continue monitoring
2026-12-19 09:00:00,GCP,gcp-function-3320,compute,3.98,33.0,58.35,683.62,448.32,0.0692,running,normal,1,0,0.0449586623177197,LOW,No critical resource condition identified,Continue monitoring
2026-12-19 12:00:00,AWS,aws-ebs-3321,serverless,21.41,87.83,85.52,834.25,460.91,0.1532,running,normal,1,0,0.0030065718208837,LOW,No critical resource condition identified,Continue monitoring
2026-12-19 15:00:00,Azure,azure-sql-3322,storage,6.95,15.41,42.32,310.98,598.54,0.113,running,underutilized,1,0,0.0368845471576746,MEDIUM,Resource has very low CPU and memory utilization,Consider right-sizing or reducing allocated capacity
2026-12-19 18:00:00,GCP,gcp-function-3323,compute,51.92,31.69,68.46,677.43,100.74,0.1752,running,normal,1,0,0.0729925255737262,LOW,No critical resource condition identified,Continue monitoring
2026-12-19 21:00:00,AWS,aws-rds-3324,serverless,46.4,48.91,43.87,271.34,483.81,0.1495,running,normal,1,0,0.1365715637012081,LOW,No critical resource condition identified,Continue monitoring
2026-12-20 00:00:00,Azure,azure-vm-3325,storage,21.74,40.56,57.7,322.0,556.07,0.1108,running,normal,1,0,0.1025281918230603,LOW,No critical resource condition identified,Continue monitoring
2026-12-20 03:00:00,GCP,gcp-sql-3326,compute,70.11,25.32,81.13,622.83,396.53,0.1936,running,normal,1,0,0.0626509055043704,LOW,No critical resource condition identified,Continue monitoring
2026-12-20 06:00:00,AWS,aws-lambda-3327,serverless,35.25,67.4,33.85,440.75,508.66,0.1715,running,normal,1,0,0.1322735296160103,LOW,No critical resource condition identified,Continue monitoring
2026-12-20 09:00:00,Azure,azure-disk-3328,serverless,27.32,11.29,33.04,600.24,398.05,0.092,running,normal,1,0,0.0487474469315292,LOW,No critical resource condition identified,Continue monitoring
2026-12-20 12:00:00,GCP,gcp-sql-3329,serverless,56.19,20.99,45.95,472.37,181.54,0.1235,running,normal,1,0,0.0913482813589544,LOW,No critical resource condition identified,Continue monitoring
2026-12-20 15:00:00,AWS,aws-lambda-3330,serverless,45.22,39.99,36.05,378.87,447.76,0.165,running,normal,1,0,0.1415459659337624,LOW,No critical resource condition identified,Continue monitoring
2026-12-20 18:00:00,Azure,azure-vm-3331,compute,7.25,6.72,71.71,314.08,551.09,0.1406,running,underutilized,1,0,0.026475678393089,MEDIUM,Resource has very low CPU and memory utilization,Consider right-sizing or reducing allocated capacity
2026-12-20 21:00:00,GCP,gcp-function-3332,database,52.86,78.55,28.56,484.14,536.94,0.1881,running,normal,1,0,0.1028744590633644,LOW,No critical resource condition identified,Continue monitoring
2026-12-21 00:00:00,AWS,aws-ec2-3333,database,42.91,32.12,50.53,450.54,501.74,0.1296,running,normal,1,0,0.1369140465134944,LOW,No critical resource condition identified,Continue monitoring
2026-12-21 03:00:00,Azure,azure-function-3334,compute,70.15,61.32,84.95,549.96,483.09,0.2151,running,normal,1,0,0.0911178731401669,LOW,No critical resource condition identified,Continue monitoring
2026-12-21 06:00:00,GCP,gcp-sql-3335,compute,25.47,64.41,53.31,415.07,116.33,0.1073,running,normal,1,0,0.0824174162251729,LOW,No critical resource condition identified,Continue monitoring
2026-12-21 09:00:00,AWS,aws-ebs-3336,serverless,38.81,62.86,36.38,465.02,228.81,0.1569,running,normal,1,0,0.1314741222332738,LOW,No critical resource condition identified,Continue monitoring
2026-12-21 12:00:00,Azure,azure-sql-3337,storage,31.47,27.19,58.18,479.52,392.05,0.1145,running,normal,1,0,0.1278021525035592,LOW,No critical resource condition identified,Continue monitoring
2026-12-21 15:00:00,GCP,gcp-disk-3338,serverless,7.58,9.66,46.82,415.85,729.71,0.1321,running,underutilized,1,0,0.0079949419457149,MEDIUM,Resource has very low CPU and memory utilization,Consider right-sizing or reducing allocated capacity
2026-12-21 18:00:00,AWS,aws-rds-3339,storage,69.11,47.35,98.0,515.27,203.37,0.183,running,normal,1,0,0.0423779551503986,HIGH,Storage utilization exceeds 90%,Review storage usage and increase capacity if required
2026-12-21 21:00:00,Azure,azure-sql-3340,compute,43.93,62.94,41.1,412.07,248.85,0.1854,running,normal,1,0,0.1377705379300244,LOW,No critical resource condition identified,Continue monitoring
2026-12-22 00:00:00,GCP,gcp-ce-3341,storage,53.64,49.75,22.92,270.22,483.6,0.1536,running,normal,1,0,0.1096273605082079,LOW,No critical resource condition identified,Continue monitoring
2026-12-22 03:00:00,AWS,aws-lambda-3342,serverless,29.3,61.36,43.97,405.03,408.36,0.1222,running,normal,1,0,0.1382032710912624,LOW,No critical resource condition identified,Continue monitoring
2026-12-22 06:00:00,Azure,azure-disk-3343,serverless,24.4,62.85,41.85,189.1,310.56,0.1284,running,normal,1,0,0.1004845783231122,LOW,No critical resource condition identified,Continue monitoring
2026-12-22 09:00:00,GCP,gcp-sql-3344,database,55.33,93.23,71.01,155.45,342.36,0.1935,running,normal,1,0,0.0318734800340703,LOW,No critical resource condition identified,Continue monitoring
2026-12-22 12:00:00,AWS,aws-ec2-3345,database,35.44,27.6,35.95,348.31,349.92,0.1014,running,normal,1,0,0.108320907195047,LOW,No critical resource condition identified,Continue monitoring
2026-12-22 15:00:00,Azure,azure-sql-3346,serverless,18.92,50.47,16.69,691.61,658.26,0.1249,running,normal,1,0,0.0250560292761455,LOW,No critical resource condition identified,Continue monitoring
2026-12-22 18:00:00,GCP,gcp-ce-3347,compute,41.62,38.04,38.93,430.77,619.28,0.1582,running,normal,1,0,0.1228484298763417,LOW,No critical resource condition identified,Continue monitoring
2026-12-22 21:00:00,AWS,aws-rds-3348,storage,24.23,36.14,49.21,233.8,448.64,0.121,running,normal,1,0,0.1105168141002509,LOW,No critical resource condition identified,Continue monitoring
2026-12-23 00:00:00,Azure,azure-vm-3349,serverless,11.41,74.0,16.65,422.51,498.97,0.1301,running,normal,1,0,0.0461068474564249,LOW,No critical resource condition identified,Continue monitoring
2026-12-23 03:00:00,GCP,gcp-ce-3350,storage,50.17,59.2,25.86,520.67,157.56,0.1755,running,normal,1,0,0.1040166102073124,LOW,No critical resource condition identified,Continue monitoring
2026-12-23 06:00:00,AWS,aws-ec2-3351,compute,43.43,70.89,52.84,342.16,457.53,0.2,running,normal,1,0,0.1339879771610717,LOW,No critical resource condition identified,Continue monitoring
2026-12-23 09:00:00,Azure,azure-function-3352,compute,2.18,5.98,61.6,290.56,400.43,0.7959,stopped,stopped_with_cost,-1,1,-0.1072159748398189,HIGH,Resource is stopped but still generating cost,Investigate billing and remove or right-size unused resources
2026-12-23 12:00:00,GCP,gcp-disk-3353,compute,67.96,45.19,62.49,373.76,183.13,0.2181,running,normal,1,0,0.0889456916550243,LOW,No critical resource condition identified,Continue monitoring
2026-12-23 15:00:00,AWS,aws-ebs-3354,database,99.18,86.88,46.21,1770.69,1204.74,0.177,running,high_cpu_and_traffic,-1,1,-0.1650102962350551,HIGH,High CPU and network traffic,Investigate workload and consider scaling resources
2026-12-23 18:00:00,Azure,azure-function-3355,storage,33.76,31.93,65.2,421.22,499.37,0.1043,running,normal,1,0,0.1166130223075374,LOW,No critical resource condition identified,Continue monitoring
2026-12-23 21:00:00,GCP,gcp-ce-3356,storage,43.54,58.42,62.82,209.34,668.45,0.1668,running,normal,1,0,0.0942902626206921,LOW,No critical resource condition identified,Continue monitoring
2026-12-24 00:00:00,AWS,aws-ec2-3357,compute,1.02,11.17,57.65,454.8,239.56,0.1887,running,underutilized,1,0,0.03995746583331,MEDIUM,Resource has very low CPU and memory utilization,Consider right-sizing or reducing allocated capacity
2026-12-24 03:00:00,Azure,azure-vm-3358,storage,61.68,98.0,55.69,471.55,291.33,0.2094,running,normal,1,0,0.050415464660877,LOW,No critical resource condition identified,Continue monitoring
2026-12-24 06:00:00,GCP,gcp-sql-3359,compute,22.2,66.25,47.14,473.05,393.22,0.1544,running,normal,1,0,0.1349838731847777,LOW,No critical resource condition identified,Continue monitoring
2026-12-24 09:00:00,AWS,aws-ec2-3360,compute,28.82,66.63,28.51,170.12,479.74,0.1578,running,normal,1,0,0.0927126005913704,LOW,No critical resource condition identified,Continue monitoring
2026-12-24 12:00:00,Azure,azure-vm-3361,database,37.52,63.0,69.9,402.68,235.58,0.1276,running,normal,1,0,0.1197818249981941,LOW,No critical resource condition identified,Continue monitoring
2026-12-24 15:00:00,GCP,gcp-function-3362,compute,51.7,63.99,37.97,420.08,559.85,0.1662,running,normal,1,0,0.1399094460871566,LOW,No critical resource condition identified,Continue monitoring
2026-12-24 18:00:00,AWS,aws-lambda-3363,serverless,68.0,78.99,46.02,321.82,570.26,0.188,running,normal,1,0,0.089172691002039,LOW,No critical resource condition identified,Continue monitoring
2026-12-24 21:00:00,Azure,azure-function-3364,storage,68.29,75.11,29.15,480.18,308.7,0.2039,running,normal,1,0,0.0883621351385535,LOW,No critical resource condition identified,Continue monitoring
2026-12-25 00:00:00,GCP,gcp-function-3365,database,48.49,67.23,78.3,501.96,418.84,0.1583,running,normal,1,0,0.1366507810140476,LOW,No critical resource condition identified,Continue monitoring
2026-12-25 03:00:00,AWS,aws-ec2-3366,storage,47.45,51.53,99.84,588.92,543.29,0.1892,running,storage_pressure,1,0,0.0750620703996068,HIGH,Storage utilization is critically high,Clean up unused storage or increase storage capacity
2026-12-25 06:00:00,Azure,azure-function-3367,serverless,97.06,90.82,49.71,1535.34,1456.13,0.1332,running,high_cpu_and_traffic,-1,1,-0.1720021072618537,HIGH,High CPU and network traffic,Investigate workload and consider scaling resources
2026-12-25 09:00:00,GCP,gcp-ce-3368,database,55.26,36.62,11.29,781.27,548.32,0.197,running,normal,1,0,0.03238411614508,LOW,No critical resource condition identified,Continue monitoring
2026-12-25 12:00:00,AWS,aws-rds-3369,serverless,51.65,46.65,58.24,350.42,228.92,0.1514,running,normal,1,0,0.1389194356289066,LOW,No critical resource condition identified,Continue monitoring
2026-12-25 15:00:00,Azure,azure-vm-3370,serverless,23.1,60.64,39.7,537.39,558.38,0.142,running,normal,1,0,0.1203257369283807,LOW,No critical resource condition identified,Continue monitoring
2026-12-25 18:00:00,GCP,gcp-ce-3371,compute,58.36,50.48,47.57,517.32,350.08,0.1508,running,normal,1,0,0.145710333268479,LOW,No critical resource condition identified,Continue monitoring
2026-12-25 21:00:00,AWS,aws-lambda-3372,storage,3.58,59.19,83.13,247.03,388.27,0.0927,running,normal,1,0,0.0312911372747689,LOW,No critical resource condition identified,Continue monitoring
2026-12-26 00:00:00,Azure,azure-disk-3373,storage,29.19,56.16,94.05,337.55,398.22,0.1411,running,normal,1,0,0.0821849522291139,HIGH,Storage utilization exceeds 90%,Review storage usage and increase capacity if required
2026-12-26 03:00:00,GCP,gcp-ce-3374,compute,36.49,25.0,37.5,567.54,272.29,0.1261,running,normal,1,0,0.1042279027820759,LOW,No critical resource condition identified,Continue monitoring
2026-12-26 06:00:00,AWS,aws-ebs-3375,storage,34.85,56.28,62.05,353.02,424.28,0.1386,running,normal,1,0,0.1531732457070112,LOW,No critical resource condition identified,Continue monitoring
2026-12-26 09:00:00,Azure,azure-disk-3376,database,38.28,58.61,39.75,532.33,475.41,0.19,running,normal,1,0,0.1449257520052515,LOW,No critical resource condition identified,Continue monitoring
2026-12-26 12:00:00,GCP,gcp-sql-3377,serverless,33.35,31.41,38.87,569.72,517.99,0.1313,running,normal,1,0,0.1167667692634498,LOW,No critical resource condition identified,Continue monitoring
2026-12-26 15:00:00,AWS,aws-lambda-3378,serverless,28.5,39.98,22.1,694.41,693.94,0.1035,running,normal,1,0,0.0208826745587646,LOW,No critical resource condition identified,Continue monitoring
2026-12-26 18:00:00,Azure,azure-disk-3379,compute,48.76,39.33,68.45,523.89,565.46,0.1453,running,normal,1,0,0.1294223179838147,LOW,No critical resource condition identified,Continue monitoring
2026-12-26 21:00:00,GCP,gcp-function-3380,database,27.67,68.98,5.47,365.66,301.45,0.135,running,normal,1,0,0.0414196736901413,LOW,No critical resource condition identified,Continue monitoring
2026-12-27 00:00:00,AWS,aws-ebs-3381,database,56.52,63.59,44.57,829.57,621.93,0.19,running,normal,1,0,0.0877159767927387,LOW,No critical resource condition identified,Continue monitoring
2026-12-27 03:00:00,Azure,azure-sql-3382,compute,94.02,84.21,32.21,1237.5,1264.45,0.1572,running,high_cpu_and_traffic,-1,1,-0.1365281293179948,HIGH,High CPU and network traffic,Investigate workload and consider scaling resources
2026-12-27 06:00:00,GCP,gcp-disk-3383,serverless,50.52,67.61,73.28,569.27,285.86,0.1718,running,normal,1,0,0.1322215620829293,LOW,No critical resource condition identified,Continue monitoring
2026-12-27 09:00:00,AWS,aws-ec2-3384,database,48.26,34.52,46.17,578.95,402.38,0.1418,running,normal,1,0,0.1421452877526181,LOW,No critical resource condition identified,Continue monitoring
2026-12-27 12:00:00,Azure,azure-disk-3385,serverless,57.02,59.61,56.82,237.05,443.58,0.1929,running,normal,1,0,0.1282359228710916,LOW,No critical resource condition identified,Continue monitoring
2026-12-27 15:00:00,GCP,gcp-sql-3386,database,54.81,64.9,49.02,609.59,165.65,0.1801,running,normal,1,0,0.1143221701882981,LOW,No critical resource condition identified,Continue monitoring
2026-12-27 18:00:00,AWS,aws-ec2-3387,compute,64.72,47.17,37.05,154.97,356.33,0.1828,running,normal,1,0,0.1018302133778052,LOW,No critical resource condition identified,Continue monitoring
2026-12-27 21:00:00,Azure,azure-disk-3388,database,66.16,32.46,45.58,347.61,466.76,0.1729,running,normal,1,0,0.1202763232317869,LOW,No critical resource condition identified,Continue monitoring
2026-12-28 00:00:00,GCP,gcp-sql-3389,serverless,52.16,39.62,57.22,800.13,505.01,0.1802,running,normal,1,0,0.1182337375803537,LOW,No critical resource condition identified,Continue monitoring
2026-12-28 03:00:00,AWS,aws-rds-3390,compute,40.18,37.76,47.55,469.55,300.1,0.1387,running,normal,1,0,0.1455990717130903,LOW,No critical resource condition identified,Continue monitoring
2026-12-28 06:00:00,Azure,azure-vm-3391,database,49.1,56.77,67.59,549.89,399.03,0.1367,running,normal,1,0,0.1459870653149735,LOW,No critical resource condition identified,Continue monitoring
2026-12-28 09:00:00,GCP,gcp-sql-3392,database,1.98,8.57,74.66,781.62,252.61,0.8257,stopped,stopped_with_cost,-1,1,-0.1334049250696503,HIGH,Resource is stopped but still generating cost,Investigate billing and remove or right-size unused resources
2026-12-28 12:00:00,AWS,aws-lambda-3393,storage,22.86,32.1,35.12,411.79,511.04,0.1035,running,normal,1,0,0.0944029667716671,LOW,No critical resource condition identified,Continue monitoring
2026-12-28 15:00:00,Azure,azure-function-3394,compute,27.79,38.25,61.56,627.85,466.37,0.1513,running,normal,1,0,0.1274624771417675,LOW,No critical resource condition identified,Continue monitoring
2026-12-28 18:00:00,GCP,gcp-sql-3395,storage,9.43,51.75,36.58,699.09,554.34,0.0868,running,normal,1,0,0.0464585200958547,LOW,No critical resource condition identified,Continue monitoring
2026-12-28 21:00:00,AWS,aws-ebs-3396,compute,39.16,48.59,75.84,95.13,471.26,0.1553,running,normal,1,0,0.1003926315622624,LOW,No critical resource condition identified,Continue monitoring
2026-12-29 00:00:00,Azure,azure-function-3397,compute,46.86,35.89,31.82,578.15,298.29,0.1237,running,normal,1,0,0.1173905315668199,LOW,No critical resource condition identified,Continue monitoring
2026-12-29 03:00:00,GCP,gcp-function-3398,serverless,23.42,51.29,63.35,453.63,229.4,0.127,running,normal,1,0,0.1256258566713384,LOW,No critical resource condition identified,Continue monitoring
2026-12-29 06:00:00,AWS,aws-ebs-3399,compute,70.95,31.9,65.16,496.17,215.66,0.1804,running,normal,1,0,0.0951142272333278,LOW,No critical resource condition identified,Continue monitoring
2026-12-29 09:00:00,Azure,azure-vm-3400,serverless,26.76,50.25,57.83,138.62,128.73,0.118,running,normal,1,0,0.0856781026894675,LOW,No critical resource condition identified,Continue monitoring
2026-12-29 12:00:00,GCP,gcp-function-3401,storage,51.98,69.57,43.63,460.77,491.43,0.1893,running,normal,1,0,0.1443289464643127,LOW,No critical resource condition identified,Continue monitoring
2026-12-29 15:00:00,AWS,aws-ebs-3402,compute,37.87,34.51,77.34,564.21,222.44,0.1269,running,normal,1,0,0.0993902568047873,LOW,No critical resource condition identified,Continue monitoring
2026-12-29 18:00:00,Azure,azure-disk-3403,compute,60.33,74.9,72.32,482.47,600.16,0.1942,running,normal,1,0,0.1014410881974218,LOW,No critical resource condition identified,Continue monitoring
2026-12-29 21:00:00,GCP,gcp-sql-3404,database,65.64,43.48,57.99,547.82,251.39,0.1649,running,normal,1,0,0.1236156640725149,LOW,No critical resource condition identified,Continue monitoring
2026-12-30 00:00:00,AWS,aws-ec2-3405,storage,12.03,43.47,74.2,228.22,600.62,0.0825,running,normal,1,0,0.0369555592686284,LOW,No critical resource condition identified,Continue monitoring
2026-12-30 03:00:00,Azure,azure-disk-3406,compute,78.72,38.48,13.34,197.65,549.11,0.1735,running,normal,1,0,0.0131723755127222,LOW,No critical resource condition identified,Continue monitoring
2026-12-30 06:00:00,GCP,gcp-function-3407,database,44.42,55.35,31.98,474.82,209.11,0.1748,running,normal,1,0,0.1310915352275279,LOW,No critical resource condition identified,Continue monitoring
2026-12-30 09:00:00,AWS,aws-lambda-3408,storage,26.37,40.4,40.52,986.64,397.69,0.1172,running,normal,1,0,0.051752103682686,LOW,No critical resource condition identified,Continue monitoring
2026-12-30 12:00:00,Azure,azure-function-3409,database,42.07,83.32,54.72,612.61,254.41,0.1741,running,normal,1,0,0.0964691395051334,LOW,No critical resource condition identified,Continue monitoring
2026-12-30 15:00:00,GCP,gcp-ce-3410,serverless,52.2,61.08,58.86,422.81,574.55,0.1732,running,normal,1,0,0.1426219777796245,LOW,No critical resource condition identified,Continue monitoring
2026-12-30 18:00:00,AWS,aws-lambda-3411,database,25.07,19.35,30.64,519.7,605.37,0.0957,running,normal,1,0,0.0346657073401781,LOW,No critical resource condition identified,Continue monitoring
2026-12-30 21:00:00,Azure,azure-sql-3412,serverless,42.92,34.7,87.03,422.95,186.88,0.1712,running,normal,1,0,0.0851492518073079,LOW,No critical resource condition identified,Continue monitoring
2026-12-31 00:00:00,GCP,gcp-sql-3413,compute,75.27,61.06,67.5,459.78,517.4,0.2108,running,normal,1,0,0.0967948515645392,LOW,No critical resource condition identified,Continue monitoring
2026-12-31 03:00:00,AWS,aws-ebs-3414,storage,37.86,59.08,58.04,597.4,502.34,0.186,running,normal,1,0,0.1439675826759254,LOW,No critical resource condition identified,Continue monitoring
2026-12-31 06:00:00,Azure,azure-disk-3415,database,53.16,75.43,29.0,812.56,276.06,0.2054,running,normal,1,0,0.0649713588836382,LOW,No critical resource condition identified,Continue monitoring
2026-12-31 09:00:00,GCP,gcp-sql-3416,database,2.32,9.18,22.23,190.3,585.55,0.217,stopped,stopped_with_cost,-1,1,-0.0427191604146812,HIGH,Resource is stopped but still generating cost,Investigate billing and remove or right-size unused resources
2026-12-31 12:00:00,AWS,aws-ebs-3417,compute,98.16,82.99,22.92,1395.78,1149.51,0.1652,running,high_cpu_and_traffic,-1,1,-0.1418583417414955,HIGH,High CPU and network traffic,Investigate workload and consider scaling resources
2026-12-31 15:00:00,Azure,azure-function-3418,serverless,30.01,51.61,29.27,234.68,37.98,0.1243,running,normal,1,0,0.0533448963430055,LOW,No critical resource condition identified,Continue monitoring
2026-12-31 18:00:00,GCP,gcp-function-3419,serverless,57.5,37.0,26.3,437.79,267.42,0.1627,running,normal,1,0,0.1097738570146068,LOW,No critical resource condition identified,Continue monitoring
2026-12-31 21:00:00,AWS,aws-ec2-3420,storage,38.76,49.79,80.7,485.97,480.71,0.1379,running,normal,1,0,0.1283657635631125,LOW,No critical resource condition identified,Continue monitoring
2027-01-01 00:00:00,Azure,azure-sql-3421,serverless,45.53,61.68,38.0,378.35,322.17,0.1541,running,normal,1,0,0.1445665987417911,LOW,No critical resource condition identified,Continue monitoring
2027-01-01 03:00:00,GCP,gcp-disk-3422,database,71.96,98.0,36.64,502.92,566.08,0.2337,running,normal,-1,1,-0.0073064056620668,LOW,No critical resource condition identified,Continue monitoring
2027-01-01 06:00:00,AWS,aws-ec2-3423,database,57.35,55.74,77.01,588.64,392.33,0.1656,running,normal,1,0,0.1308656202682831,LOW,No critical resource condition identified,Continue monitoring
2027-01-01 09:00:00,Azure,azure-vm-3424,compute,57.28,46.64,83.33,421.7,558.0,0.1761,running,normal,1,0,0.1112695048164077,LOW,No critical resource condition identified,Continue monitoring
2027-01-01 12:00:00,GCP,gcp-ce-3425,compute,45.83,46.78,47.69,319.43,181.33,0.1508,running,normal,1,0,0.1321988037056529,LOW,No critical resource condition identified,Continue monitoring
2027-01-01 15:00:00,AWS,aws-lambda-3426,compute,43.4,50.94,48.15,762.89,505.98,0.1928,running,normal,1,0,0.1162523385658597,LOW,No critical resource condition identified,Continue monitoring
2027-01-01 18:00:00,Azure,azure-disk-3427,database,38.1,39.9,90.91,311.73,42.92,0.1155,running,normal,1,0,0.0275940706150793,HIGH,Storage utilization exceeds 90%,Review storage usage and increase capacity if required
2027-01-01 21:00:00,GCP,gcp-function-3428,database,29.54,50.64,7.01,665.27,99.88,0.1282,running,normal,1,0,0.0144593981751448,LOW,No critical resource condition identified,Continue monitoring
2027-01-02 00:00:00,AWS,aws-rds-3429,compute,51.33,71.36,40.77,366.35,466.05,0.1962,running,normal,1,0,0.1325216424083183,LOW,No critical resource condition identified,Continue monitoring
2027-01-02 03:00:00,Azure,azure-disk-3430,serverless,49.19,49.35,56.2,816.29,361.19,0.1613,running,normal,1,0,0.1278465242380665,LOW,No critical resource condition identified,Continue monitoring
2027-01-02 06:00:00,GCP,gcp-disk-3431,compute,6.81,47.57,65.61,355.28,429.87,0.1256,running,normal,1,0,0.104788739182776,LOW,No critical resource condition identified,Continue monitoring
2027-01-02 09:00:00,AWS,aws-ec2-3432,storage,19.62,45.48,31.92,468.61,352.87,0.1297,running,normal,1,0,0.1175839217622931,LOW,No critical resource condition identified,Continue monitoring
2027-01-02 12:00:00,Azure,azure-function-3433,compute,48.91,56.14,50.94,20.0,413.33,0.1547,running,normal,1,0,0.1032655442103967,LOW,No critical resource condition identified,Continue monitoring
2027-01-02 15:00:00,GCP,gcp-disk-3434,compute,49.34,55.64,75.05,657.05,444.05,0.2027,running,normal,1,0,0.1282407714409603,LOW,No critical resource condition identified,Continue monitoring
2027-01-02 18:00:00,AWS,aws-ebs-3435,storage,44.8,43.27,5.0,332.57,454.97,0.1467,running,normal,1,0,0.0731969317874356,LOW,No critical resource condition identified,Continue monitoring
2027-01-02 21:00:00,Azure,azure-vm-3436,serverless,47.22,62.87,35.17,607.29,225.5,0.1602,running,normal,1,0,0.1239905112264938,LOW,No critical resource condition identified,Continue monitoring
2027-01-03 00:00:00,GCP,gcp-sql-3437,compute,33.14,27.44,31.45,474.91,513.05,0.1211,running,normal,1,0,0.102757657936512,LOW,No critical resource condition identified,Continue monitoring
2027-01-03 03:00:00,AWS,aws-rds-3438,storage,31.91,22.17,62.73,595.09,393.53,0.122,running,normal,1,0,0.1092864335987825,LOW,No critical resource condition identified,Continue monitoring
2027-01-03 06:00:00,Azure,azure-sql-3439,serverless,70.08,31.57,41.03,365.81,503.56,0.1563,running,normal,1,0,0.1055170361903857,LOW,No critical resource condition identified,Continue monitoring
2027-01-03 09:00:00,GCP,gcp-disk-3440,storage,76.51,49.27,36.99,568.28,564.89,0.1961,running,normal,1,0,0.0895229565356967,LOW,No critical resource condition identified,Continue monitoring
2027-01-03 12:00:00,AWS,aws-ec2-3441,database,49.7,77.72,21.98,400.97,344.25,0.2104,running,normal,1,0,0.089210332821709,LOW,No critical resource condition identified,Continue monitoring
2027-01-03 15:00:00,Azure,azure-sql-3442,database,61.16,65.66,22.39,575.73,236.86,0.188,running,normal,1,0,0.0878217629840144,LOW,No critical resource condition identified,Continue monitoring
2027-01-03 18:00:00,GCP,gcp-disk-3443,compute,64.84,73.39,12.86,58.01,585.93,0.2169,running,normal,-1,1,-0.0125730953082899,LOW,No critical resource condition identified,Continue monitoring
2027-01-03 21:00:00,AWS,aws-lambda-3444,database,61.07,65.74,41.92,622.05,344.56,0.1972,running,normal,1,0,0.1260141962581318,LOW,No critical resource condition identified,Continue monitoring
2027-01-04 00:00:00,Azure,azure-disk-3445,compute,31.63,90.21,30.16,516.59,492.77,0.169,running,normal,1,0,0.060791554706521,LOW,No critical resource condition identified,Continue monitoring
2027-01-04 03:00:00,GCP,gcp-ce-3446,database,29.34,59.66,37.11,763.32,468.66,0.1359,running,normal,1,0,0.1030188509061347,LOW,No critical resource condition identified,Continue monitoring
2027-01-04 06:00:00,AWS,aws-ec2-3447,database,49.64,45.94,31.46,298.9,789.59,0.1644,running,normal,1,0,0.0722648997661894,LOW,No critical resource condition identified,Continue monitoring
2027-01-04 09:00:00,Azure,azure-function-3448,database,53.48,38.51,26.11,444.17,393.6,0.1515,running,normal,1,0,0.1283134691543274,LOW,No critical resource condition identified,Continue monitoring
2027-01-04 12:00:00,GCP,gcp-ce-3449,database,36.55,39.05,53.53,850.72,613.08,0.1745,running,normal,1,0,0.086737030688391,LOW,No critical resource condition identified,Continue monitoring
2027-01-04 15:00:00,AWS,aws-lambda-3450,database,49.09,67.75,57.15,388.21,515.12,0.1832,running,normal,1,0,0.1449394446784886,LOW,No critical resource condition identified,Continue monitoring
2027-01-04 18:00:00,Azure,azure-disk-3451,serverless,60.7,54.99,57.39,314.74,440.99,0.1787,running,normal,1,0,0.1433721660916217,LOW,No critical resource condition identified,Continue monitoring
2027-01-04 21:00:00,GCP,gcp-ce-3452,database,61.47,56.22,52.89,819.14,475.81,0.2111,running,normal,1,0,0.1029354918802821,LOW,No critical resource condition identified,Continue monitoring
2027-01-05 00:00:00,AWS,aws-lambda-3453,database,96.17,68.46,5.0,1206.98,1494.4,0.1281,running,high_cpu_and_traffic,-1,1,-0.1701217346391184,HIGH,High CPU and network traffic,Investigate workload and consider scaling resources
2027-01-05 03:00:00,Azure,azure-function-3454,database,46.99,43.55,38.72,448.99,615.33,0.1637,running,normal,1,0,0.1301965062297469,LOW,No critical resource condition identified,Continue monitoring
2027-01-05 06:00:00,GCP,gcp-disk-3455,compute,45.5,57.23,51.02,556.16,328.94,0.1446,running,normal,1,0,0.151358141516523,LOW,No critical resource condition identified,Continue monitoring
2027-01-05 09:00:00,AWS,aws-ec2-3456,database,98.9,94.65,39.02,609.01,439.46,0.1815,running,high_utilization,-1,1,-0.0385352418995789,HIGH,CPU and memory utilization are high,Consider scaling or increasing resource capacity
2027-01-05 12:00:00,Azure,azure-disk-3457,database,45.67,51.71,48.2,653.99,260.38,0.1557,running,normal,1,0,0.1389931916441017,LOW,No critical resource condition identified,Continue monitoring
2027-01-05 15:00:00,GCP,gcp-disk-3458,storage,60.46,69.13,35.32,635.42,146.61,0.192,running,normal,1,0,0.0743386971308252,LOW,No critical resource condition identified,Continue monitoring
2027-01-05 18:00:00,AWS,aws-rds-3459,compute,46.49,48.61,40.24,430.43,618.12,0.1509,running,normal,1,0,0.1315418335898271,LOW,No critical resource condition identified,Continue monitoring
2027-01-05 21:00:00,Azure,azure-function-3460,serverless,49.32,60.28,42.16,698.83,487.23,0.1729,running,normal,1,0,0.1338089200685011,LOW,No critical resource condition identified,Continue monitoring
2027-01-06 00:00:00,GCP,gcp-sql-3461,storage,34.82,60.13,64.03,508.07,379.65,0.1443,running,normal,1,0,0.1528959937201705,LOW,No critical resource condition identified,Continue monitoring
2027-01-06 03:00:00,AWS,aws-lambda-3462,database,29.3,33.26,78.27,320.62,443.64,0.1361,running,normal,1,0,0.1118335980411125,LOW,No critical resource condition identified,Continue monitoring
2027-01-06 06:00:00,Azure,azure-disk-3463,compute,26.72,83.66,27.18,350.41,459.6,0.1499,running,normal,1,0,0.0746598965908336,LOW,No critical resource condition identified,Continue monitoring
2027-01-06 09:00:00,GCP,gcp-function-3464,compute,41.21,62.2,61.62,346.96,236.53,0.1565,running,normal,1,0,0.1350453344770311,LOW,No critical resource condition identified,Continue monitoring
2027-01-06 12:00:00,AWS,aws-ebs-3465,serverless,47.83,37.46,26.91,336.05,150.09,0.1489,running,normal,1,0,0.0960240833184147,LOW,No critical resource condition identified,Continue monitoring
2027-01-06 15:00:00,Azure,azure-function-3466,serverless,54.68,67.39,53.04,652.54,621.78,0.1953,running,normal,1,0,0.1137898141068154,LOW,No critical resource condition identified,Continue monitoring
2027-01-06 18:00:00,GCP,gcp-disk-3467,database,27.22,73.08,60.11,573.63,305.49,0.1712,running,normal,1,0,0.1218305110597048,LOW,No critical resource condition identified,Continue monitoring
2027-01-06 21:00:00,AWS,aws-rds-3468,compute,34.67,78.28,25.78,314.8,863.76,0.1823,running,normal,1,0,0.0064225948702841,LOW,No critical resource condition identified,Continue monitoring
2027-01-07 00:00:00,Azure,azure-vm-3469,storage,14.89,51.75,62.56,723.38,96.96,0.0903,running,normal,1,0,0.042376760578569,LOW,No critical resource condition identified,Continue monitoring
2027-01-07 03:00:00,GCP,gcp-ce-3470,storage,60.95,56.71,23.5,68.4,406.22,0.1748,running,normal,1,0,0.0717987318035939,LOW,No critical resource condition identified,Continue monitoring
2027-01-07 06:00:00,AWS,aws-ec2-3471,database,31.53,32.4,75.79,290.42,355.82,0.1156,running,normal,1,0,0.1053796249686353,LOW,No critical resource condition identified,Continue monitoring
2027-01-07 09:00:00,Azure,azure-sql-3472,database,62.61,39.57,44.76,745.76,244.92,0.1862,running,normal,1,0,0.0982438320785292,LOW,No critical resource condition identified,Continue monitoring
2027-01-07 12:00:00,GCP,gcp-function-3473,database,42.88,88.26,47.72,486.73,346.16,0.1839,running,normal,1,0,0.0992984468292512,LOW,No critical resource condition identified,Continue monitoring
2027-01-07 15:00:00,AWS,aws-rds-3474,compute,7.05,59.24,26.43,583.54,399.79,0.1218,running,normal,1,0,0.0671691393265542,LOW,No critical resource condition identified,Continue monitoring
2027-01-07 18:00:00,Azure,azure-disk-3475,compute,38.88,23.32,70.23,157.42,575.57,0.128,running,normal,1,0,0.0695045139804327,LOW,No critical resource condition identified,Continue monitoring
2027-01-07 21:00:00,GCP,gcp-sql-3476,database,50.72,42.79,53.96,581.61,248.85,0.1621,running,normal,1,0,0.1422331160551391,LOW,No critical resource condition identified,Continue monitoring
2027-01-08 00:00:00,AWS,aws-lambda-3477,serverless,55.16,42.48,30.93,440.46,336.65,0.1474,running,normal,1,0,0.1314683408984353,LOW,No critical resource condition identified,Continue monitoring
2027-01-08 03:00:00,Azure,azure-function-3478,serverless,58.3,42.4,67.39,372.12,456.8,0.1661,running,normal,1,0,0.127835883010789,LOW,No critical resource condition identified,Continue monitoring
2027-01-08 06:00:00,GCP,gcp-ce-3479,compute,36.98,27.87,63.32,736.84,665.47,0.1275,running,normal,1,0,0.0659278085944369,LOW,No critical resource condition identified,Continue monitoring
2027-01-08 09:00:00,AWS,aws-lambda-3480,compute,41.83,49.06,28.04,183.65,407.99,0.0909,running,normal,1,0,0.0803763843373933,LOW,No critical resource condition identified,Continue monitoring
2027-01-08 12:00:00,Azure,azure-vm-3481,storage,27.99,64.04,68.95,642.82,344.57,0.1259,running,normal,1,0,0.1144656834968529,LOW,No critical resource condition identified,Continue monitoring
2027-01-08 15:00:00,GCP,gcp-disk-3482,serverless,15.37,75.08,41.39,540.03,114.97,0.1123,running,normal,1,0,0.0489599886482232,LOW,No critical resource condition identified,Continue monitoring
2027-01-08 18:00:00,AWS,aws-ec2-3483,serverless,42.12,60.28,49.27,534.33,346.01,0.156,running,normal,1,0,0.1534746946660102,LOW,No critical resource condition identified,Continue monitoring
2027-01-08 21:00:00,Azure,azure-vm-3484,database,52.78,98.0,81.63,129.82,377.1,0.1916,running,normal,1,0,0.0081080691933398,LOW,No critical resource condition identified,Continue monitoring
2027-01-09 00:00:00,GCP,gcp-sql-3485,database,53.36,7.93,17.73,826.61,408.04,0.1261,running,normal,1,0,0.0006331314322558,LOW,No critical resource condition identified,Continue monitoring
2027-01-09 03:00:00,AWS,aws-ebs-3486,compute,39.9,23.85,32.23,375.06,579.31,0.135,running,normal,1,0,0.0943490223716566,LOW,No critical resource condition identified,Continue monitoring
2027-01-09 06:00:00,Azure,azure-sql-3487,compute,59.81,34.28,33.35,523.37,355.34,0.1645,running,normal,1,0,0.1246207360304664,LOW,No critical resource condition identified,Continue monitoring
2027-01-09 09:00:00,GCP,gcp-sql-3488,serverless,68.5,38.73,12.8,321.93,256.49,0.1878,running,normal,1,0,0.0492193193500289,LOW,No critical resource condition identified,Continue monitoring
2027-01-09 12:00:00,AWS,aws-ec2-3489,database,31.42,23.38,50.69,441.92,526.26,0.1227,running,normal,1,0,0.1138632189794598,LOW,No critical resource condition identified,Continue monitoring
2027-01-09 15:00:00,Azure,azure-sql-3490,storage,33.73,67.08,37.23,157.04,529.28,0.1393,running,normal,1,0,0.1000693769817851,LOW,No critical resource condition identified,Continue monitoring
2027-01-09 18:00:00,GCP,gcp-disk-3491,database,40.01,74.54,21.95,708.16,297.7,0.1722,running,normal,1,0,0.0755770401499119,LOW,No critical resource condition identified,Continue monitoring
2027-01-09 21:00:00,AWS,aws-ec2-3492,storage,31.28,43.34,27.71,803.15,323.02,0.1515,running,normal,1,0,0.0855947856150599,LOW,No critical resource condition identified,Continue monitoring
2027-01-10 00:00:00,Azure,azure-sql-3493,compute,42.56,53.49,59.44,468.08,149.32,0.1217,running,normal,1,0,0.1192514004908425,LOW,No critical resource condition identified,Continue monitoring
2027-01-10 03:00:00,GCP,gcp-ce-3494,serverless,48.52,45.77,51.22,244.81,456.11,0.1565,running,normal,1,0,0.139118085040843,LOW,No critical resource condition identified,Continue monitoring
2027-01-10 06:00:00,AWS,aws-rds-3495,database,69.27,23.02,68.4,490.73,443.16,0.1753,running,normal,1,0,0.0969112956830242,LOW,No critical resource condition identified,Continue monitoring
2027-01-10 09:00:00,Azure,azure-disk-3496,serverless,30.89,38.91,64.34,530.54,155.12,0.1289,running,normal,1,0,0.1116461368355317,LOW,No critical resource condition identified,Continue monitoring
2027-01-10 12:00:00,GCP,gcp-function-3497,serverless,30.5,44.93,37.1,723.4,464.3,0.1544,running,normal,1,0,0.1178667606547252,LOW,No critical resource condition identified,Continue monitoring
2027-01-10 15:00:00,AWS,aws-rds-3498,database,72.04,37.41,73.1,304.65,397.05,0.1901,running,normal,1,0,0.0888585982615867,LOW,No critical resource condition identified,Continue monitoring
2027-01-10 18:00:00,Azure,azure-vm-3499,serverless,29.39,61.01,40.65,198.48,388.64,0.1329,running,normal,1,0,0.1155360274883008,LOW,No critical resource condition identified,Continue monitoring
2027-01-10 21:00:00,GCP,gcp-disk-3500,serverless,53.38,36.17,39.78,617.0,313.09,0.1517,running,normal,1,0,0.1351919946516754,LOW,No critical resource condition identified,Continue monitoring
